CREATE TABLE IF NOT EXISTS `op_communes` (
  `id` int(20) NOT NULL,
  `name` text,
  `district_id` int(20) DEFAULT NULL,
  PRIMARY KEY (`id`),
  KEY `FK_tcommune` (`district_id`)
) ENGINE=InnoDB DEFAULT CHARSET=utf8;

--
-- Dumping data for table `op_communes`
--

INSERT INTO `op_communes` (`id`, `name`, `district_id`) VALUES
(10201, 'Banteay Neang', 102),
(10202, 'Bat Trang', 102),
(10203, 'Chamnaom', 102),
(10204, 'Kouk Ballangk', 102),
(10205, 'Koy Maeng', 102),
(10206, 'Ou Prasat', 102),
(10207, 'Phnum Touch', 102),
(10208, 'Rohat Tuek', 102),
(10209, 'Ruessei Kraok', 102),
(10210, 'Sambuor', 102),
(10211, 'Soea', 102),
(10212, 'Srah Reang', 102),
(10213, 'Ta Lam', 102),
(10301, 'Nam Tau', 103),
(10302, 'Poy Char', 103),
(10303, 'Ponley', 103),
(10304, 'Spean Sraeng', 103),
(10305, 'Srah Chik', 103),
(10306, 'Phnum Dei', 103),
(10401, 'Chnuor Mean Chey', 104),
(10402, 'Chob Vari', 104),
(10403, 'Phnum Lieb', 104),
(10404, 'Prasat', 104),
(10405, 'Preak Netr Preah', 104),
(10406, 'Rohal', 104),
(10407, 'Tean Kam', 104),
(10408, 'Tuek Chour', 104),
(10409, 'Bos Sbov', 104),
(10501, 'Changha', 105),
(10502, 'Koub', 105),
(10503, 'Kuttasat', 105),
(10505, 'Samraong', 105),
(10506, 'Souphi', 105),
(10507, 'Soengh', 105),
(10509, 'Ou Beichoan', 105),
(10602, 'Kampong Svay', 106),
(10603, 'Kaoh Pong Satv', 106),
(10604, 'Mkak', 106),
(10605, 'Ou Ambel', 106),
(10606, 'Phniet', 106),
(10607, 'Preah Ponlea', 106),
(10608, 'Tuek Thla', 106),
(10701, 'Banteay Chhmar', 107),
(10702, 'Kouk Romiet', 107),
(10703, 'Phum Thmei', 107),
(10704, 'Thma Puok', 107),
(10705, 'Kouk Kakthen', 107),
(10706, 'Kumru', 107),
(10801, 'Phkoam', 108),
(10802, 'Sarongk', 108),
(10803, 'Sla Kram', 108),
(10804, 'Svay Chek', 108),
(10805, 'Ta Baen', 108),
(10806, 'Ta Phou', 108),
(10807, 'Treas', 108),
(10808, 'Roluos', 108),
(10901, 'Boeng Beng', 109),
(10902, 'Malai', 109),
(10903, 'Ou Sampoar', 109),
(10904, 'Ou Sralau', 109),
(10905, 'Tuol Pongro', 109),
(10906, 'Ta Kong', 109),
(11001, 'Nimitt', 110),
(11002, 'Paoy Paet', 110),
(11003, 'Phsar Kandal', 110);

-- --------------------------------------------------------

--
-- Table structure for table `op_districts`
--

CREATE TABLE IF NOT EXISTS `op_districts` (
  `id` int(20) NOT NULL,
  `name` text,
  `provinces_id` int(20) DEFAULT NULL,
  PRIMARY KEY (`id`),
  KEY `FK_tdistrict` (`provinces_id`)
) ENGINE=InnoDB DEFAULT CHARSET=utf8;

--
-- Dumping data for table `op_districts`
--

INSERT INTO `op_districts` (`id`, `name`, `provinces_id`) VALUES
(102, 'Mongkol Borei', 1),
(103, 'Phnum Srok', 1),
(104, 'Preah Netr Preah', 1),
(105, 'Ou Chrov', 1),
(106, 'Serei Saophoan', 1),
(107, 'Thma Puok', 1),
(108, 'Svay Chek', 1),
(109, 'Malai', 1),
(110, 'Paoy Paet', 1);

-- --------------------------------------------------------

--
-- Table structure for table `op_provinces`
--

CREATE TABLE IF NOT EXISTS `op_provinces` (
  `id` varchar(20) NOT NULL,
  `name` text,
  PRIMARY KEY (`id`)
) ENGINE=InnoDB DEFAULT CHARSET=utf8;

--
-- Dumping data for table `op_provinces`
--

INSERT INTO `op_provinces` (`id`, `name`) VALUES
('1', 'Banteay Meanchey');

-- --------------------------------------------------------

--
-- Table structure for table `op_villages`
--

CREATE TABLE IF NOT EXISTS `op_villages` (
  `id` int(20) NOT NULL,
  `name` text NOT NULL,
  `commune_id` int(20) NOT NULL
) ENGINE=InnoDB DEFAULT CHARSET=latin1;

--
-- Dumping data for table `op_villages`
--

INSERT INTO `op_villages` (`id`, `name`, `commune_id`) VALUES
(1020101, 'Ou Thum', 10201),
(1020102, 'Phnum', 10201),
(1020103, 'Banteay Neang', 10201),
(1020104, 'Kouk Pnov', 10201),
(1020105, 'Trang', 10201),
(1020106, 'Pongro', 10201),
(1020107, 'Kouk Tonloab', 10201),
(1020108, 'Trabaek', 10201),
(1020109, 'Khilek', 10201),
(1020110, 'Samraong Pen', 10201),
(1020111, 'Dang Run Lech', 10201),
(1020112, 'Dang Run Kaeut', 10201),
(1020113, 'Ou Snguot', 10201),
(1020114, 'Prey Changha Lech', 10201),
(1020115, 'Prey Changha Kaeut', 10201),
(1020116, 'Ou Andoung Lech', 10201),
(1020117, 'Ou Andoung Kandal', 10201),
(1020118, 'Ou Andoung Kaeut', 10201),
(1020119, 'Kouk Kduoch', 10201),
(1020201, 'Khtum Reay Lech', 10202),
(1020202, 'Khtum Reay Kaeut', 10202),
(1020203, 'Anlong Thngan Kaeut', 10202),
(1020204, 'Anlong Thngan Lech', 10202),
(1020205, 'Bang Bat Lech', 10202),
(1020206, 'Bang Bat Kaeut', 10202),
(1020207, 'Bat Trang', 10202),
(1020208, 'Bat Trang Thum Lech', 10202),
(1020209, 'Bat Trang Thum Kaeut', 10202),
(1020210, 'Bat Trang Touch', 10202),
(1020211, 'Preaek Chik', 10202),
(1020301, 'Pralay Char', 10203),
(1020302, 'Rongvean Lech', 10203),
(1020303, 'Rongvean Kaeut', 10203),
(1020304, 'Chamnaom Lech', 10203),
(1020305, 'Chamnaom Kaeut', 10203),
(1020306, 'Roung Kou Daeum', 10203),
(1020307, 'Roung Kou Kandal', 10203),
(1020308, 'Roung Kou Chong', 10203),
(1020309, 'Peam Roung Kou', 10203),
(1020310, 'Ta Sal', 10203),
(1020311, 'Chuor Khchas', 10203),
(1020312, 'Boeng Tras', 10203),
(1020313, 'Dang Trang', 10203),
(1020314, 'Srae Prey', 10203),
(1020315, 'Bos Tonloab', 10203),
(1020316, 'Ta  Bun', 10203),
(1020317, 'Kouk Ponley', 10203),
(1020401, 'Kouk Ballangk', 10204),
(1020402, 'Ta An', 10204),
(1020403, 'Pralay Chrey', 10204),
(1020404, 'Cheung Chab', 10204),
(1020405, 'Phat Sandaong', 10204),
(1020406, 'Char Thmei', 10204),
(1020407, 'Phav Thmei', 10204),
(1020408, 'Ta Sal', 10204),
(1020501, 'Koy Maeng', 10205),
(1020502, 'Sdei Leu', 10205),
(1020503, 'Phlov Siem', 10205),
(1020504, 'Ta Nong', 10205),
(1020505, 'Angkar Khmau', 10205),
(1020506, 'Kasang Thmei', 10205),
(1020507, 'Stueng Chas', 10205),
(1020508, 'Sdei Kraom', 10205),
(1020601, 'Phnum Thum Tboung', 10206),
(1020602, 'Phnum Prasat', 10206),
(1020603, 'Phnum Thum Cheung', 10206),
(1020604, 'Chamkar Louk', 10206),
(1020605, 'Phnum Thum Thmei', 10206),
(1020606, 'Anlong Sdei', 10206),
(1020607, 'Kouk Thlong Kaeut', 10206),
(1020608, 'Kouk Thlong Kandal', 10206),
(1020609, 'Ou Snguot', 10206),
(1020610, 'Ou Prasat', 10206),
(1020611, 'Kouk Ampil', 10206),
(1020612, 'Ra Chamkar Chek', 10206),
(1020613, 'Pou Rieng', 10206),
(1020614, 'Rung Krabau', 10206),
(1020701, 'Phnum Touch Tboung', 10207),
(1020702, 'Phnum Touch Cheung', 10207),
(1020703, 'Thnal Bat', 10207),
(1020704, 'Ou Nhor', 10207),
(1020705, 'Boeng Tras', 10207),
(1020706, 'Monourom', 10207),
(1020707, 'Paoy Ta Sek', 10207),
(1020708, 'Prey Totueng', 10207),
(1020709, 'Boeng Reang', 10207),
(1020710, 'Voat Thmei', 10207),
(1020801, 'Pou Pir Daeum', 10208),
(1020802, 'Rohat Tuek', 10208),
(1020803, 'Thnal Bat', 10208),
(1020804, 'Kramol', 10208),
(1020805, 'Khtum Chrum', 10208),
(1020806, 'Chak Lech', 10208),
(1020807, 'Doun Mul', 10208),
(1020808, 'Preaek Samraong', 10208),
(1020809, 'Ou Dangkao', 10208),
(1020810, 'Chamkar Chek', 10208),
(1020811, 'Ou Chuob', 10208),
(1020812, 'Ka Svay', 10208),
(1020813, 'Chak Kaeut', 10208),
(1020901, 'Anhchanh', 10209),
(1020902, 'Neang Ket', 10209),
(1020903, 'Praek Ropov', 10209),
(1020904, 'Sala Daeng', 10209),
(1020905, 'Samraong', 10209),
(1020906, 'Anlong Mean Troap', 10209),
(1020907, 'Chamkar Ta Daok', 10209),
(1020908, 'Pralay Luong Kraom', 10209),
(1020909, 'Luong', 10209),
(1020910, 'Ou Ta Kol', 10209),
(1020911, 'Pralay Luong Leu', 10209),
(1020912, 'Kouk Svay', 10209),
(1020913, 'Ou Ta Ma', 10209),
(1020914, 'Kaoh Kaev', 10209),
(1020915, 'Phasi Sra', 10209),
(1020916, 'Ruessei Kraok', 10209),
(1020917, 'Chumteav', 10209),
(1021001, 'Chhnaeum Meas', 10210),
(1021002, 'Sranal', 10210),
(1021003, 'La', 10210),
(1021004, 'Ta Meaeng Pok', 10210),
(1021005, 'Sambuor', 10210),
(1021006, 'Doun Loek', 10210),
(1021007, 'Kbal Krabei', 10210),
(1021008, 'Srah Chhuk', 10210),
(1021009, 'Srae Prey', 10210),
(1021010, 'Chaek Angkar', 10210),
(1021011, 'Thma Dab', 10210),
(1021101, 'Ta Mau', 10211),
(1021102, 'Ansam Chek', 10211),
(1021103, 'Tnaot', 10211),
(1021104, 'Buor', 10211),
(1021105, 'Bos Laok', 10211),
(1021106, 'Soea', 10211),
(1021107, 'Boeng Touch', 10211),
(1021108, 'Phlov Damrei Leu', 10211),
(1021109, 'Phlov Damrei Kraom', 10211),
(1021110, 'Ou Soea', 10211),
(1021111, 'Kouk Samraong', 10211),
(1021201, 'Ta In Muoy', 10212),
(1021202, 'Ta In Pir', 10212),
(1021203, 'Krouch', 10212),
(1021204, 'Chamkar Chek', 10212),
(1021205, 'Srah Reang', 10212),
(1021206, 'Ta Chan', 10212),
(1021207, 'Kouk Srok', 10212),
(1021208, 'Kouk Chrab', 10212),
(1021209, 'Kouk Krasang', 10212),
(1021301, 'Preah Srae', 10213),
(1021302, 'Ta Lam Kandal', 10213),
(1021303, 'Ta Lam Chong', 10213),
(1021304, 'Boeng Khleang Lech', 10213),
(1021305, 'Chong Kouk', 10213),
(1021306, 'Boeng Khleang Kaeut', 10213),
(1021307, 'Khla Kham Chhkae', 10213),
(1021308, 'Boeng Veaeng', 10213),
(1030101, 'Rongvean', 10301),
(1030102, 'Thmei Khang Tboung', 10301),
(1030103, 'Thmei Khang Cheung', 10301),
(1030104, 'Kouk Yeang', 10301),
(1030105, 'Kouk Chas', 10301),
(1030106, 'Chrab', 10301),
(1030107, 'Kantuot', 10301),
(1030108, 'Nam Tau', 10301),
(1030109, 'Pongro', 10301),
(1030110, 'Samraong', 10301),
(1030111, 'Khnang', 10301),
(1030112, 'Thnong Khang Tboung', 10301),
(1030113, 'Thnong Khang Cheung', 10301),
(1030114, 'Slaeng', 10301),
(1030115, 'Takong', 10301),
(1030116, 'Yeang Otdam', 10301),
(1030117, 'Ampil Kaong', 10301),
(1030118, 'Kong Siem', 10301),
(1030201, 'Paoy Snuol', 10302),
(1030202, 'Paoy Char', 10302),
(1030203, 'Trapeang Thma Tboung', 10302),
(1030204, 'Trapeang Thma Cheung', 10302),
(1030205, 'Trapeang Thma Kandal', 10302),
(1030206, 'Paoy Ta Ong', 10302),
(1030207, 'Sambuor', 10302),
(1030208, 'Pongro', 10302),
(1030301, 'Ta Vong', 10303),
(1030302, 'Ponley', 10303),
(1030303, 'Svay Sa', 10303),
(1030304, 'Svay Khmau', 10303),
(1030305, 'Kouk Ta Sokh', 10303),
(1030306, 'Pou Roam Bon', 10303),
(1030401, 'Rouk', 10304),
(1030402, 'Mukh Chhneang', 10304),
(1030403, 'Spean', 10304),
(1030404, 'Kouk Char', 10304),
(1030405, 'Kandal', 10304),
(1030406, 'Pongro', 10304),
(1030501, 'Moat Srah', 10305),
(1030502, 'Srah Chhuk Khang Lech', 10305),
(1030503, 'Srah Chik', 10305),
(1030504, 'Kouk Kral', 10305),
(1030505, 'Kouk Rumchek', 10305),
(1030506, 'Kouk Ta Reach', 10305),
(1030507, 'Kandal Khang Lech', 10305),
(1030508, 'Kandal Khang Kaeut', 10305),
(1030509, 'Srah Chhuk Khang Kaeut', 10305),
(1030601, 'Phnum Dei', 10306),
(1030602, 'Ponley', 10306),
(1030603, 'Kouk Seh', 10306),
(1030604, 'Thnal Dach', 10306),
(1030605, 'Bos Sbov', 10306),
(1030606, 'Trapeang Prei', 10306),
(1030607, 'Kamping Puoy', 10306),
(1030608, 'Spean Khmeng', 10306),
(1030609, 'Trang', 10306),
(1040101, 'Samraong Touch', 10401),
(1040102, 'Kouk Pongro', 10401),
(1040103, 'Thma Koul', 10401),
(1040104, 'Proput', 10401),
(1040105, 'Bantoat Baoh', 10401),
(1040106, 'Kouk Treas', 10401),
(1040107, 'Chhnuor', 10401),
(1040108, 'Samraong Thum', 10401),
(1040109, 'Ruessei Khang', 10401),
(1040110, 'Ruessei Kandal', 10401),
(1040111, 'Ropeatt', 10401),
(1040112, 'Kouk Trach', 10401),
(1040201, 'Chob', 10402),
(1040202, 'Roul Chruk', 10402),
(1040203, 'Prasat', 10402),
(1040204, 'Krasang Thmei', 10402),
(1040205, 'Pradak', 10402),
(1040206, 'Chroab Thmei', 10402),
(1040207, 'Chroab Chas', 10402),
(1040208, 'Kak', 10402),
(1040209, 'Kouk Lun', 10402),
(1040210, 'Phnum Chonhcheang', 10402),
(1040211, 'Chakkrei', 10402),
(1040301, 'Phnum Lieb Kaeut', 10403),
(1040302, 'Phnum Lieb Lech', 10403),
(1040303, 'Troyoung', 10403),
(1040304, 'Tro Louk Cheung', 10403),
(1040305, 'Tro Louk Lech', 10403),
(1040306, 'Tro Louk Tboung', 10403),
(1040307, 'Laote', 10403),
(1040308, 'Rumduol', 10403),
(1040309, 'Pring Chuor', 10403),
(1040310, 'Kantrab', 10403),
(1040311, 'Tnaot', 10403),
(1040312, 'Anlong Sa', 10403),
(1040313, 'Kandaol', 10403),
(1040314, 'Kambaor', 10403),
(1040315, 'Kabau', 10403),
(1040316, 'Kampong Krasang', 10403),
(1040401, 'Char', 10404),
(1040402, 'Bat Trang', 10404),
(1040403, 'Sampov Lun', 10404),
(1040404, 'Phlov Leav', 10404),
(1040405, 'Ta Am', 10404),
(1040406, 'Ampil', 10404),
(1040407, 'Kandal', 10404),
(1040408, 'Thmei', 10404),
(1040409, 'Aomal', 10404),
(1040410, 'Tumloab', 10404),
(1040411, 'Kien Banteay', 10404),
(1040412, 'Prasat', 10404),
(1040413, 'Anlong Sa', 10404),
(1040414, 'Kampream', 10404),
(1040501, 'Paoy Kdoeang', 10405),
(1040502, 'Cheung Voat', 10405),
(1040503, 'Kandal', 10405),
(1040504, 'Post Chas', 10405),
(1040505, 'Paoy Samraong', 10405),
(1040506, 'Paoy Pring', 10405),
(1040507, 'Paoy Ta Paen', 10405),
(1040508, 'Sreh Kaeut', 10405),
(1040509, 'Sreh Lech', 10405),
(1040510, 'Kouk Srok', 10405),
(1040511, 'Sramaoch', 10405),
(1040512, 'Peam Sreh', 10405),
(1040513, 'Doun Chraeng', 10405),
(1040601, 'Rohal', 10406),
(1040602, 'Sala Chheh', 10406),
(1040603, 'Chak', 10406),
(1040604, 'Tep Kaosa', 10406),
(1040605, 'Snay', 10406),
(1040606, 'Anlong Thma', 10406),
(1040607, 'Popel', 10406),
(1040608, 'Paoy Svay', 10406),
(1040609, 'Ruessei', 10406),
(1040610, 'Prey Moan', 10406),
(1040611, 'Stueng Kambot', 10406),
(1040701, 'Bantoat Baoh', 10407),
(1040702, 'Tean Kam Lech', 10407),
(1040703, 'Tean Kam Cheung', 10407),
(1040704, 'Tean Kam Tboung', 10407),
(1040705, 'Ou', 10407),
(1040706, 'Ta Un', 10407),
(1040801, 'Smach', 10408),
(1040802, 'Paoy Char', 10408),
(1040803, 'Ta Khaek', 10408),
(1040804, 'Kouk kei', 10408),
(1040805, 'Tonloab', 10408),
(1040806, 'Kouk Tiem', 10408),
(1040807, 'Char Leu', 10408),
(1040808, 'Kantuot', 10408),
(1040809, 'Thmei', 10408),
(1040810, 'Kandal', 10408),
(1040811, 'Tuek Chour', 10408),
(1040812, 'Ta Siev', 10408),
(1040813, 'Kampong Thkov', 10408),
(1040814, 'Ta Pon', 10408),
(1040815, 'Snay La', 10408),
(1040816, 'Ta Daek', 10408),
(1040817, 'Samraong', 10408),
(1040818, 'Anlong Vil', 10408),
(1040901, 'Trabaek', 10409),
(1040902, 'Kandal', 10409),
(1040903, 'Kouk Thum', 10409),
(1040904, 'Bos Sbov', 10409),
(1040905, 'Soutr Mont', 10409),
(1040906, 'Srah Khtum', 10409),
(1040907, 'Tabau', 10409),
(1040908, 'Kbal Khting', 10409),
(1040909, 'Smach', 10409),
(1040910, 'Boeng Veaeng', 10409),
(1040911, 'Bantoat Baoh', 10409),
(1040912, 'Pring Kaong', 10409),
(1040913, 'Khchas', 10409),
(1040914, 'Khnhaer', 10409),
(1040915, 'Khu Svay', 10409),
(1040916, 'Khvav', 10409),
(1040917, 'Tbaeng', 10409),
(1050101, 'Boeng Seila', 10501),
(1050102, 'Ta Chrueng', 10501),
(1050103, 'Ta Phaok', 10501),
(1050104, 'Paoy Voat', 10501),
(1050105, 'Chhuk', 10501),
(1050106, 'Chrey', 10501),
(1050201, 'Yeang thmei', 10502),
(1050202, 'Mak Heun', 10502),
(1050203, 'Veang Muong', 10502),
(1050204, 'Koub Kaeut', 10502),
(1050205, 'Khai Dan', 10502),
(1050206, 'Naka Chhay', 10502),
(1050207, 'Koub Lech', 10502),
(1050208, 'Koub Cheung', 10502),
(1050209, 'Ou Chrov', 10502),
(1050210, 'Souriya Thmei', 10502),
(1050211, 'Koun Trei', 10502),
(1050301, 'Koub Touch', 10503),
(1050302, 'Kaoh Char', 10503),
(1050303, 'Kuttaksat', 10503),
(1050304, 'Yeay At', 10503),
(1050501, 'Banlech', 10505),
(1050502, 'Neak Ta Chhor', 10505),
(1050503, 'Samraong', 10505),
(1050504, 'Kampong Reab', 10505),
(1050505, 'Thmei', 10505),
(1050506, 'Thmenh Trei', 10505),
(1050507, 'Bat Trang', 10505),
(1050508, 'Anhchanh', 10505),
(1050509, 'Voat', 10505),
(1050510, 'Kandal', 10505),
(1050601, 'Souphi Cheung', 10506),
(1050602, 'Souphi Kandal', 10506),
(1050603, 'Souphi Tboung', 10506),
(1050604, 'Kouk Chak', 10506),
(1050605, 'Kouk Prich', 10506),
(1050701, 'Soengh Lech', 10507),
(1050702, 'Roka', 10507),
(1050703, 'Anlong Svay', 10507),
(1050704, 'Soengh Tboung', 10507),
(1050705, 'Phkoam', 10507),
(1050706, 'Pongro', 10507),
(1050707, 'Tnaot', 10507),
(1050708, 'Kandal', 10507),
(1050709, 'Run', 10507),
(1050901, 'Banteay Thmei', 10509),
(1050902, 'Chouk Chey', 10509),
(1050903, 'Ou Beichoan', 10509),
(1050904, 'Prasat', 10509),
(1050905, 'Prey Chan', 10509),
(1050906, 'Preav Chas', 10509),
(1050907, 'Seila Khmer', 10509),
(1050908, 'Snuol Tret', 10509),
(1050909, 'Thnal Bat', 10509),
(1050910, 'Tomnob Dach', 10509),
(1050911, 'Yeang Dangkum', 10509),
(1060201, 'Kampong Svay', 10602),
(1060202, 'Kangva', 10602),
(1060203, 'Phum Pir', 10602),
(1060204, 'Pongro', 10602),
(1060205, 'Souphi', 10602),
(1060206, 'Tarang Bal', 10602),
(1060207, 'Kantuot', 10602),
(1060208, 'Kla Koun Chas', 10602),
(1060209, 'Kla Koun Thmey', 10602),
(1060301, 'Kaoh Pong Satv', 10603),
(1060302, 'Ta Sok', 10603),
(1060303, 'Preah Angk', 10603),
(1060304, 'Snay Dangkot', 10603),
(1060305, 'Angkear Bos', 10603),
(1060401, 'Mkak', 10604),
(1060402, 'Kbal Spean', 10604),
(1060403, 'Ta Ma', 10604),
(1060404, 'Kouk Lieb', 10604),
(1060405, 'Chhuk', 10604),
(1060406, 'Doun Lei', 10604),
(1060407, 'Baek Chan', 10604),
(1060501, 'Saesen', 10605),
(1060502, 'Kourothan', 10605),
(1060503, 'Roung Masin', 10605),
(1060504, 'Prohut', 10605),
(1060505, 'Ou Ambel', 10605),
(1060601, 'Kantuot', 10606),
(1060602, 'Kampring', 10606),
(1060603, 'Phniet', 10606),
(1060604, 'Neak Ta', 10606),
(1060605, 'Phum Thmei', 10606),
(1060606, 'Bangruh', 10606),
(1060607, 'Sala Krau', 10606),
(1060701, 'Chak', 10607),
(1060702, 'Phum Muoy', 10607),
(1060703, 'Phum Bei', 10607),
(1060704, 'Phum Buon', 10607),
(1060705, 'Prey Ruessei', 10607),
(1060706, 'Preah Ponlea', 10607),
(1060707, 'Kbal Spean', 10607),
(1060801, 'Keab', 10608),
(1060802, 'Tumnob Chrey', 10608),
(1060803, 'Tuek Thla', 10608),
(1060805, 'Phnum Bak', 10608),
(1060806, 'Dei Lou', 10608),
(1060807, 'Banoy', 10608),
(1070101, 'Kouk Samraong', 10701),
(1070102, 'Kbal Tonsaong', 10701),
(1070103, 'Banteay Chhmar Cheung', 10701),
(1070105, 'Kbal Krabei', 10701),
(1070106, 'Banteay Chhmar Tboung', 10701),
(1070107, 'Banteay Chhmar Lech', 10701),
(1070108, 'Thma Daekkeh', 10701),
(1070109, 'Thlok', 10701),
(1070110, 'Kouk Samraong Kaeut', 10701),
(1070111, 'Srah Chrey', 10701),
(1070112, 'Dang Reaek', 10701),
(1070113, 'Prasat Tbaeng', 10701),
(1070114, 'Prey Sangha', 10701),
(1070115, 'Trapeang Thlok', 10701),
(1070201, 'Kouk Prech', 10702),
(1070202, 'Srae La', 10702),
(1070203, 'Kouk Romiet', 10702),
(1070204, 'Sdau', 10702),
(1070205, 'Thmei', 10702),
(1070206, 'Ta Lei', 10702),
(1070207, 'Sereika', 10702),
(1070208, 'Ta Song', 10702),
(1070209, 'Trapeang Samraong', 10702),
(1070210, 'Phlov Bambaek', 10702),
(1070211, 'Thma Chhatr', 10702),
(1070212, 'Voa Preng', 10702),
(1070213, 'Pram Minea', 10702),
(1070214, 'Sameakki', 10702),
(1070215, 'Banteay Mean Rit', 10702),
(1070217, 'Spean', 10702),
(1070218, 'Kandaol', 10702),
(1070219, 'Kdeb Thma', 10702),
(1070220, 'Boeng Ta Srei', 10702),
(1070221, 'Boeng Sokram', 10702),
(1070222, 'Ta Mang', 10702),
(1070301, 'Kab Chaor', 10703),
(1070302, 'Kouk Svay', 10703),
(1070303, 'Rolum Chrey', 10703),
(1070304, 'Thmei Khang Lech', 10703),
(1070305, 'Thmei Kandal', 10703),
(1070306, 'Thmei Khang Tboung', 10703),
(1070307, 'Totea', 10703),
(1070401, 'Thma Puok', 10704),
(1070402, 'Neak Ta', 10704),
(1070403, 'Voat Chas', 10704),
(1070404, 'Kasen', 10704),
(1070405, 'Svay', 10704),
(1070406, 'Thnal Dach', 10704),
(1070407, 'Anlong Trach', 10704),
(1070501, 'Deu', 10705),
(1070502, 'Sdau', 10705),
(1070503, 'Treas', 10705),
(1070504, 'Kouk Kakthen', 10705),
(1070505, 'Ta Siev', 10705),
(1070506, 'Chonloas Dai', 10705),
(1070507, 'Ta Trai', 10705),
(1070508, 'Preah Chhor', 10705),
(1070509, 'Kouk Kpos', 10705),
(1070601, 'Andoung Khlong', 10706),
(1070602, 'Kumru', 10706),
(1070603, 'Ta Yueng', 10706),
(1070605, 'Aekakpheap', 10706),
(1070606, 'Phsar Thmei', 10706),
(1070607, 'Svay Chrum', 10706),
(1070608, 'Prey Veaeng', 10706),
(1080101, 'Phkoam', 10801),
(1080102, 'Yeang Vien', 10801),
(1080103, 'Yeang', 10801),
(1080104, 'Ampil', 10801),
(1080105, 'Ou', 10801),
(1080106, 'Prasat Vien', 10801),
(1080107, 'Ta Duol', 10801),
(1080108, 'Svay Sa', 10801),
(1080109, 'Mau', 10801),
(1080110, 'Thma Koul', 10801),
(1080111, 'Ta Koal', 10801),
(1080201, 'Pheas Tboung', 10802),
(1080202, 'Pheas Cheung', 10802),
(1080203, 'Chrung', 10802),
(1080204, 'Phlas Kang', 10802),
(1080205, 'Kouk Phlu', 10802),
(1080206, 'Kantrong', 10802),
(1080301, 'Sla Kram', 10803),
(1080302, 'Kakaoh', 10803),
(1080303, 'Kamnab', 10803),
(1080304, 'Toap Siem', 10803),
(1080305, 'Khlaeng Poar Cheung', 10803),
(1080306, 'Prasat', 10803),
(1080307, 'Kouk Ampil', 10803),
(1080308, 'Khlaeng Poar Tboung', 10803),
(1080309, 'Boeng Snao', 10803),
(1080310, 'Chak Puork', 10803),
(1080401, 'Kouk Khvav', 10804),
(1080402, 'Ponsay Cheung', 10804),
(1080403, 'Kloeng', 10804),
(1080404, 'Baek Chan Chas', 10804),
(1080405, 'Ponsay Tboung', 10804),
(1080406, 'Roka Thmei', 10804),
(1080407, 'Ta Ong Lech', 10804),
(1080408, 'Slaeng', 10804),
(1080409, 'Thmei', 10804),
(1080410, 'Khvav Lech', 10804),
(1080411, 'Samraong', 10804),
(1080412, 'Chamkar Ko', 10804),
(1080501, 'Kouk Ta Aek', 10805),
(1080502, 'Ou Veaeng Cheung', 10805),
(1080503, 'Ta Baen', 10805),
(1080504, 'Kouk Roka', 10805),
(1080505, 'Ou Veaeng Tboung', 10805),
(1080601, 'Ta Phou', 10806),
(1080602, 'Pongro', 10806),
(1080603, 'Ta Srei', 10806),
(1080604, 'Prech Kei', 10806),
(1080605, 'Kouk Kei', 10806),
(1080606, 'Khmoas', 10806),
(1080607, 'Thmei', 10806),
(1080608, 'Baray', 10806),
(1080609, 'Phchoek', 10806),
(1080610, 'Prech Tboung', 10806),
(1080611, 'Bantoat Baoh', 10806),
(1080701, 'Ponley Thmei', 10807),
(1080702, 'Chaeng', 10807),
(1080703, 'Doun Nouy', 10807),
(1080704, 'Prei', 10807),
(1080705, 'Ponley Chas', 10807),
(1080706, 'Treas', 10807),
(1080707, 'Ampil Prong', 10807),
(1080708, 'Ou Kakaoh', 10807),
(1080709, 'Ta Voek', 10807),
(1080801, 'Baek Chan Thmei', 10808),
(1080802, 'Khvav Kaeut', 10808),
(1080803, 'Stueng', 10808),
(1080804, 'Ta Ong Kaeut', 10808),
(1080805, 'Slaeng', 10808),
(1080806, 'Roluos', 10808),
(1080807, 'Ta Sman', 10808),
(1090101, 'Sangkae', 10901),
(1090102, 'Pnum Roung', 10901),
(1090103, 'Chrey', 10901),
(1090104, 'Lvea', 10901),
(1090105, 'Chambak', 10901),
(1090201, 'Doung', 10902),
(1090202, 'Veal Hat', 10902),
(1090203, 'Kandal', 10902),
(1090204, 'Kbal Spean', 10902),
(1090205, 'Trasek Chrum', 10902),
(1090206, 'Dambouk Vil', 10902),
(1090207, 'Voat Chas', 10902),
(1090208, 'Thmei', 10902),
(1090301, 'Ou Sampoar', 10903),
(1090302, 'Ou Sam', 10903),
(1090303, 'Kbal Tumnob', 10903),
(1090304, 'Banteay Ti Pir', 10903),
(1090401, 'Ou Sralau', 10904),
(1090402, 'Phnum Kaubei', 10904),
(1090403, 'Kandaol', 10904),
(1090404, 'Chheu Teal', 10904),
(1090405, 'Bueng Reang', 10904),
(1090406, 'Svay Prey', 10904),
(1090407, 'Chan Kiri', 10904),
(1090408, 'Thmei', 10904),
(1090501, 'Tuol Pongro', 10905),
(1090502, 'Kaoh Snuol', 10905),
(1090503, 'Khla Ngoab', 10905),
(1090504, 'Banteay Ti Muoy', 10905),
(1090505, 'Santepheap', 10905),
(1090506, 'Ou Ampil', 10905),
(1090507, 'Reaksmei Meanchey', 10905),
(1090601, 'Chaeng Maeng', 10906),
(1090602, 'Ballangk', 10906),
(1090603, 'Paoy Angkor', 10906),
(1090604, 'Srah Phluoh', 10906),
(1090605, 'Kcheay', 10906),
(1090606, 'Ta Kong', 10906),
(1100101, 'Nimitt Muoy', 11001),
(1100102, 'Nimitt Pir', 11001),
(1100103, 'Nimitt Bei', 11001),
(1100104, 'Nimitt Buon', 11001),
(1100105, 'Ou Chrov', 11001),
(1100106, 'Dong Aranh', 11001),
(1100107, 'Souriya', 11001),
(1100108, 'Nimitt Thmei', 11001),
(1100110, 'Thma Sen', 11001),
(1100111, 'Anlong Svay', 11001),
(1100112, 'Koun Damrei', 11001),
(1100113, 'Koub Thum', 11001),
(1100114, 'Reaksmei Sameakki', 11001),
(1100115, 'Reaksmei Serei Pheap', 11001),
(1100116, 'Sokhsan', 11001),
(1100201, 'Kbal Spean​ 1', 11002),
(1100202, 'Baliley 1', 11002),
(1100209, 'Tuol Prasat', 11002),
(1100212, 'Kbal Spean 2', 11002),
(1100213, 'Kbal Koh', 11002),
(1100214, 'Samaki Mean Chey', 11002),
(1100215, 'Poay Pet', 11002),
(1100216, 'Prey Prech', 11002),
(1100218, 'Baliley 2', 11002),
(1100219, 'Mittapheap', 11002),
(1100220, 'Chan Kiri', 11002),
(1100221, 'Ou Chrov', 11002),
(1100223, 'Tumnob Kor 5', 11002),
(1100301, 'Phsar Kandal', 11003),
(1100302, 'Kilou Lekh Buon', 11003),
(1100303, 'Prachear Thoam Lech', 11003),
(1100304, 'Prachea Thorm Kaeut', 11003),
(1100305, 'Tuol Pongro', 11003),
(1100306, 'Ou Ruessei', 11003),
(1100307, 'Prey Kub', 11003),
(1100308, 'Ou Neang', 11003),
(1100309, 'Andoung Thma Meas', 11003),
(1100310, 'Stueng Bat', 11003);
