CREATE TABLE IF NOT EXISTS `op_communes` (
  `id` int(20) NOT NULL,
  `name` text,
  `district_id` int(20) DEFAULT NULL,
  PRIMARY KEY (`id`),
  KEY `FK_tcommune` (`district_id`)
) ENGINE=InnoDB DEFAULT CHARSET=utf8;

--
-- Dumping data for table `op_communes`
--

INSERT INTO `op_communes` (`id`, `name`, `district_id`) VALUES
(140101, 'Boeng Preah', 1401),
(140102, 'Cheung Phnum', 1401),
(140103, 'Chheu Kach', 1401),
(140104, 'Reaks Chey', 1401),
(140105, 'Roung Damrei', 1401),
(140106, 'Sdau Kaong', 1401),
(140107, 'Spueu Ka', 1401),
(140108, 'Spueu Kha', 1401),
(140109, 'Theay', 1401),
(140201, 'Cheach', 1402),
(140202, 'Doun Koeng', 1402),
(140203, 'Kranhung', 1402),
(140204, 'Krabau', 1402),
(140205, 'Seang Khveang', 1402),
(140206, 'Smaong Khang Cheung', 1402),
(140207, 'Smaong Khang Tboung', 1402),
(140208, 'Trabaek', 1402),
(140301, 'Ansaong', 1403),
(140302, 'Cham', 1403),
(140303, 'Cheang Daek', 1403),
(140304, 'Chrey', 1403),
(140305, 'Kansoam Ak', 1403),
(140306, 'Kou Khchak', 1403),
(140307, 'Kampong Trabaek', 1403),
(140308, 'Peam Montear', 1403),
(140309, 'Prasat', 1403),
(140310, 'Pratheat', 1403),
(140311, 'Prey Chhor', 1403),
(140312, 'Prey Poun', 1403),
(140313, 'Thkov', 1403),
(140401, 'Chong Ampil', 1404),
(140402, 'Kanhchriech', 1404),
(140403, 'Kdoeang Reay', 1404),
(140404, 'Kouk Kong Kaeut', 1404),
(140405, 'Kouk Kong Lech', 1404),
(140406, 'Preal', 1404),
(140407, 'Thma Pun', 1404),
(140408, 'Tnaot', 1404),
(140501, 'Angkor Sar', 1405),
(140502, 'Chres', 1405),
(140503, 'Chi Phoch', 1405),
(140504, 'Prey Khnes', 1405),
(140505, 'Prey Rumdeng', 1405),
(140506, 'Prey Totueng', 1405),
(140507, 'Svay Chrum', 1405),
(140508, 'Trapeang Srae', 1405),
(140601, 'Angkor Angk', 1406),
(140602, 'Kampong Prasat', 1406),
(140603, 'Kaoh Chek', 1406),
(140604, 'Kaoh Roka', 1406),
(140605, 'Kaoh Sampov', 1406),
(140606, 'Krang Ta Yang', 1406),
(140607, 'Preaek Krabau', 1406),
(140608, 'Preaek Sambuor', 1406),
(140609, 'Ruessei Srok', 1406),
(140610, 'Svay Phluoh', 1406),
(140701, 'Ba Baong', 1407),
(140702, 'Banlich Prasat', 1407),
(140703, 'Neak Loeang', 1407),
(140704, 'Peam Mean Chey', 1407),
(140705, 'Peam Ro', 1407),
(140706, 'Preaek Khsay Ka', 1407),
(140707, 'Preaek Khsay Kha', 1407),
(140708, 'Prey Kandieng', 1407),
(140801, 'Kampong Popil', 1408),
(140802, 'Kanhcham', 1408),
(140803, 'Kampong Prang', 1408),
(140805, 'Mesar Prachan', 1408),
(140807, 'Prey Pnov', 1408),
(140808, 'Prey Sniet', 1408),
(140809, 'Prey Sralet', 1408),
(140810, 'Reab', 1408),
(140811, 'Roka', 1408),
(140901, 'Angkor Reach', 1409),
(140902, 'Banteay Chakrei', 1409),
(140903, 'Boeng Daol', 1409),
(140904, 'Chey Kampok', 1409),
(140905, 'Kampong Soeng', 1409),
(140906, 'Krang Svay', 1409),
(140907, 'Lvea', 1409),
(140908, 'Preah Sdach', 1409),
(140909, 'Reathor', 1409),
(140910, 'Rumchek', 1409),
(140911, 'Sena Reach Otdam', 1409),
(141001, 'Baray', 1410),
(141002, 'Cheung Tuek', 1410),
(141003, 'Kampong Leav', 1410),
(141101, 'Pou Rieng', 1411),
(141102, 'Preaek Anteah', 1411),
(141103, 'Preaek Chrey', 1411),
(141104, 'Prey Kanlaong', 1411),
(141105, 'Ta Kao', 1411),
(141106, 'Kampong Ruessei', 1411),
(141107, 'Preaek Ta Sar', 1411),
(141201, 'Ampil Krau', 1412),
(141202, 'Chrey Khmum', 1412),
(141203, 'Lve', 1412),
(141204, 'Pnov Ti Muoy', 1412),
(141205, 'Pnov Ti Pir', 1412),
(141206, 'Pou Ti', 1412),
(141207, 'Preaek Changkran', 1412),
(141208, 'Prey Daeum Thnoeng', 1412),
(141209, 'Prey Tueng', 1412),
(141210, 'Rumlech', 1412),
(141211, 'Ruessei Sanh', 1412),
(141301, 'Angkor Tret', 1413),
(141302, 'Chea Khlang', 1413),
(141303, 'Chrey', 1413),
(141304, 'Damrei Puon', 1413),
(141305, 'Me Bon', 1413),
(141306, 'Pean Roung', 1413),
(141307, 'Popueus', 1413),
(141308, 'Prey Khla', 1413),
(141309, 'Samraong', 1413),
(141310, 'Svay Antor', 1413),
(141311, 'Tuek Thla', 1413);

-- --------------------------------------------------------

--
-- Table structure for table `op_districts`
--

CREATE TABLE IF NOT EXISTS `op_districts` (
  `id` int(20) NOT NULL,
  `name` text,
  `provinces_id` int(20) DEFAULT NULL,
  PRIMARY KEY (`id`),
  KEY `FK_tdistrict` (`provinces_id`)
) ENGINE=InnoDB DEFAULT CHARSET=utf8;

--
-- Dumping data for table `op_districts`
--

INSERT INTO `op_districts` (`id`, `name`, `provinces_id`) VALUES
(1401, 'Ba Phnum', 14),
(1402, 'Kamchay Mear', 14),
(1403, 'Kampong Trabaek', 14),
(1404, 'Kanhchriech', 14),
(1405, 'Me Sang', 14),
(1406, 'Peam Chor', 14),
(1407, 'Peam Ro', 14),
(1408, 'Pea Reang', 14),
(1409, 'Preah Sdach', 14),
(1410, 'Prey Veng', 14),
(1411, 'Pur Rieng', 14),
(1412, 'Sithor Kandal', 14),
(1413, 'Svay Antor', 14);

-- --------------------------------------------------------

--
-- Table structure for table `op_provinces`
--

CREATE TABLE IF NOT EXISTS `op_provinces` (
  `id` varchar(20) NOT NULL,
  `name` text,
  PRIMARY KEY (`id`)
) ENGINE=InnoDB DEFAULT CHARSET=utf8;

--
-- Dumping data for table `op_provinces`
--

INSERT INTO `op_provinces` (`id`, `name`) VALUES
('14', 'Prey Veng');

-- --------------------------------------------------------

--
-- Table structure for table `op_villages`
--

CREATE TABLE IF NOT EXISTS `op_villages` (
  `id` int(20) NOT NULL,
  `name` text NOT NULL,
  `commune_id` int(20) NOT NULL
) ENGINE=InnoDB DEFAULT CHARSET=latin1;

--
-- Dumping data for table `op_villages`
--

INSERT INTO `op_villages` (`id`, `name`, `commune_id`) VALUES
(14010101, 'Angkrong', 140101),
(14010102, 'Ruessei Kaek', 140101),
(14010103, 'Svay Ta Ni', 140101),
(14010104, 'Prasrae', 140101),
(14010105, 'Ta Ma', 140101),
(14010106, 'Kbal Damrei', 140101),
(14010107, 'Lpeach', 140101),
(14010108, 'Dei Thoy', 140101),
(14010109, 'Ruessei Chuor', 140101),
(14010110, 'Ta Chey', 140101),
(14010111, 'Ta Mau', 140101),
(14010112, 'Kandal', 140101),
(14010113, 'Boeng Preah', 140101),
(14010114, 'Snae Rean', 140101),
(14010201, 'Moat Prey', 140102),
(14010202, 'Pou Andaot', 140102),
(14010203, 'Phlov Roluos', 140102),
(14010204, 'Boeng Roka', 140102),
(14010205, 'Andoung', 140102),
(14010206, 'Svay Samseb', 140102),
(14010207, 'Roung Damrei', 140102),
(14010301, 'Chheu Kach', 140103),
(14010302, 'Kamhaeng Reach', 140103),
(14010303, 'Kraol Kou', 140103),
(14010304, 'Prey Kduoch', 140103),
(14010305, 'Trea', 140103),
(14010306, 'Tuol Khpos', 140103),
(14010307, 'Tnaot', 140103),
(14010308, 'Kandal', 140103),
(14010309, 'Angkanh', 140103),
(14010310, 'Trapeang Sala', 140103),
(14010311, 'Khleang', 140103),
(14010312, 'Svay Prakal', 140103),
(14010313, 'Boeng Prasrae', 140103),
(14010314, 'Kruos', 140103),
(14010401, 'Kouk Sandaek', 140104),
(14010402, 'Khsach Sa', 140104),
(14010403, 'Traeuy Ngor', 140104),
(14010404, 'Thma Treang', 140104),
(14010405, 'Thmei Krau', 140104),
(14010406, 'Ta Pech Khang Cheung', 140104),
(14010407, 'Ta Pech Khang Tboung', 140104),
(14010408, 'Reaks Chey', 140104),
(14010409, 'Ta Uok', 140104),
(14010410, 'Chruol Thum', 140104),
(14010411, 'Chruol Thmei', 140104),
(14010412, 'Chheu Traeng', 140104),
(14010501, 'Kdei Doung', 140105),
(14010502, 'Pong Pos', 140105),
(14010503, 'Ti Ta Ngaeuy', 140105),
(14010504, 'Svay Khnei', 140105),
(14010505, 'Prey Phngeam', 140105),
(14010506, 'Chi Roung', 140105),
(14010507, 'Roveang Chum', 140105),
(14010508, 'Traok', 140105),
(14010509, 'Voa Yeav', 140105),
(14010510, 'Tnaot Svay', 140105),
(14010511, 'Kantrean', 140105),
(14010512, 'Cheung Tuek', 140105),
(14010601, 'Ta Kouk', 140106),
(14010602, 'Trapeang Sekar', 140106),
(14010603, 'Siem', 140106),
(14010604, 'Thmei', 140106),
(14010605, 'Krang Chen', 140106),
(14010606, 'Sempoli', 140106),
(14010607, 'Trabaek', 140106),
(14010608, 'Thnong', 140106),
(14010609, 'Prey Phdau', 140106),
(14010610, 'Doun Mea', 140106),
(14010611, 'Chrak Svay', 140106),
(14010612, 'Prey Kantrong', 140106),
(14010613, 'Boeng Trabar', 140106),
(14010614, 'Tong Neak', 140106),
(14010615, 'Trapeang Svay', 140106),
(14010701, 'Snuol', 140107),
(14010702, 'Krang', 140107),
(14010703, 'Svay Pok', 140107),
(14010704, 'Kalei Khang Cheung', 140107),
(14010705, 'Kalei Khang Tboung', 140107),
(14010706, 'Ta Laon', 140107),
(14010707, 'Prech', 140107),
(14010708, 'Sdau Kaong', 140107),
(14010709, 'Spueu Khang Kaeut', 140107),
(14010710, 'Spueu Khang Lech', 140107),
(14010801, 'Prey Chamkar', 140108),
(14010802, 'Chan Ra Ka', 140108),
(14010803, 'Chan Ra Kha', 140108),
(14010804, 'Prey Prang', 140108),
(14010805, 'Prey Sva', 140108),
(14010806, 'Thlok', 140108),
(14010901, 'Chak', 140109),
(14010902, 'Pou Phluk', 140109),
(14010903, 'Kamraeng', 140109),
(14010904, 'Lvea', 140109),
(14010905, 'Krang', 140109),
(14010906, 'Prey Phchet', 140109),
(14010907, 'Ta Sou', 140109),
(14010908, 'Angkal', 140109),
(14010909, 'Snuol', 140109),
(14010910, 'Kampong Snae', 140109),
(14010911, 'Kampong Slaeng', 140109),
(14010912, 'Theay', 140109),
(14010913, 'Toap Sdach', 140109),
(14010914, 'Khvet', 140109),
(14010915, 'Sdau', 140109),
(14010916, 'Pranhang', 140109),
(14010917, 'Svay Kab', 140109),
(14010918, 'Ti Leng', 140109),
(14020101, 'Tuol Sangkae Totueng', 140201),
(14020102, 'Tuol Sangkae Bandaoy', 140201),
(14020103, 'Trapeang Romeas', 140201),
(14020104, 'Rohal', 140201),
(14020105, 'Kaoh Khcheay', 140201),
(14020106, 'Doun Daok', 140201),
(14020107, 'Svay Trey', 140201),
(14020108, 'Chuor Thnal', 140201),
(14020109, 'Kaoh Ta Roatn', 140201),
(14020110, 'Cheach Chuor', 140201),
(14020111, 'Cheach Khang Lech', 140201),
(14020112, 'Cheach Khang Cheung', 140201),
(14020113, 'Cheach Kandal', 140201),
(14020114, 'Cheach Khang Tboung', 140201),
(14020115, 'Poun Khang Lech', 140201),
(14020116, 'Poun Khang Kaeut', 140201),
(14020117, 'Leak Kou', 140201),
(14020118, 'Sambour', 140201),
(14020119, 'Poun Khang Cheung', 140201),
(14020120, 'Trach Chrum', 140201),
(14020121, 'Tuol Sangkae Khang Kaeut', 140201),
(14020122, 'Trapeang Phlong', 140201),
(14020123, 'Trapeang Thma', 140201),
(14020124, 'Trapeang Thlok', 140201),
(14020125, 'Trapeang Krasang', 140201),
(14020126, 'Tuol Angkrong', 140201),
(14020201, 'Tonsay Chol Heb', 140202),
(14020202, 'Doun Koeng', 140202),
(14020203, 'Kor', 140202),
(14020204, 'Pou Pir', 140202),
(14020205, 'Boeng Kak', 140202),
(14020206, 'Thmei', 140202),
(14020207, 'Chuor Phav', 140202),
(14020208, 'Trapeang Danghet', 140202),
(14020209, 'Svay Sokhom', 140202),
(14020210, 'Ta Dok', 140202),
(14020301, 'Chour Ti Muoy', 140203),
(14020302, 'Chour Ti Pir', 140203),
(14020303, 'Chour Ti Bei', 140203),
(14020304, 'Ta Sau', 140203),
(14020305, 'Kravan', 140203),
(14020306, 'Pongro', 140203),
(14020307, 'Khlong Kaong', 140203),
(14020308, 'Chamkar Chek Ti Pir', 140203),
(14020309, 'Chamkar Chek Ti Muoy', 140203),
(14020310, 'Sameakki', 140203),
(14020311, 'Angkrong Ti Muoy', 140203),
(14020312, 'Angkrong Ti Pir', 140203),
(14020313, 'Kamchay Mear Khang Tboung', 140203),
(14020314, 'Kamchay Mear Khang Cheung', 140203),
(14020315, 'Snuol', 140203),
(14020316, 'La Edth', 140203),
(14020317, 'Thlok Kandal', 140203),
(14020318, 'Kandal', 140203),
(14020319, 'Boeng Pruoh', 140203),
(14020401, 'Ta Ei', 140204),
(14020402, 'Prey Tres', 140204),
(14020403, 'Popel', 140204),
(14020404, 'Krabau Chuor', 140204),
(14020405, 'Andoung Sat', 140204),
(14020406, 'Kanlaeng Chrov', 140204),
(14020407, 'Tboung Voat', 140204),
(14020408, 'Veal Smach', 140204),
(14020409, 'Pou', 140204),
(14020410, 'Anhchanh', 140204),
(14020411, 'Prey Tuol Thmei', 140204),
(14020501, 'Ruessei Chuk Ti Muoy', 140205),
(14020502, 'Ruessei Chuk Ti Pir', 140205),
(14020503, 'Tuol Sophi', 140205),
(14020504, 'Tnaot', 140205),
(14020505, 'Leak Nuem', 140205),
(14020506, 'Opakma', 140205),
(14020507, 'Bos', 140205),
(14020508, 'Lvea', 140205),
(14020509, 'Sangkae', 140205),
(14020510, 'Bayab', 140205),
(14020511, 'Chong Boeng', 140205),
(14020512, 'Kruos', 140205),
(14020513, 'Chhuk', 140205),
(14020601, 'Thnal Kaeng', 140206),
(14020602, 'Tean Phleung', 140206),
(14020603, 'Prey Stor', 140206),
(14020604, 'Smaong', 140206),
(14020605, 'Pramoul Dom', 140206),
(14020606, 'Ta Kaev', 140206),
(14020607, 'Baeuk Tuk', 140206),
(14020608, 'Kouk Sokram', 140206),
(14020609, 'Kouk Preal', 140206),
(14020610, 'Prey Lumpeaeng', 140206),
(14020611, 'Thnong Khang Kaeut', 140206),
(14020612, 'Thnonh Khang Lech', 140206),
(14020613, 'Trapeang Skon', 140206),
(14020614, 'Poun', 140206),
(14020615, 'Lak', 140206),
(14020616, 'Ta Menh', 140206),
(14020617, 'Toul Kralanh', 140206),
(14020701, 'Sraloung Sralei', 140207),
(14020702, 'Koun Ruessei', 140207),
(14020703, 'Prahear', 140207),
(14020704, 'Chumpu', 140207),
(14020705, 'Prey Phlorng', 140207),
(14020706, 'Prey Chamkar', 140207),
(14020707, 'Chhma Lout', 140207),
(14020708, 'Prey Khlout', 140207),
(14020709, 'Kong', 140207),
(14020710, 'Kumnum', 140207),
(14020711, 'Veal', 140207),
(14020712, 'Ou Kantuy', 140207),
(14020713, 'Proeksa Ti Muoy', 140207),
(14020714, 'Proeksa Ti Pir', 140207),
(14020715, 'Rumduol', 140207),
(14020716, 'Prey Sloek', 140207),
(14020717, 'Prey Thum', 140207),
(14020718, 'Boeng Pou', 140207),
(14020719, 'Angk Chea', 140207),
(14020720, 'Damnak Serei', 140207),
(14020801, 'Chres Lech', 140208),
(14020802, 'Chres Kandal', 140208),
(14020803, 'Chres Khang Kaeut', 140208),
(14020804, 'Trapeang Kampoes', 140208),
(14020805, 'Ou', 140208),
(14020806, 'Tuol Ta Meak', 140208),
(14020807, 'Trapeang Prei', 140208),
(14020808, 'Chambak Kaong', 140208),
(14020809, 'Trapeang Prich', 140208),
(14020810, 'Trapeang Chhuk', 140208),
(14020811, 'Doun Diev', 140208),
(14020812, 'Tralach Sa', 140208),
(14020813, 'Prey Tbaeng', 140208),
(14030101, 'Kreul', 140301),
(14030102, 'Angveah Muoy Roy', 140301),
(14030103, 'Ansaong', 140301),
(14030104, 'Ta Pung', 140301),
(14030105, 'Sambuor', 140301),
(14030106, 'Ta Aong', 140301),
(14030107, 'Bantea Bos', 140301),
(14030108, 'Trapeang Roka', 140301),
(14030201, 'Roung', 140302),
(14030202, 'Cham', 140302),
(14030203, 'Ka Thum', 140302),
(14030204, 'Prasdach', 140302),
(14030205, 'Prey Kansa', 140302),
(14030206, 'Pechi Roatn', 140302),
(14030207, 'Veal', 140302),
(14030208, 'Roluos', 140302),
(14030209, 'Chipeay', 140302),
(14030210, 'Kram Leav', 140302),
(14030301, 'Boeng Kranueb', 140303),
(14030302, 'Ta Meas', 140303),
(14030303, 'Cheang Daek', 140303),
(14030304, 'Ponhea Kaeut', 140303),
(14030305, 'Krouch', 140303),
(14030306, 'Prey Mlung', 140303),
(14030307, 'Angk', 140303),
(14030308, 'Krang Veaeng', 140303),
(14030309, 'Angkrong', 140303),
(14030310, 'Oknha Soeng', 140303),
(14030311, 'Thnoeng', 140303),
(14030312, 'Ta Bol', 140303),
(14030401, 'Traok', 140304),
(14030402, 'Pnov', 140304),
(14030403, 'Trapeang Re', 140304),
(14030404, 'Dak Por', 140304),
(14030405, 'Chrey', 140304),
(14030406, 'Chambak', 140304),
(14030407, 'Doung', 140304),
(14030408, 'Samraong', 140304),
(14030409, 'Svay Pak', 140304),
(14030501, 'Kansaom Ak', 140305),
(14030502, 'Ballangk', 140305),
(14030503, 'Chruol', 140305),
(14030504, 'Ta Teang', 140305),
(14030505, 'Trapeang Run', 140305),
(14030506, 'Prey Andoung', 140305),
(14030507, 'Prey Khmau', 140305),
(14030508, 'Krouch', 140305),
(14030509, 'Toap Siem', 140305),
(14030601, 'Kou Khchak', 140306),
(14030602, 'Prey Thum', 140306),
(14030603, 'Kou Kraok', 140306),
(14030604, 'Skea', 140306),
(14030605, 'Prey Kuy', 140306),
(14030606, 'Hab', 140306),
(14030607, 'Chamreh', 140306),
(14030608, 'Trapeang Trav', 140306),
(14030609, 'Romeas Chhor', 140306),
(14030610, 'Kraol', 140306),
(14030611, 'Prey Snuol', 140306),
(14030612, 'Trav', 140306),
(14030701, 'Tuol Roka', 140307),
(14030702, 'Khmer Eslam', 140307),
(14030703, 'Preaek Phdau', 140307),
(14030704, 'Anlong Chak', 140307),
(14030705, 'Roka Thum', 140307),
(14030706, 'Kampong Svay Khang Kaeut', 140307),
(14030707, 'Kampong Svay Khang Lech', 140307),
(14030708, 'Kampong Trabaek', 140307),
(14030709, 'Anlong Reach', 140307),
(14030710, 'Boeng Khyang', 140307),
(14030801, 'Angkor Angk', 140308),
(14030802, 'Peam Montear', 140308),
(14030803, 'Set Kramuon', 140308),
(14030804, 'Chamnang Teak', 140308),
(14030805, 'Krachab Kraom', 140308),
(14030806, 'Krachab Leu', 140308),
(14030807, 'Sakhakkar', 140308),
(14030808, 'Ta Kaev', 140308),
(14030809, 'Dangkieb Kdam', 140308),
(14030810, 'Preaek Ta', 140308),
(14030811, 'Khlam', 140308),
(14030901, 'Prasat', 140309),
(14030902, 'Chambak', 140309),
(14030903, 'Ampil', 140309),
(14030904, 'Poan Voat', 140309),
(14030905, 'Chrolong', 140309),
(14030906, 'Doung Tung', 140309),
(14030907, 'Bei', 140309),
(14030908, 'Phlorng', 140309),
(14030909, 'Thkov', 140309),
(14031001, 'Chheu Teal', 140310),
(14031002, 'Roluos', 140310),
(14031003, 'Chhvang', 140310),
(14031004, 'Traok', 140310),
(14031005, 'Tramot', 140310),
(14031006, 'Pou', 140310),
(14031007, 'Angkanh', 140310),
(14031008, 'Pratheat', 140310),
(14031009, 'Prey Nheat', 140310),
(14031101, 'Prey Ta Nen', 140311),
(14031102, 'Doung', 140311),
(14031103, 'Tbaeng', 140311),
(14031104, 'Pnov', 140311),
(14031105, 'A Kreach', 140311),
(14031106, 'Prey Damrei', 140311),
(14031107, 'Prey Mnoas', 140311),
(14031108, 'Svay Chek', 140311),
(14031201, 'Chi Peay', 140312),
(14031202, 'Chi Ak', 140312),
(14031203, 'Prey Samraong', 140312),
(14031204, 'Beng', 140312),
(14031205, 'Prey Krang', 140312),
(14031206, 'Prey Poun', 140312),
(14031207, 'Ta Proy', 140312),
(14031208, 'Trapeang Krasang', 140312),
(14031301, 'Ta Ho', 140313),
(14031302, 'Thum', 140313),
(14031303, 'Pouthi Vongs', 140313),
(14031304, 'Pou', 140313),
(14031305, 'Tbaeng', 140313),
(14031306, 'Ruessei', 140313),
(14031307, 'Ta Muong', 140313),
(14040101, 'Mean Chey', 140401),
(14040102, 'Prey Tbal', 140401),
(14040103, 'Kandach', 140401),
(14040104, 'Chong Ampil', 140401),
(14040105, 'Chambak', 140401),
(14040106, 'Prey Svay', 140401),
(14040107, 'Pea Roung', 140401),
(14040201, 'Prasrae Lech', 140402),
(14040202, 'Prasrae Mukh', 140402),
(14040203, 'Cheung Tuek', 140402),
(14040204, 'Prey Phdau', 140402),
(14040205, 'Thommeak Ker', 140402),
(14040206, 'Chhoeng Chumnir', 140402),
(14040207, 'Ou Ta Thok', 140402),
(14040208, 'Kanhchriech', 140402),
(14040209, 'Prey Phum', 140402),
(14040210, 'Pou Tong', 140402),
(14040211, 'Pou Mrenh', 140402),
(14040301, 'Doun Veal', 140403),
(14040302, 'Kdoeang Reay', 140403),
(14040303, 'Char Chrum', 140403),
(14040304, 'Krouch', 140403),
(14040305, 'Kruos', 140403),
(14040306, 'Pou Thum', 140403),
(14040307, 'Pou Touch', 140403),
(14040308, 'Ta Nal', 140403),
(14040309, 'Samraong', 140403),
(14040310, 'Lngeun', 140403),
(14040311, 'Saloung', 140403),
(14040312, 'Peanea Phsar', 140403),
(14040313, 'Peanea Kandal', 140403),
(14040314, 'Peanea Chuor', 140403),
(14040315, 'Ampeang', 140403),
(14040316, 'Traok', 140403),
(14040317, 'Boeng Anhchanh', 140403),
(14040401, 'Thma Tuek Dach', 140404),
(14040402, 'Kouk Krasang', 140404),
(14040403, 'Trapeang Svay', 140404),
(14040404, 'Bos Tnaot', 140404),
(14040405, 'Baek Kam', 140404),
(14040406, 'Ruessei Tonle', 140404),
(14040407, 'Serei Charchar', 140404),
(14040408, 'Chrey Mreak', 140404),
(14040409, 'Tuk Srov', 140404),
(14040410, 'Srah Srang', 140404),
(14040411, 'Trapeang Ampil', 140404),
(14040412, 'Chey Muni', 140404),
(14040501, 'Neak Ta Chey', 140405),
(14040502, 'Damnak Snuol', 140405),
(14040503, 'Trapeang Ruessei', 140405),
(14040504, 'Trapeang Prasrae Lech', 140405),
(14040505, 'Trapeang Prasrae Kaeut', 140405),
(14040506, 'Trapeang Pir', 140405),
(14040507, 'Prey Chek', 140405),
(14040508, 'Khtom Leav', 140405),
(14040509, 'Svay Chek', 140405),
(14040510, 'Kouk Kong Kaeut', 140405),
(14040511, 'Kouk Kong Lech', 140405),
(14040512, 'Kouk Kong Kandal', 140405),
(14040513, 'Kouk Kong Tboung', 140405),
(14040514, 'Svay Run', 140405),
(14040515, 'Tuol Popel', 140405),
(14040516, 'Roka Tret', 140405),
(14040517, 'Svay Toul', 140405),
(14040601, 'Trapeang Tuem', 140406),
(14040602, 'Trapeang Seh', 140406),
(14040603, 'Pou Thmei', 140406),
(14040604, 'Andoung Sala', 140406),
(14040605, 'Trapeang Thlan Tboung', 140406),
(14040606, 'Trapeang Thlan Cheung', 140406),
(14040607, 'Thmei', 140406),
(14040608, 'Tuol Tnaot', 140406),
(14040609, 'Kouk Roka', 140406),
(14040610, 'Prey Ta Prum', 140406),
(14040611, 'Trapeang Kranh', 140406),
(14040612, 'Lhaeuy', 140406),
(14040613, 'Pouthi Proeksa', 140406),
(14040614, 'Tuol Trach', 140406),
(14040615, 'Trapeang Kakaoh', 140406),
(14040616, 'Svay', 140406),
(14040701, 'Chhpoes', 140407),
(14040702, 'Preal Ti Pir', 140407),
(14040703, 'Preal Ti Muoy', 140407),
(14040704, 'Beng', 140407),
(14040705, 'Preah Ent Smat', 140407),
(14040706, 'Thma Pun', 140407),
(14040707, 'Kbal Damrei', 140407),
(14040708, 'Prey Char', 140407),
(14040709, 'Prongeuy Ti Muoy', 140407),
(14040710, 'Ta Paong', 140407),
(14040711, 'Prongeuy Ti Pir', 140407),
(14040801, 'Tnaot', 140408),
(14040802, 'Krala Meakh', 140408),
(14040803, 'Chumpu Voan', 140408),
(14040804, 'Kok', 140408),
(14040805, 'Ta Reach', 140408),
(14040806, 'Thnal Baek', 140408),
(14040807, 'Khnay Kov', 140408),
(14040808, 'Svay Chek', 140408),
(14050101, 'Srah Ta Oem', 140501),
(14050102, 'Kouk Chres', 140501),
(14050103, 'Sour', 140501),
(14050104, 'Ponley', 140501),
(14050105, 'Angkor Sar', 140501),
(14050106, 'Sambour', 140501),
(14050107, 'Trapeang Thum', 140501),
(14050108, 'Angkrong', 140501),
(14050109, 'Angk', 140501),
(14050201, 'Angk Preah', 140502),
(14050202, 'Andoung Trach', 140502),
(14050203, 'Chambak Chrum', 140502),
(14050204, 'Trapeang Skon', 140502),
(14050205, 'Andoung Ta Sraen', 140502),
(14050206, 'Chres', 140502),
(14050207, 'Krasang Ley', 140502),
(14050208, 'Prech', 140502),
(14050209, 'Toap Sdach', 140502),
(14050210, 'Chant Kruesna', 140502),
(14050211, 'Prohear', 140502),
(14050212, 'Boeng', 140502),
(14050213, 'Mean Chey', 140502),
(14050214, 'Boeng Antong', 140502),
(14050215, 'Poun', 140502),
(14050216, 'Tuol Ta Ri', 140502),
(14050217, 'Prey Sangkum', 140502),
(14050218, 'Prey Roka', 140502),
(14050219, 'Traok', 140502),
(14050301, 'Trapeang Skon', 140503),
(14050302, 'Pou Poat', 140503),
(14050303, 'Snay Bon', 140503),
(14050304, 'Traok', 140503),
(14050305, 'Chi Phoch', 140503),
(14050306, 'Pou Roung', 140503),
(14050307, 'Krasang', 140503),
(14050308, 'Thma Sa', 140503),
(14050309, 'Prey Trakhob', 140503),
(14050310, 'Samraong Veal', 140503),
(14050311, 'Samraong Voat', 140503),
(14050312, 'Ruessei Sanh', 140503),
(14050313, 'Veang', 140503),
(14050314, 'Svay Andoung', 140503),
(14050315, 'Yeang Touch', 140503),
(14050316, 'Yeang Thum', 140503),
(14050317, 'Thmei', 140503),
(14050318, 'Krasang Kantrae', 140503),
(14050401, 'Pou Snay', 140504),
(14050402, 'Trapeang Phlong', 140504),
(14050403, 'Ruessei Sbat', 140504),
(14050404, 'Trapeang Preah Ti Muoy', 140504),
(14050405, 'Trapeang Preah Ti Pir', 140504),
(14050406, 'Ta Mau', 140504),
(14050407, 'Sanloung Lieb', 140504),
(14050408, 'Ou Sangkae', 140504),
(14050409, 'Svay Chou', 140504),
(14050410, 'Ruessei Tvear', 140504),
(14050411, 'Prey Khnes Ka', 140504),
(14050412, 'Prey Khnes Kha', 140504),
(14050413, 'Kruos', 140504),
(14050414, 'Sambuor', 140504),
(14050415, 'Ruessei Chachak', 140504),
(14050416, 'Sanlung', 140504),
(14050417, 'Pnov', 140504),
(14050418, 'Ba Reach', 140504),
(14050419, 'Thmei', 140504),
(14050420, 'Robas Phchoek', 140504),
(14050421, 'Sla', 140504),
(14050422, 'Kaev Sna', 140504),
(14050501, 'Me Sang', 140505),
(14050502, 'Char', 140505),
(14050503, 'Kreul', 140505),
(14050504, 'Kandal', 140505),
(14050505, 'Prey Chek', 140505),
(14050506, 'Prey Rumdeng', 140505),
(14050507, 'Pong Tuek', 140505),
(14050508, 'Prey Khnor', 140505),
(14050601, 'Prey Ampov', 140506),
(14050602, 'Tbaeng', 140506),
(14050603, 'Pnov', 140506),
(14050604, 'Prey Mul', 140506),
(14050605, 'Boeng', 140506),
(14050606, 'Ampil Toul', 140506),
(14050607, 'Sampoar', 140506),
(14050608, 'Prey Chrum', 140506),
(14050609, 'Prey Totueng', 140506),
(14050610, 'Trapeang Kdam', 140506),
(14050611, 'Angk Kaot', 140506),
(14050612, 'Phav', 140506),
(14050701, 'Prey Preah Andoung', 140507),
(14050702, 'Thnal Kaeng', 140507),
(14050703, 'Sa Veang', 140507),
(14050704, 'Angkeas Dei', 140507),
(14050705, 'Svay Teab', 140507),
(14050706, 'Svay Tong', 140507),
(14050707, 'Svay Chrum', 140507),
(14050708, 'Trea', 140507),
(14050709, 'Pou Ta Mom', 140507),
(14050710, 'Prey Chamkar Khang Tboung', 140507),
(14050711, 'Prey Chamkar Khang Cheung', 140507),
(14050712, 'Kbal Khvaek', 140507),
(14050713, 'Chong Tuol', 140507),
(14050714, 'Srae Rean', 140507),
(14050715, 'Thmei', 140507),
(14050716, 'Boeng Antong', 140507),
(14050717, 'Svay Otdam', 140507),
(14050718, 'Phniet', 140507),
(14050801, 'Srama', 140508),
(14050802, 'Brohut', 140508),
(14050803, 'Brasva', 140508),
(14050804, 'Svay Rokeah', 140508),
(14050805, 'Trapeang Srae', 140508),
(14050806, 'Chek Thlok', 140508),
(14050807, 'Tbaeng', 140508),
(14050808, 'Trakiet', 140508),
(14050809, 'Meun Poan', 140508),
(14050810, 'Phlang', 140508),
(14050811, 'Prey Kuy', 140508),
(14050812, 'Mrenh', 140508),
(14060101, 'Angkor Angk', 140601),
(14060102, 'Preaek Traeng', 140601),
(14060103, 'Veal Robang Kraom', 140601),
(14060104, 'Veal Robang Leu', 140601),
(14060201, 'Ta Huy', 140602),
(14060202, 'Ta Paeu', 140602),
(14060203, 'Krang Krouch', 140602),
(14060204, 'Tuek Vil', 140602),
(14060205, 'Kampong Prasat', 140602),
(14060301, 'Mean Chey', 140603),
(14060302, 'Kaoh Chek', 140603),
(14060303, 'Kaoh Peam Reang', 140603),
(14060304, 'Spean', 140603),
(14060401, 'Svay Chrum', 140604),
(14060402, 'Dei Srot', 140604),
(14060403, 'Chrey Thmei', 140604),
(14060404, 'Kaoh Roka', 140604),
(14060501, 'Pou Thmei', 140605),
(14060502, 'Ampov Prey', 140605),
(14060503, 'Svay Andoung', 140605),
(14060504, 'Tuol Sang', 140605),
(14060505, 'Khsach', 140605),
(14060601, 'Chrey Otdam', 140606),
(14060602, 'Krang Chen', 140606),
(14060603, 'Krang Prey Phdau', 140606),
(14060604, 'Krang Ta Yang', 140606),
(14060605, 'Krang Skar', 140606),
(14060606, 'Pring', 140606),
(14060607, 'Pong Tuek', 140606),
(14060608, 'Roka Doh', 140606),
(14060701, 'Otdam', 140607),
(14060702, 'Otdong', 140607),
(14060703, 'Preaek Krabau', 140607),
(14060801, 'Khpob', 140608),
(14060802, 'Sambuor', 140608),
(14060803, 'Preaek Chrov', 140608),
(14060901, 'Peaen', 140609),
(14060902, 'Ta Sou', 140609),
(14060903, 'Ta Pung', 140609),
(14060904, 'Ruessei Srok', 140609),
(14060905, 'Edth', 140609),
(14060906, 'Chheu Teal', 140609),
(14060907, 'Svay Chek', 140609),
(14060908, 'Prey Moan', 140609),
(14060909, 'Boeng Aksar', 140609),
(14060910, 'Pou Khpos', 140609),
(14060911, 'Krang Poun', 140609),
(14061001, 'Sangkruoh', 140610),
(14061002, 'Sameakki', 140610),
(14061003, 'Bangaek', 140610),
(14070101, 'Ponley', 140701),
(14070102, 'Doung', 140701),
(14070103, 'Chouk Chey', 140701),
(14070104, 'Ba Baong', 140701),
(14070201, 'Prasat Lech', 140702),
(14070202, 'Prasat Cheung', 140702),
(14070203, 'Prasat Kaeut', 140702),
(14070204, 'Preaek Cham', 140702),
(14070205, 'Preaek Reang', 140702),
(14070206, 'Doek Da', 140702),
(14070301, 'Neak Loeang', 140703),
(14070302, 'Preaek Ta Sar', 140703),
(14070303, 'Preaek Thum', 140703),
(14070304, 'Stueng Slout', 140703),
(14070305, 'Stueng Santepheap', 140703),
(14070401, 'Thmei', 140704),
(14070402, 'Boeng Kaek', 140704),
(14070403, 'Boeng Phsaot', 140704),
(14070404, 'Chamkar Veaeng', 140704),
(14070405, 'Banlech', 140704),
(14070501, 'Peam Kaoh', 140705),
(14070502, 'Thkov', 140705),
(14070503, 'Bati', 140705),
(14070504, 'Chambak Prang', 140705),
(14070505, 'Chak Khlanh', 140705),
(14070601, 'Preaek Khsay', 140706),
(14070602, 'Otdam', 140706),
(14070701, 'Phum Muoy', 140707),
(14070702, 'Phum Pir', 140707),
(14070703, 'Phum Bei', 140707),
(14070704, 'Phum Buon', 140707),
(14070705, 'Phum Pram', 140707),
(14070706, 'Phum Prammuoy', 140707),
(14070801, 'Prey Kandieng', 140708),
(14070802, 'Prey Khla', 140708),
(14070803, 'Prey Angkunh', 140708),
(14070804, 'Prey Kampeaeng', 140708),
(14070805, 'Chan', 140708),
(14070806, 'Sdau', 140708),
(14070807, 'Ponley', 140708),
(14080101, 'Bat Santrea', 140801),
(14080102, 'Kampong Popil', 140801),
(14080103, 'Preaek Kamphleung', 140801),
(14080104, 'Chumnik', 140801),
(14080105, 'Tral', 140801),
(14080106, 'Kokor', 140801),
(14080107, 'Khsom Cheung', 140801),
(14080108, 'Khsom Tboung', 140801),
(14080109, 'Pohear', 140801),
(14080110, 'Tang Roleang', 140801),
(14080201, 'Kanhcham', 140802),
(14080202, 'Trea', 140802),
(14080203, 'Doung', 140802),
(14080204, 'Thkov', 140802),
(14080205, 'Tonle Chrey', 140802),
(14080206, 'Veal', 140802),
(14080207, 'Dambouk Thum', 140802),
(14080208, 'Prey Tumpung', 140802),
(14080209, 'Tang Romeang', 140802),
(14080301, 'Preaek Chruk', 140803),
(14080302, 'Preaek Ka Roatn', 140803),
(14080303, 'Kampong Prang', 140803),
(14080304, 'Sambuor', 140803),
(14080305, 'Lvea Kaong', 140803),
(14080306, 'Peak Sbai', 140803),
(14080501, 'Andoung', 140805),
(14080502, 'Mesar Prachan Leu', 140805),
(14080503, 'Mesar Prachan Kraom', 140805),
(14080504, 'Kampong trea', 140805),
(14080505, 'Preaek Champa', 140805),
(14080506, 'Me Mol', 140805),
(14080507, 'Yout', 140805),
(14080701, 'Angkeas Dei', 140807),
(14080702, 'Prum', 140807),
(14080703, 'Sameakki', 140807),
(14080704, 'Snay Phleung', 140807),
(14080705, 'Prey Sla', 140807),
(14080706, 'Prey Pnov', 140807),
(14080707, 'Kruos', 140807),
(14080708, 'Samreab', 140807),
(14080709, 'Ka Kou', 140807),
(14080710, 'Srama', 140807),
(14080801, 'Prey Sniet', 140808),
(14080802, 'Kampong Pou', 140808),
(14080803, 'Tumpeang Chreus', 140808),
(14080804, 'Me Loung', 140808),
(14080901, 'Preah Mlu', 140809),
(14080902, 'Kor', 140809),
(14080903, 'Svay', 140809),
(14080904, 'Prohut', 140809),
(14080905, 'Chrey', 140809),
(14080906, 'Krang', 140809),
(14080907, 'Kok Touch', 140809),
(14080908, 'Kok Thum', 140809),
(14080909, 'Prey Sralet', 140809),
(14080910, 'Prey Kralanh Touch', 140809),
(14080911, 'Prey Kralanh Thum', 140809),
(14080912, 'Chong Prey', 140809),
(14081001, 'Peareang', 140810),
(14081002, 'Chong Krouch', 140810),
(14081003, 'Vey Vet', 140810),
(14081004, 'Peam Ampil', 140810),
(14081005, 'Chrey', 140810),
(14081006, 'Pou Sabang', 140810),
(14081007, 'Prey Khla', 140810),
(14081101, 'Snay Pol', 140811),
(14081102, 'Roka', 140811),
(14081103, 'Trakiet', 140811),
(14081104, 'Ruessei Chuk', 140811),
(14081105, 'Tnaot', 140811),
(14081106, 'Prey Samlanh', 140811),
(14081107, 'Sanlung', 140811),
(14081108, 'Tang Snay', 140811),
(14081109, 'Me Lob', 140811),
(14090101, 'Krouch', 140901),
(14090102, 'Luengk', 140901),
(14090103, 'Ponhea Lieng', 140901),
(14090104, 'Thum', 140901),
(14090105, 'Prey A Steang', 140901),
(14090106, 'Tuek Chur', 140901),
(14090107, 'Chamkar Ta Mouy', 140901),
(14090108, 'Oknha Aem', 140901),
(14090109, 'Chrey', 140901),
(14090110, 'Prey Sramaoch', 140901),
(14090111, 'Svay Char', 140901),
(14090112, 'Har', 140901),
(14090113, 'Boeng Edth', 140901),
(14090114, 'Prey Rumchan', 140901),
(14090115, 'Svay', 140901),
(14090116, 'Prey Meas', 140901),
(14090117, 'Krasang Tong', 140901),
(14090201, 'Roka Chuor Ti Muoy', 140902),
(14090202, 'Roka Chuor Ti Pir', 140902),
(14090203, 'Roka Chuor Ti Bei', 140902),
(14090204, 'Chey Ta', 140902),
(14090205, 'Mrenh', 140902),
(14090206, 'Pou Riyum', 140902),
(14090207, 'Ka Kou', 140902),
(14090208, 'Ngeaek Ngok', 140902),
(14090209, 'Praoh Sva', 140902),
(14090210, 'Damrei Slab', 140902),
(14090211, 'Sampoung', 140902),
(14090212, 'Ta Oem', 140902),
(14090213, 'Boeng Kampot', 140902),
(14090214, 'Prabos Roluoy', 140902),
(14090215, 'Muni Sela', 140902),
(14090216, 'Ampil', 140902),
(14090217, 'Ping Pong', 140902),
(14090218, 'Ruessei Chuk', 140902),
(14090219, 'Pou', 140902),
(14090220, 'Pou Chreaek', 140902),
(14090301, 'Sambuor', 140903),
(14090302, 'Ta Ouk', 140903),
(14090303, 'Souriya', 140903),
(14090304, 'Boeng Daol', 140903),
(14090305, 'Pak Pri', 140903),
(14090306, 'Klaeng Kong', 140903),
(14090307, 'Ampil', 140903),
(14090308, 'Tuek Sen', 140903),
(14090309, 'Thkaol', 140903),
(14090310, 'Roka Koun Sat', 140903),
(14090311, 'Ta Hiev', 140903),
(14090401, 'Kdei Skea', 140904),
(14090402, 'Pou', 140904),
(14090403, 'Pra Thma', 140904),
(14090404, 'Chey Kampok', 140904),
(14090405, 'Snaor', 140904),
(14090406, 'Tras', 140904),
(14090407, 'Svay Toul', 140904),
(14090408, 'Angk Svay Tu', 140904),
(14090409, 'Kampong Ba Srei', 140904),
(14090410, 'Ta Pung', 140904),
(14090411, 'Tuol Lean', 140904),
(14090412, 'Prey Ba Srei', 140904),
(14090501, 'Svay', 140905),
(14090502, 'Pilea', 140905),
(14090503, 'Srah Thkov', 140905),
(14090504, 'Prey Khla', 140905),
(14090505, 'Phniet', 140905),
(14090506, 'Svay Bang', 140905),
(14090507, 'Ta Mau', 140905),
(14090508, 'Soeng', 140905),
(14090509, 'Veal', 140905),
(14090510, 'Kandal', 140905),
(14090511, 'Krang Kok', 140905),
(14090512, 'Chumrov', 140905),
(14090601, 'Sangkae Chong', 140906),
(14090602, 'Pou', 140906),
(14090603, 'Krang Svay', 140906),
(14090604, 'Tuol Mean Kun', 140906),
(14090605, 'Sonan Chai', 140906),
(14090606, 'Peay Neay', 140906),
(14090607, 'Pring', 140906),
(14090608, 'Kouk Sampov', 140906),
(14090609, 'Srah Kaev', 140906),
(14090610, 'Sdau', 140906),
(14090701, 'Samraong', 140907),
(14090702, 'Tnaot Chroh', 140907),
(14090703, 'Peani', 140907),
(14090704, 'Thum', 140907),
(14090705, 'Boeng Snaor', 140907),
(14090706, 'Lvea', 140907),
(14090707, 'Svay Kdieb', 140907),
(14090708, 'Prey Kduoch', 140907),
(14090709, 'Kampong Thnal', 140907),
(14090710, 'Ta Kouk', 140907),
(14090711, 'Prum Khsach', 140907),
(14090801, 'Kang Neang', 140908),
(14090802, 'Phot', 140908),
(14090803, 'Prey Run', 140908),
(14090804, 'Ruessei Tonle', 140908),
(14090805, 'Prey Toap', 140908),
(14090806, 'Phlang', 140908),
(14090807, 'Ruessei Totueng', 140908),
(14090808, 'Tnaot Toul', 140908),
(14090809, 'Ta Ket', 140908),
(14090810, 'Ampil', 140908),
(14090811, 'Anlong Char', 140908),
(14090812, 'Antreak', 140908),
(14090813, 'Tuol Chey', 140908),
(14090901, 'Chhneah Chey Leu', 140909),
(14090902, 'Chhneah Chey Kraom', 140909),
(14090903, 'Ta Mau', 140909),
(14090904, 'Ta Hel Ka', 140909),
(14090905, 'Ta Hel Kha', 140909),
(14091001, 'Trapeang Chhuk', 140910),
(14091002, 'Ta Ngak', 140910),
(14091003, 'Tuol Trea', 140910),
(14091004, 'Chi Put', 140910),
(14091005, 'Srah', 140910),
(14091006, 'Chongruh', 140910),
(14091007, 'Satthea', 140910),
(14091008, 'Prey Phdau', 140910),
(14091009, 'Ta Nal', 140910),
(14091010, 'Prey Phnha', 140910),
(14091011, 'Kouk', 140910),
(14091012, 'Cheung Tuek', 140910),
(14091013, 'Sala', 140910),
(14091014, 'Krasar Chet', 140910),
(14091015, 'Loek', 140910),
(14091016, 'Ampil', 140910),
(14091101, 'Klaeng Kong', 140911),
(14091102, 'Kdam Puk', 140911),
(14091103, 'Krasang Char', 140911),
(14091104, 'Kumreang', 140911),
(14091105, 'Snay Pruem', 140911),
(14091106, 'Thnong', 140911),
(14091107, 'Pring', 140911),
(14091108, 'Spean Chey', 140911),
(14091109, 'Prasna Thum', 140911),
(14091110, 'Prasna Touch', 140911),
(14091111, 'Trapeang Brabos', 140911),
(14091112, 'Chey A Khaol', 140911),
(14091113, 'Ampil', 140911),
(14091114, 'Khla Kham', 140911),
(14091115, 'Trea', 140911),
(14091116, 'Snaor', 140911),
(14091117, 'Samnoy', 140911),
(14091118, 'Kamraol', 140911),
(14100101, 'Baray Kaeut', 141001),
(14100102, 'Baray Lech', 141001),
(14100201, 'Cheung Tuek Ka', 141002),
(14100202, 'Cheung Tuek Kha', 141002),
(14100203, 'Kampong A Tong', 141002),
(14100204, 'Svay Sokhao', 141002),
(14100205, 'Aek Ream', 141002),
(14100301, 'Lekh Muoy', 141003),
(14100302, 'Lekh Pir', 141003),
(14100303, 'Lekh Bei', 141003),
(14100304, 'Lekh Buon', 141003),
(14100305, 'Lekh Pram', 141003),
(14100306, 'Lekh Prammuoy', 141003),
(14100307, 'Lekh Prampir', 141003),
(14100308, 'Lekh Prambei', 141003),
(14110101, 'Pou Rieng Cheung', 141101),
(14110102, 'Pou Rieng Tboung', 141101),
(14110103, 'Veal Prov', 141101),
(14110104, 'Yeay Sal', 141101),
(14110201, 'Preaek Anteah', 141102),
(14110202, 'Preaek Phkoam', 141102),
(14110203, 'Chrang Totueng', 141102),
(14110204, 'Ta Mao', 141102),
(14110205, 'Ta Meaeng', 141102),
(14110206, 'Angkor Yos', 141102),
(14110207, 'Thmei', 141102),
(14110301, 'Preaek Chrey Leu', 141103),
(14110302, 'Preaek Chrey Kraom', 141103),
(14110303, 'Anlong Trea', 141103),
(14110304, 'Bak Daok', 141103),
(14110305, 'Peam Sdei', 141103),
(14110401, 'Svay Kamping Puoy', 141104),
(14110402, 'Kampong Kra muon', 141104),
(14110403, 'Chreav', 141104),
(14110404, 'Popueus', 141104),
(14110405, 'Prey Kanlaong', 141104),
(14110501, 'Kok Trom Ka', 141105),
(14110502, 'Kok Trom Kha', 141105),
(14110503, 'Khnoy', 141105),
(14110504, 'Phloy', 141105),
(14110505, 'Skor Dach', 141105),
(14110506, 'Tnaot Tret', 141105),
(14110507, 'Ta Kao', 141105),
(14110508, 'Pheakkeaknes', 141105),
(14110601, 'Kampong Ruessei', 141106),
(14110602, 'Lvea', 141106),
(14110603, 'Prey Meas', 141106),
(14110604, 'Tnaot', 141106),
(14110605, 'Sla', 141106),
(14110606, 'Chrey Krohuem', 141106),
(14110701, 'Preaek Krouch', 141107),
(14110702, 'Preaek Chhmuoh', 141107),
(14110703, 'Preaek Ta Sar', 141107),
(14110704, 'Ta Preah', 141107),
(14120101, 'Svay Teab', 141201),
(14120102, 'Peanea', 141201),
(14120103, 'Kbal Boeng', 141201),
(14120104, 'Tuol Chrey', 141201),
(14120105, 'Ampil Krau', 141201),
(14120201, 'Prey Sva', 141202),
(14120202, 'Lvea', 141202),
(14120203, 'Kantrounh', 141202),
(14120204, 'Boeng Laeng', 141202),
(14120205, 'Chrey Khmum', 141202),
(14120206, 'Prasat', 141202),
(14120207, 'Ta Nal', 141202),
(14120208, 'Lam Loung', 141202),
(14120301, 'Lve', 141203),
(14120302, 'Ambaeng Cheh', 141203),
(14120303, 'Kaong Tonle Leu', 141203),
(14120304, 'Kaong Tonle Kraom', 141203),
(14120305, 'Prum Mni', 141203),
(14120306, 'Kaong Srae', 141203),
(14120401, 'Pnov', 141204),
(14120402, 'Ta Kreab', 141204),
(14120403, 'Kamprov', 141204),
(14120404, 'Phat Sandaong', 141204),
(14120405, 'Tuol Sroeng', 141204),
(14120406, 'Tuol Angkunh', 141204),
(14120407, 'Banlich Svay', 141204),
(14120501, 'Ta Ngak Srae', 141205),
(14120502, 'Skea Srok', 141205),
(14120503, 'Skea  Kdei', 141205),
(14120504, 'Ta Ngak Tonle', 141205),
(14120601, 'Chong', 141206),
(14120602, 'Trach', 141206),
(14120603, 'Pou Ti', 141206),
(14120604, 'Svay Sak', 141206),
(14120605, 'Prey Prum', 141206),
(14120606, 'Trapeang Cham', 141206),
(14120701, 'Preaek Changkran Leu', 141207),
(14120702, 'Preaek Changkran Kraom', 141207),
(14120703, 'Ba Prei', 141207),
(14120704, 'Preaek Pnov', 141207),
(14120705, 'Preaek Sandaek', 141207),
(14120801, 'Prey Daeum Thnoeng Ti Muoy', 141208),
(14120802, 'Prey Daeum Thnoeng Ti Pir', 141208),
(14120803, 'Prey Daeum Thnoeng Ti Bei', 141208),
(14120804, 'Prey Daeum Thnoeng Ti Buon', 141208),
(14120901, 'Chheu Teal', 141209),
(14120902, 'Khnar', 141209),
(14120903, 'Prey Tueng', 141209),
(14120904, 'Boeng Choar', 141209),
(14120905, 'Kouk Rokar', 141209),
(14121001, 'Roleang', 141210),
(14121002, 'Prey Lean', 141210),
(14121003, 'Char', 141210),
(14121004, 'Prey Pou', 141210),
(14121005, 'Anlong Sar', 141210),
(14121006, 'Kamphear', 141210),
(14121101, 'Svay Chi Kray', 141211),
(14121102, 'Ruessei Sanh', 141211),
(14121103, 'Yos', 141211),
(14121104, 'Prey Chhieng', 141211),
(14130101, 'Angkor Tret', 141301),
(14130102, 'Trabaek Lech', 141301),
(14130103, 'Trabaek Kaeut', 141301),
(14130104, 'Kok', 141301),
(14130105, 'Ta Ream Lech', 141301),
(14130106, 'Ta Ream Kaeut', 141301),
(14130107, 'Voat Trach', 141301),
(14130108, 'Ruessei Thlok', 141301),
(14130109, 'Sraloung Ti Muoy', 141301),
(14130110, 'Sraloung Ti Pir', 141301),
(14130111, 'Sraloung Ti Bei', 141301),
(14130112, 'Tra Laeuk', 141301),
(14130113, 'Boeng Rach', 141301),
(14130201, 'Chrey Seima', 141302),
(14130202, 'Prey Ruessei', 141302),
(14130203, 'Khla Pear', 141302),
(14130204, 'Chhkae Koun', 141302),
(14130205, 'Doun Yu', 141302),
(14130206, 'Chea Khlang', 141302),
(14130207, 'Chres', 141302),
(14130208, 'Thnong', 141302),
(14130301, 'Kouk Rovieng', 141303),
(14130302, 'Prey Ta Nan', 141303),
(14130303, 'Svay Kun', 141303),
(14130304, 'Prey Ta Mok', 141303),
(14130305, 'Krasang Koy', 141303),
(14130306, 'Menong Kraom', 141303),
(14130307, 'Ruessei Slab', 141303),
(14130308, 'Svay At', 141303),
(14130309, 'Menong Leu', 141303),
(14130310, 'Meun Puok', 141303),
(14130311, 'Prey Moha Chan', 141303),
(14130312, 'Chrey Veal', 141303),
(14130313, 'Chrey Phsar', 141303),
(14130314, 'Prey Char', 141303),
(14130315, 'Prohear', 141303),
(14130316, 'Doun Yuk', 141303),
(14130401, 'Chamkar Kuoy Lech', 141304),
(14130402, 'Chamkar Kuoy Kaeut', 141304),
(14130403, 'Ou Kandaol Tboung', 141304),
(14130404, 'Thkov', 141304),
(14130405, 'Koam Pradeus', 141304),
(14130406, 'Banteay Srae', 141304),
(14130407, 'Trapeang Pring', 141304),
(14130408, 'Veal Touch', 141304),
(14130409, 'Prey Phleang', 141304),
(14130410, 'Koun Tnaot', 141304),
(14130411, 'Bet Meas', 141304),
(14130412, 'Boeng Veaeng', 141304),
(14130413, 'Tboung Kdei', 141304),
(14130414, 'Bos', 141304),
(14130415, 'Prey Rung', 141304),
(14130416, 'Damrei Puon', 141304),
(14130417, 'Ou Kandaol Cheung', 141304),
(14130501, 'Chachak Ti Muoy', 141305),
(14130502, 'Chachak Ti Pir', 141305),
(14130503, 'Me Bon', 141305),
(14130504, 'Roka Khsok', 141305),
(14130505, 'Phnum Kong', 141305),
(14130506, 'Thkov', 141305),
(14130507, 'Ha Bour', 141305),
(14130601, 'Prey Chreang', 141306),
(14130602, 'Trapeang Ta Mouk', 141306),
(14130603, 'Trapeang Smau', 141306),
(14130604, 'Krang Chambak', 141306),
(14130605, 'Andoung Thma', 141306),
(14130606, 'Chrey Roleung', 141306),
(14130607, 'Prey Rumpeak', 141306),
(14130608, 'Trapeang Thum', 141306),
(14130609, 'Prey Rung', 141306),
(14130610, 'Pean Roung', 141306),
(14130611, 'Thnal Kaeng', 141306),
(14130612, 'Chhoeng Pos', 141306),
(14130613, 'Prey Nokor Knong', 141306),
(14130614, 'Kandal', 141306),
(14130615, 'Trabaek', 141306),
(14130616, 'Koun Pou', 141306),
(14130617, 'Prey Voa', 141306),
(14130618, 'Prey Chhlong', 141306),
(14130619, 'Chek', 141306),
(14130620, 'Dom', 141306),
(14130621, 'Thlok', 141306),
(14130701, 'Khyaok Cheung', 141307),
(14130702, 'Khyaok Kandal', 141307),
(14130703, 'Khyaok Tboung', 141307),
(14130704, 'Thnal Chey', 141307),
(14130801, 'Prey Sothon', 141308),
(14130802, 'Tanglang Ti Muoy', 141308),
(14130803, 'Tanglang Ti Pir', 141308),
(14130804, 'Tanglang Ti Bei', 141308),
(14130805, 'Prey Khla Ti Muoy', 141308),
(14130806, 'Prey Khla Ti Pir', 141308),
(14130807, 'Krachab Ti Muoy', 141308),
(14130808, 'Krachab Ti Pir', 141308),
(14130809, 'Krachab Ti Bei', 141308),
(14130810, 'Bak Tang', 141308),
(14130811, 'Soben', 141308),
(14130812, 'Veal', 141308),
(14130813, 'Sangvan', 141308),
(14130901, 'Prey Chheu Teal', 141309),
(14130902, 'Prolueng Meas', 141309),
(14130903, 'Trapeang Chak', 141309),
(14130904, 'Trapeang Edth', 141309),
(14130905, 'Prey Samlanh', 141309),
(14130906, 'Samraong', 141309),
(14130907, 'Prey Khnong', 141309),
(14130908, 'Kandal', 141309),
(14130909, 'Prohut', 141309),
(14130910, 'Traok', 141309),
(14130911, 'Trach', 141309),
(14130912, 'Sangkae', 141309),
(14130913, 'Ta Koat', 141309),
(14130914, 'Thmei', 141309),
(14131001, 'Svay Antor Ti Muoy', 141310),
(14131002, 'Svay Antor Ti Pir', 141310),
(14131003, 'Pou Chentam', 141310),
(14131004, 'Pou Chrey', 141310),
(14131005, 'Prey Khvaek', 141310),
(14131006, 'Boeng', 141310),
(14131007, 'Thlav', 141310),
(14131101, 'Traok Ta Pang', 141311),
(14131102, 'Prey Keav', 141311),
(14131103, 'Prey Phdau', 141311),
(14131104, 'Prey Totueng', 141311),
(14131105, 'Ruessei Tvea', 141311),
(14131106, 'Mean Chey', 141311),
(14131107, 'Sangkae Chrum', 141311),
(14131108, 'Tuol Ampil', 141311),
(14131109, 'Prauol Tuek', 141311),
(14131110, 'Prey Lveay', 141311),
(14131111, 'Bout Kong', 141311),
(14131112, 'Tuek Thla', 141311),
(14131113, 'Kanlaong', 141311),
(14131114, 'Banteay', 141311),
(14131115, 'Traok', 141311),
(14131116, 'Prich', 141311),
(14131117, 'Krong', 141311),
(14131118, 'Poun', 141311);
