CREATE TABLE IF NOT EXISTS `op_communes` (
  `id` int(20) NOT NULL,
  `name` text,
  `district_id` int(20) DEFAULT NULL,
  PRIMARY KEY (`id`),
  KEY `FK_tcommune` (`district_id`)
) ENGINE=InnoDB DEFAULT CHARSET=utf8;

--
-- Dumping data for table `op_communes`
--

INSERT INTO `op_communes` (`id`, `name`, `district_id`) VALUES
(20101, 'Kantueu Muoy', 201),
(20102, 'Kantueu Pir', 201),
(20103, 'Bay Damram', 201),
(20104, 'Chheu Teal', 201),
(20105, 'Chaeng Mean Chey', 201),
(20106, 'Phnum Sampov', 201),
(20107, 'Snoeng', 201),
(20108, 'Ta Kream', 201),
(20201, 'Ta Pung', 202),
(20202, 'Ta Meun', 202),
(20203, 'Ou Ta Ki', 202),
(20204, 'Chrey', 202),
(20205, 'Anlong Run', 202),
(20206, 'Chrouy Sdau', 202),
(20207, 'Boeng Pring', 202),
(20208, 'Kouk Khmum', 202),
(20209, 'Bansay Traeng', 202),
(20210, 'Rung Chrey', 202),
(20301, 'Tuol Ta Ek', 203),
(20302, 'Prek Preah Sdach', 203),
(20303, 'Rottanak', 203),
(20304, 'Chomkar Somraong', 203),
(20305, 'Sla Ket', 203),
(20306, 'Kdol Doun Teav', 203),
(20307, 'OMal', 203),
(20308, 'wat Kor', 203),
(20309, 'Ou Char', 203),
(20310, 'Svay Por', 203),
(20401, 'Bavel', 204),
(20402, 'Khnach Romeas', 204),
(20403, 'Lvea', 204),
(20404, 'Prey Khpos', 204),
(20405, 'Ampil Pram Daeum', 204),
(20406, 'Kdol Ta Haen', 204),
(20407, 'Khlaeng Meas', 204),
(20408, 'Boeung Pram', 204),
(20501, 'Preaek Norint', 205),
(20502, 'Samraong Knong', 205),
(20503, 'Preaek Khpob', 205),
(20504, 'Preaek Luong', 205),
(20505, 'Peam Aek', 205),
(20506, 'Prey Chas', 205),
(20507, 'Kaoh Chiveang', 205),
(20601, 'Moung', 206),
(20602, 'Kear', 206),
(20603, 'Prey Svay', 206),
(20604, 'Ruessei Krang', 206),
(20605, 'Chrey', 206),
(20606, 'Ta Loas', 206),
(20607, 'Kakaoh', 206),
(20608, 'Prey Touch', 206),
(20609, 'Robas Mongkol', 206),
(20701, 'Sdau', 207),
(20702, 'Andaeuk Haeb', 207),
(20703, 'Phlov Meas', 207),
(20704, 'Traeng', 207),
(20705, 'Reaksmei Songha', 207),
(20801, 'Anlong Vil', 208),
(20802, 'Norea', 208),
(20803, 'Ta Pon', 208),
(20804, 'Roka', 208),
(20805, 'Kampong Preah', 208),
(20806, 'Kampong Prieng', 208),
(20807, 'Reang Kesei', 208),
(20808, 'Ou Dambang Muoy', 208),
(20809, 'Ou Dambang Pir', 208),
(20810, 'Vaot Ta Muem', 208),
(20901, 'Ta Taok', 209),
(20902, 'Kampong Lpov', 209),
(20903, 'Ou Samril', 209),
(20904, 'Sung', 209),
(20905, 'Samlout', 209),
(20906, 'Mean Chey', 209),
(20907, 'Ta Sanh', 209),
(21001, 'Sampov Lun', 210),
(21002, 'Angkor Ban', 210),
(21003, 'Ta Sda', 210),
(21004, 'Santepheap', 210),
(21005, 'Serei Mean Chey', 210),
(21006, 'Chrey Seima', 210),
(21101, 'Phnum Proek', 211),
(21102, 'Pech Chenda', 211),
(21103, 'Bour', 211),
(21104, 'Barang Thleak', 211),
(21105, 'Ou Rumduol', 211),
(21201, 'Kamrieng', 212),
(21202, 'Boeng Reang', 212),
(21203, 'Ou Da', 212),
(21204, 'Trang', 212),
(21205, 'Ta Saen', 212),
(21206, 'Ta Krei', 212),
(21301, 'Thipakdei', 213),
(21302, 'Kaos Krala', 213),
(21303, 'Hab', 213),
(21304, 'Preah Phos', 213),
(21305, 'Doun Ba', 213),
(21306, 'Chhnal Moan', 213),
(21401, 'Preaek Chik', 214),
(21402, 'Prey Tralach', 214),
(21403, 'Mukh Reah', 214),
(21404, 'Sdok Pravoek', 214),
(21405, 'Basak', 214);

-- --------------------------------------------------------

--
-- Table structure for table `op_districts`
--

CREATE TABLE IF NOT EXISTS `op_districts` (
  `id` int(20) NOT NULL,
  `name` text,
  `provinces_id` int(20) DEFAULT NULL,
  PRIMARY KEY (`id`),
  KEY `FK_tdistrict` (`provinces_id`)
) ENGINE=InnoDB DEFAULT CHARSET=utf8;

--
-- Dumping data for table `op_districts`
--

INSERT INTO `op_districts` (`id`, `name`, `provinces_id`) VALUES
(201, 'Banan', 2),
(202, 'Thma Koul', 2),
(203, 'Battambang', 2),
(204, 'Bavel', 2),
(205, 'Aek Phnum', 2),
(206, 'Moung Ruessei', 2),
(207, 'Rotonak Mondol', 2),
(208, 'Sangkae', 2),
(209, 'Samlout', 2),
(210, 'Sampov Lun', 2),
(211, 'Phnum Proek', 2),
(212, 'Kamrieng', 2),
(213, 'Koas Krala', 2),
(214, 'Rukh Kiri', 2);

-- --------------------------------------------------------

--
-- Table structure for table `op_provinces`
--

CREATE TABLE IF NOT EXISTS `op_provinces` (
  `id` varchar(20) NOT NULL,
  `name` text,
  PRIMARY KEY (`id`)
) ENGINE=InnoDB DEFAULT CHARSET=utf8;

--
-- Dumping data for table `op_provinces`
--

INSERT INTO `op_provinces` (`id`, `name`) VALUES
('2', 'Battambang');

-- --------------------------------------------------------

--
-- Table structure for table `op_villages`
--

CREATE TABLE IF NOT EXISTS `op_villages` (
  `id` int(20) NOT NULL,
  `name` text NOT NULL,
  `commune_id` int(20) NOT NULL
) ENGINE=InnoDB DEFAULT CHARSET=latin1;

--
-- Dumping data for table `op_villages`
--

INSERT INTO `op_villages` (`id`, `name`, `commune_id`) VALUES
(2010101, 'Thmei', 20101),
(2010102, 'Tuol Thnong', 20101),
(2010103, 'Svay Prey', 20101),
(2010104, 'Svay Bei Daeum', 20101),
(2010105, 'Kampong Ampil', 20101),
(2010106, 'Sasar Pok', 20101),
(2010107, 'Voat Kantueu', 20101),
(2010201, 'Post Kantueu', 20102),
(2010202, 'Chamkar Ou', 20102),
(2010203, 'Banan', 20102),
(2010204, 'Kampang Lech', 20102),
(2010205, 'Kampang Kaeut', 20102),
(2010206, 'Chhay Rumpoat', 20102),
(2010207, 'Phnum Kol', 20102),
(2010301, 'Tuol Chranieng', 20103),
(2010302, 'Kampong Chaeng', 20103),
(2010303, 'Kanhchroung', 20103),
(2010304, 'Krala Peas', 20103),
(2010305, 'Bay Damram', 20103),
(2010306, 'Ta Song', 20103),
(2010307, 'Sdau', 20103),
(2010308, 'Prey Totueng', 20103),
(2010401, 'Kampong Chhlang', 20104),
(2010402, 'Chheu Teal', 20104),
(2010403, 'Kampong Srama', 20104),
(2010404, 'Khnar', 20104),
(2010405, 'Enteak Chit', 20104),
(2010406, 'Bat Sala', 20104),
(2010407, 'Bay Damram', 20104),
(2010408, 'Svay Prakeab', 20104),
(2010409, 'Chhak Pou', 20104),
(2010410, 'Anlong Ta Mei', 20104),
(2010411, 'Chamkar Svay', 20104),
(2010412, 'Thkov', 20104),
(2010413, 'Baboh', 20104),
(2010414, 'Doung', 20104),
(2010415, 'Anlok Kaong', 20104),
(2010501, 'Rung', 20105),
(2010502, 'Chaeng', 20105),
(2010503, 'Kampong Kol', 20105),
(2010504, 'Thngoar', 20105),
(2010505, 'Boh Khnor', 20105),
(2010506, 'Changhour Svay', 20105),
(2010507, 'Doung', 20105),
(2010601, 'Chaeng Kdar', 20106),
(2010602, 'Kampouv', 20106),
(2010603, 'Kouk Ampil', 20106),
(2010604, 'Phnum Sampov Lech', 20106),
(2010605, 'Phnum Sampov Kaeut', 20106),
(2010606, 'Samnanh', 20106),
(2010607, 'Kdaong', 20106),
(2010608, 'Krapeu Cheung', 20106),
(2010609, 'Krapeu Tboung', 20106),
(2010610, 'Krapeu Kaeut', 20106),
(2010701, 'Samraong', 20107),
(2010702, 'Kor', 20107),
(2010703, 'Snoeng Lech', 20107),
(2010704, 'Snoeng Kaeut', 20107),
(2010705, 'Boeng Chaeng', 20107),
(2010706, 'Boeng Prei', 20107),
(2010707, 'Peak Sbaek', 20107),
(2010708, 'Preah Srae', 20107),
(2010709, 'Rumchey', 20107),
(2010710, 'Sambuor Meas', 20107),
(2010711, 'Boeng Krasal', 20107),
(2010801, 'Paoy Svay', 20108),
(2010802, 'Ta Kream', 20108),
(2010803, 'Thmei', 20108),
(2010804, 'Ou Pong Moan', 20108),
(2010805, 'Ta Ngaen', 20108),
(2010806, 'Prey Phdau', 20108),
(2010807, 'Ou Ta Nhea', 20108),
(2010808, 'Dangkot Thnong', 20108),
(2010809, 'Andoung Neang', 20108),
(2010810, 'Anlong Svay', 20108),
(2010811, 'Slab Pang', 20108),
(2020101, 'Thma Koul Tboung', 20201),
(2020102, 'Paoy Yong', 20201),
(2020103, 'Kaksekam', 20201),
(2020104, 'Paoy Samraong', 20201),
(2020105, 'Kouk Kduoch', 20201),
(2020106, 'Ang Tboung', 20201),
(2020107, 'Tumpung Tboung', 20201),
(2020201, 'Thma Koul Cheung', 20202),
(2020202, 'Kouk Trab', 20202),
(2020203, 'Tumneab', 20202),
(2020204, 'Ta Sei', 20202),
(2020205, 'Chrouy Mtes', 20202),
(2020206, 'Krasang', 20202),
(2020207, 'Samraong', 20202),
(2020208, 'Thmei', 20202),
(2020209, 'Ang Cheung', 20202),
(2020210, 'Tumpung Cheung', 20202),
(2020301, 'Ou Ta Ki', 20203),
(2020302, 'Popeal Khae', 20203),
(2020303, 'Veal Trea', 20203),
(2020304, 'Tras', 20203),
(2020305, 'Prey Totueng', 20203),
(2020306, 'Prey Dach', 20203),
(2020307, 'Trang', 20203),
(2020308, 'Kakaoh', 20203),
(2020401, 'Chrey Thmei', 20204),
(2020402, 'Chrey', 20204),
(2020403, 'Ka Kou', 20204),
(2020404, 'Svay Chrum', 20204),
(2020405, 'Kbal Khmaoch', 20204),
(2020406, 'Prey Totueng', 20204),
(2020407, 'Hai San', 20204),
(2020408, 'Popeal Khae', 20204),
(2020409, 'Anlong Run', 20204),
(2020410, 'Kruos', 20204),
(2020501, 'Char', 20205),
(2020502, 'Sla Slak', 20205),
(2020503, 'Chab Kab', 20205),
(2020504, 'Souphi', 20205),
(2020505, 'Kruos', 20205),
(2020601, 'Chrouy Sdau', 20206),
(2020602, 'Nikom Krau', 20206),
(2020603, 'Nikom Knong', 20206),
(2020701, 'Boeng Pring', 20207),
(2020702, 'Ou Nhor', 20207),
(2020703, 'Snuol Kaong', 20207),
(2020704, 'Paoy Ta Sek', 20207),
(2020801, 'Kien Kaes Muoy', 20208),
(2020802, 'Kien Kaes Pir', 20208),
(2020803, 'Ta Meakh', 20208),
(2020804, 'Chranieng', 20208),
(2020805, 'Kouk Khmum', 20208),
(2020806, 'Kandal Tboung', 20208),
(2020807, 'Kandal Cheung', 20208),
(2020808, 'Chhkae Koun', 20208),
(2020901, 'Bansay Traeng', 20209),
(2020902, 'Ta Kay', 20209),
(2020903, 'Thmei', 20209),
(2020904, 'Prey Leav', 20209),
(2020905, 'Kaong Kang', 20209),
(2020906, 'Thmea', 20209),
(2020907, 'Spean', 20209),
(2020908, 'Tuol Ta Sokh', 20209),
(2021001, 'Ballangk Kraom', 20210),
(2021002, 'Prakeab', 20210),
(2021003, 'Kouk Khpos', 20210),
(2021004, 'Paoy Rumchey', 20210),
(2021005, 'Preah Ponlea', 20210),
(2021006, 'Rung Chrey', 20210),
(2021007, 'Tuol', 20210),
(2030101, 'O Ta Kam I', 20301),
(2030102, 'O Ta Kam II', 20301),
(2030103, 'O Ta Kam III', 20301),
(2030104, 'Tuol Ta Ek', 20301),
(2030105, 'Dangkor Teab', 20301),
(2030201, 'Prek Preah Sdach', 20302),
(2030202, 'Prek Ta Tan', 20302),
(2030203, '13 Meakkakra', 20302),
(2030204, 'O Khcheay', 20302),
(2030205, 'Lor Ith', 20302),
(2030206, 'Nom Kriab', 20302),
(2030207, 'Bek Chan Thmey', 20302),
(2030208, 'Cham kaRuessey', 20302),
(2030301, 'Rumchek 1', 20303),
(2030302, 'Rumchek 2', 20303),
(2030303, 'Rumchek 3', 20303),
(2030304, 'Rumchek 4', 20303),
(2030305, 'Rumchek 5', 20303),
(2030306, 'Souphy 1', 20303),
(2030307, 'Souphy 2', 20303),
(2030308, 'Rottanak', 20303),
(2030401, 'Chomkar Somraong 1', 20304),
(2030402, 'Chomkar Somraong 2', 20304),
(2030403, 'Vat Leeb', 20304),
(2030404, 'Vat Romdol', 20304),
(2030405, 'Phkar Sla', 20304),
(2030501, 'Sla Ket', 20305),
(2030502, 'Dam Spey', 20305),
(2030503, 'Chrey Kaong', 20305),
(2030601, 'Chong Preak', 20306),
(2030602, 'Kdol', 20306),
(2030603, 'Ou Ta Nob', 20306),
(2030604, 'Ta Pruoch', 20306),
(2030605, 'Ta Koy', 20306),
(2030606, 'Kantuot', 20306),
(2030607, 'Thkov', 20306),
(2030701, 'O Mal', 20307),
(2030702, 'Dak Sasar', 20307),
(2030703, 'Sala Balat', 20307),
(2030704, 'Prey Dach', 20307),
(2030705, 'Kouk Ponley', 20307),
(2030706, 'Wath Roka', 20307),
(2030707, 'Koun Sek', 20307),
(2030708, 'Andoung Pring', 20307),
(2030709, 'Boeng Reing', 20307),
(2030710, 'Prey Roka', 20307),
(2030801, 'Wat Kor', 20308),
(2030802, 'Chrap Krasaing', 20308),
(2030803, 'Balaingk', 20308),
(2030804, 'Khsach Poy', 20308),
(2030805, 'Damnak Luong', 20308),
(2030806, 'Kampong Seima', 20308),
(2030901, 'Ou Char', 20309),
(2030902, 'Prey Koun Sek', 20309),
(2030903, 'Kab Kou Thmei', 20309),
(2030904, 'Andoung Chenh', 20309),
(2030905, 'Anhchanh', 20309),
(2030906, 'Ang', 20309),
(2031001, 'Prek MohaTep', 20310),
(2031002, 'Kampong Krabei', 20310),
(2031003, 'Maphey  Osakphea', 20310),
(2031004, 'Kammeakor', 20310),
(2040101, 'Bavel Muoy', 20401),
(2040102, 'Bavel Pir', 20401),
(2040103, 'Tumnob Tuek', 20401),
(2040104, 'Dach Proat', 20401),
(2040105, 'Sangkae Vear', 20401),
(2040106, 'Peam', 20401),
(2040107, 'Kampong Phnov', 20401),
(2040108, 'Stueng Dach', 20401),
(2040109, 'Spean Kandaol', 20401),
(2040110, 'Sang Reang', 20401),
(2040111, 'Svay Chrum', 20401),
(2040112, 'Doun av', 20401),
(2040113, 'Prey Totueng Muoy', 20401),
(2040114, 'Prey Totueng Pir', 20401),
(2040115, 'Kouk', 20401),
(2040116, 'Sla Khlanh', 20401),
(2040117, 'Kampong Chhnang Muoy', 20401),
(2040118, 'Kampong Chhnang Pir', 20401),
(2040119, 'Sameakki', 20401),
(2040201, 'Prey Sangha', 20402),
(2040202, 'Kaoh Ream', 20402),
(2040203, 'Rung Ampil', 20402),
(2040204, 'Ballangk Leu', 20402),
(2040205, 'Svay Sa', 20402),
(2040206, 'Khnach Romeas', 20402),
(2040207, 'Ballangk Mean Chey', 20402),
(2040208, 'Chrouy Sna', 20402),
(2040301, 'Lvea', 20403),
(2040302, 'Doun Nhaem', 20403),
(2040303, 'Chamkar', 20403),
(2040304, 'Dangkao', 20403),
(2040305, 'Ream Sena', 20403),
(2040306, 'Doun Aok', 20403),
(2040307, 'Ping Pong', 20403),
(2040308, 'Svay Prey', 20403),
(2040309, 'Boeng Samraong', 20403),
(2040310, 'Kbal Spean', 20403),
(2040311, 'Lvea Chas', 20403),
(2040312, 'Ta Ni', 20403),
(2040401, 'Ta Hi', 20404),
(2040402, 'Pou', 20404),
(2040403, 'Ta Mat', 20404),
(2040404, 'Makkloea', 20404),
(2040405, 'Prey Khpos', 20404),
(2040406, 'Sranal', 20404),
(2040407, 'Dangkao Pen', 20404),
(2040408, 'Kbal Thnal', 20404),
(2040409, 'Boeng Chumnieng', 20404),
(2040410, 'Kbal Ang', 20404),
(2040501, 'Dangkao Kramang', 20405),
(2040502, 'Siem', 20405),
(2040503, 'Ampil', 20405),
(2040504, 'Sthapor Muoy', 20405),
(2040505, 'Ta Khiev', 20405),
(2040506, 'Buo Run', 20405),
(2040507, 'Doung', 20405),
(2040508, 'Sthapor Pir', 20405),
(2040509, 'Boeng Sangkae', 20405),
(2040510, 'Bu Chum', 20405),
(2040511, 'Thmey', 20405),
(2040512, 'Boeung Ahrak', 20405),
(2040513, 'Koub', 20405),
(2040514, 'Boeung Snul', 20405),
(2040515, 'Boeung Popul', 20405),
(2040601, 'Suon Sla', 20406),
(2040602, 'Kdol Kraom', 20406),
(2040603, 'San', 20406),
(2040604, 'Peam', 20406),
(2040605, 'Kandal', 20406),
(2040606, 'Buo', 20406),
(2040607, 'Thmei', 20406),
(2040608, 'Tuol Krasang', 20406),
(2040609, 'Kdol Leu', 20406),
(2040610, 'Ta Haen', 20406),
(2040612, 'Anlong Rey', 20406),
(2040614, 'Boeng Anlok', 20406),
(2040618, 'Damnak Dangkao', 20406),
(2040623, 'Srah Tuek', 20406),
(2040626, 'Ta Kot', 20406),
(2040701, 'Trapeang Kbal Sva', 20407),
(2040702, 'Prab Hoeb', 20407),
(2040703, 'Ou Doun Pov', 20407),
(2040704, 'Khleang', 20407),
(2040705, 'Chrang Bak', 20407),
(2040706, 'Anlong Reang', 20407),
(2040707, 'Boeng Sangkae', 20407),
(2040708, 'Tumnob Ta Kuon', 20407),
(2040709, 'Tuol Snuol', 20407),
(2040710, 'Prey Thum', 20407),
(2040711, 'Kampong Mkak', 20407),
(2040712, 'Buo Sangkreach', 20407),
(2040713, 'Prey Preal', 20407),
(2040801, 'Krapeu Saeseb', 20408),
(2040802, 'Boeung Thung', 20408),
(2040803, 'Samnang Pras Srey', 20408),
(2040804, 'Yut Te Thhor', 20408),
(2040805, 'Boeung Krola', 20408),
(2040806, 'Oureusey', 20408),
(2040807, 'Boeng Pram', 20408),
(2040808, 'Chey Chumnas', 20408),
(2050101, 'Preaek Ta Chraeng', 20501),
(2050102, 'Preaek Krouch', 20501),
(2050103, 'Svay Chrum', 20501),
(2050104, 'Preaek Norint', 20501),
(2050105, 'Sdei', 20501),
(2050106, 'Rohal Suong', 20501),
(2050107, 'Duong Mea', 20501),
(2050108, 'Reach Doun Kaev', 20501),
(2050109, 'Ansang Sak', 20501),
(2050110, 'Preaek Trab', 20501),
(2050201, 'Samraong Knong', 20502),
(2050202, 'Kampong Sambuor', 20502),
(2050203, 'Samraong Snao', 20502),
(2050204, 'Samraong Ou Trea', 20502),
(2050205, 'Samraong Ta Kok', 20502),
(2050301, 'Preaek Snao', 20503),
(2050302, 'Preaek Khpob', 20503),
(2050303, 'Sna Pi Mukh', 20503),
(2050304, 'Khvet', 20503),
(2050305, 'Ou Kambot', 20503),
(2050401, 'Preaek Luong', 20504),
(2050402, 'Sdei Leu', 20504),
(2050403, 'Sdei Kraom', 20504),
(2050404, 'Rohal Suong', 20504),
(2050405, 'Bak Amraek', 20504),
(2050406, 'Doun Ent', 20504),
(2050407, 'Bak Roteh', 20504),
(2050501, 'Doun Teav', 20505),
(2050502, 'Suos Ei', 20505),
(2050503, 'Peam Aek', 20505),
(2050504, 'Kong Tum', 20505),
(2050505, 'Ka Rohal', 20505),
(2050506, 'Preaek Chdaor', 20505),
(2050507, 'Ta Kom', 20505),
(2050508, 'Kouk Doung', 20505),
(2050601, 'Prey Chas', 20506),
(2050602, 'Peam Seima', 20506),
(2050603, 'Anlong Sandan', 20506),
(2050604, 'Kaoh Chiveang', 20506),
(2050605, 'Bak Prea', 20506),
(2050701, 'Thvang', 20507),
(2050702, 'Kampong Prahok', 20507),
(2050703, 'Anlong Ta Uor', 20507),
(2050704, 'Preaek Toal', 20507),
(2050705, 'Kbal Taol', 20507),
(2060101, 'Paen', 20601),
(2060102, 'Ou Krabau', 20601),
(2060103, 'Kaoh Char', 20601),
(2060104, 'Ruessei Muoy', 20601),
(2060105, 'Roluos', 20601),
(2060106, 'Ruessei Pir', 20601),
(2060107, 'Kansai Banteay', 20601),
(2060108, 'Ra', 20601),
(2060109, 'Daeum Doung', 20601),
(2060110, 'Moung', 20601),
(2060111, 'Pralay', 20601),
(2060112, 'Ta Tok Muoy', 20601),
(2060113, 'Ta Tok Pir', 20601),
(2060114, 'Kbal Mus', 20601),
(2060116, 'Baoh Puoy', 20601),
(2060201, 'Run', 20602),
(2060202, 'Roka Chhmoul', 20602),
(2060203, 'Anlong Sdau', 20602),
(2060204, 'Pou Muoy', 20602),
(2060205, 'Pou Pir', 20602),
(2060206, 'Kear Muoy', 20602),
(2060207, 'Kear Pir', 20602),
(2060208, 'Kear Bei', 20602),
(2060209, 'Ou Kriet', 20602),
(2060210, 'Ream Kon', 20602),
(2060211, 'Ta Nak', 20602),
(2060212, 'Kaoh Thkov', 20602),
(2060301, 'Kor', 20603),
(2060302, 'Cham Roa', 20603),
(2060303, 'Phlov Bambaek', 20603),
(2060304, 'Rumchek', 20603),
(2060305, 'Tuol Thnong', 20603),
(2060306, 'Kalaom Phluk', 20603),
(2060307, 'Srama Meas', 20603),
(2060308, 'Prey Svay', 20603),
(2060309, 'Prey Preal', 20603),
(2060401, 'Neak Ta Tvear', 20604),
(2060402, 'Yeun Mean', 20604),
(2060403, 'Tuol Snuol', 20604),
(2060404, 'Chrey Run', 20604),
(2060405, 'Tuol Roka', 20604),
(2060406, 'Nikom Kraom', 20604),
(2060407, 'Srah Chineang', 20604),
(2060408, 'Pech Changva', 20604),
(2060409, 'Ampil Chhung', 20604),
(2060410, 'Thnal Bat', 20604),
(2060411, 'Boeng Prei Mean Chey', 20604),
(2060501, 'Doun Tri', 20605),
(2060502, 'Angkrong', 20605),
(2060503, 'Tuol Ta Thon', 20605),
(2060504, 'Mreah Prov', 20605),
(2060505, 'Chrey Muoy', 20605),
(2060506, 'Chrey Pir', 20605),
(2060507, 'Chrey Cheung', 20605),
(2060508, 'Chong Samnay', 20605),
(2060601, 'Ma Naok', 20606),
(2060602, 'Suosdei', 20606),
(2060603, 'Sdei Stueng', 20606),
(2060604, 'Stueng Thmei', 20606),
(2060605, 'Veal', 20606),
(2060606, 'Voat Chas', 20606),
(2060607, 'Chong Pralay', 20606),
(2060608, 'Pralay Sdau', 20606),
(2060609, 'Tras', 20606),
(2060701, 'Tuol Prum Muoy', 20607),
(2060702, 'Tuol Prum Pir', 20607),
(2060703, 'Chak Touch', 20607),
(2060704, 'Chak Thum', 20607),
(2060705, 'Kakaoh', 20607),
(2060706, 'Srae Ou', 20607),
(2060707, 'Phieng', 20607),
(2060708, 'Rumchek', 20607),
(2060801, 'Koun Khlong', 20608),
(2060802, 'Dob Krasang', 20608),
(2060803, 'Thmei', 20608),
(2060804, 'Prey Touch', 20608),
(2060805, 'Prean Nil', 20608),
(2060806, 'Stueng Chak', 20608),
(2060807, 'Boeng Pring', 20608),
(2060808, 'Prey Damrei', 20608),
(2060901, 'Boeng Bei', 20609),
(2060902, 'Kuoy Chik Dei', 20609),
(2060903, 'Preaek Am', 20609),
(2060904, 'Koun Kaek Muoy', 20609),
(2060905, 'Koun Kaek Pir', 20609),
(2060906, 'Robas Mongkol', 20609),
(2060907, 'Anlong Koub', 20609),
(2060908, 'Prey Prum Muoy', 20609),
(2060909, 'Prey Prum Pir', 20609),
(2060910, 'Preah Theat', 20609),
(2060911, 'Anlong Ta Mok', 20609),
(2060912, 'Anlong Trach', 20609),
(2070101, 'Banang', 20701),
(2070102, 'Sdau', 20701),
(2070103, 'Chamkar Lmut', 20701),
(2070104, 'Boeng Ampil', 20701),
(2070105, 'Dangkot', 20701),
(2070106, 'Doun Meay', 20701),
(2070107, 'Baribour', 20701),
(2070113, 'Kouk Choar', 20701),
(2070201, 'Andaeuk Haeb', 20702),
(2070202, 'Svay Chuor', 20702),
(2070203, 'Thma Prous', 20702),
(2070204, 'Serei Voan', 20702),
(2070205, 'Prey Ampor', 20702),
(2070206, 'Kandal Stueng', 20702),
(2070207, 'Thvak', 20702),
(2070301, 'Phlov Meas', 20703),
(2070302, 'Sek Sak', 20703),
(2070303, 'Tuek Sab', 20703),
(2070304, 'Chi Pang', 20703),
(2070305, 'Ou Traeng', 20703),
(2070306, 'Ou Da', 20703),
(2070307, 'Ou Lmun', 20703),
(2070401, 'Kilou', 20704),
(2070402, 'Phcheav', 20704),
(2070403, 'Chea Montrei', 20704),
(2070404, 'Chi Sang', 20704),
(2070405, 'Kilou Samprambei', 20704),
(2070406, 'Svay Sa', 20704),
(2070407, 'Ta Krok', 20704),
(2070409, 'Bu Run', 20704),
(2070501, 'Reaksmei Sangha', 20705),
(2070502, 'Neang Lem', 20705),
(2070503, 'Andaeuk Dobmuoy', 20705),
(2070504, 'Pech Changva', 20705),
(2070505, 'Badak Tboung', 20705),
(2070506, 'Badak Cheung', 20705),
(2070507, 'Ou Dai Khla', 20705),
(2070508, 'Ou Khmum', 20705),
(2080101, 'Chrab Veal', 20801),
(2080102, 'Beng', 20801),
(2080103, 'Anlong Vil', 20801),
(2080104, 'Ou Muni Muoy', 20801),
(2080105, 'Ou Muni Pir', 20801),
(2080106, 'Chumnik', 20801),
(2080107, 'Puk Chhma', 20801),
(2080108, 'Spong', 20801),
(2080109, 'Svay Kang', 20801),
(2080110, 'Dambouk Bon', 20801),
(2080201, 'Norea Muoy', 20802),
(2080202, 'Norea Pir', 20802),
(2080203, 'Balat', 20802),
(2080204, 'Ta Kok', 20802),
(2080301, 'Boeng Tuem', 20803),
(2080302, 'Svay Sa', 20803),
(2080303, 'Samdach', 20803),
(2080304, 'Basaet', 20803),
(2080305, 'Ta Pon', 20803),
(2080402, 'Pou Batdambang', 20804),
(2080403, 'Ambaeng Thngae', 20804),
(2080404, 'Roka', 20804),
(2080405, 'Ta Haen Muoy', 20804),
(2080406, 'Ta Haen Pir', 20804),
(2080407, 'Choung Trodok', 20804),
(2080501, 'Prey Chaek', 20805),
(2080502, 'Panhnha', 20805),
(2080503, 'Kralanh', 20805),
(2080504, 'Kampong Preah', 20805),
(2080505, 'Andoung Trach', 20805),
(2080506, 'Srah Kaev', 20805),
(2080601, 'Sambok Ak', 20806),
(2080602, 'Sala Trav', 20806),
(2080603, 'Kach Roteh', 20806),
(2080604, 'Thmei', 20806),
(2080605, 'Os Tuk', 20806),
(2080606, 'Kbal Thnal', 20806),
(2080701, 'Tuol Snuol', 20807),
(2080702, 'Voat Kandal', 20807),
(2080703, 'Reang Kesei', 20807),
(2080704, 'Reang Kraol', 20807),
(2080705, 'Prey Svay', 20807),
(2080706, 'Svay Cheat', 20807),
(2080707, 'Boeng Veaeng', 20807),
(2080708, 'Damnak Dangkao', 20807),
(2080709, 'Kakaoh Kambot', 20807),
(2080801, 'Vaot Ta Muem', 20808),
(2080802, 'Baoh Pou', 20808),
(2080803, 'Ou Khcheay', 20808),
(2080804, 'Ou Sralau', 20808),
(2080805, 'Voat Chaeng', 20808),
(2080806, 'Samraong Kaong', 20808),
(2080901, 'Ou Dambang', 20809),
(2080902, 'Svay Chrum', 20809),
(2080903, 'Kampong Mdaok', 20809),
(2080904, 'Svay Thum', 20809),
(2080905, 'Dambouk Khpos', 20809),
(2080906, 'Tuol Lvieng', 20809),
(2081001, 'Kampong pil', 20810),
(2081002, 'Kampong Chlang', 20810),
(2081003, 'Ou Sralau', 20810),
(2081004, 'Ou Khcheay', 20810),
(2081005, 'Sla Kram', 20810),
(2081006, 'Anlong Lvea', 20810),
(2090101, 'Peam Ta', 20901),
(2090102, 'Ou Traeng', 20901),
(2090103, 'Veal Roluem', 20901),
(2090104, 'Ta Taok', 20901),
(2090105, 'Ou Nonoung', 20901),
(2090106, 'Peam', 20901),
(2090107, 'Ou Tatiek', 20901),
(2090108, 'Ou Krouch', 20901),
(2090109, 'Phnum Rai', 20901),
(2090201, 'Svay Chrum', 20902),
(2090202, 'Kampong Lpov', 20902),
(2090203, 'Kandal', 20902),
(2090204, 'Ou Daeum Chek', 20902),
(2090205, 'Prey Thum', 20902),
(2090206, 'Stueng Touch', 20902),
(2090207, 'Ou Choam Leu', 20902),
(2090208, 'Ou Choam Kandal', 20902),
(2090209, 'Ou Choam Kraom', 20902),
(2090301, 'Ou Samril Leu', 20903),
(2090302, 'Ou Samril Kraom', 20903),
(2090303, 'Ou Rumchek Leu', 20903),
(2090304, 'Ou Rumchek Kraom', 20903),
(2090305, 'Chamlang Romeang Leu', 20903),
(2090306, 'Chamlang Romeang Kraom', 20903),
(2090401, 'Sung Muoy', 20904),
(2090402, 'Sung Pir', 20904),
(2090403, 'Kandal', 20904),
(2090404, 'Srae Reach', 20904),
(2090405, 'Chamkar Chek', 20904),
(2090406, 'Kanhchang', 20904),
(2090501, 'Srae Andoung', 20905),
(2090502, 'Chhak Roka', 20905),
(2090503, 'Samlout', 20905),
(2090504, 'Kantuot', 20905),
(2090505, 'Ou Chrab', 20905),
(2090506, 'Boeng Run', 20905),
(2090601, 'Kampong Touk', 20906),
(2090602, 'Kamchat', 20906),
(2090603, 'Srae Sdau', 20906),
(2090604, 'Ampuep', 20906),
(2090605, 'Srae Chipov', 20906),
(2090606, 'Ta Non', 20906),
(2090701, 'Ou Snguot', 20907),
(2090702, 'Prey Rumchek', 20907),
(2090703, 'Ou Tontuem', 20907),
(2090704, 'Ta Sanh Khang Chheung', 20907),
(2090705, 'Ta Sanh Khang Tboung', 20907),
(2090706, 'Anlong Puok', 20907),
(2090707, 'Doun Tret', 20907),
(2100101, 'Thnal Bat', 21001),
(2100102, 'Thnal Bambaek', 21001),
(2100103, 'Kaoh Touch', 21001),
(2100104, 'Tuol Chrey', 21001),
(2100201, 'Kbal Hong', 21002),
(2100202, 'Pralay Prak', 21002),
(2100203, 'Andoung Pir', 21002),
(2100204, 'Tuek Phos', 21002),
(2100205, 'Tuek Thla', 21002),
(2100301, 'Veal Vong', 21003),
(2100302, 'Ta Sda', 21003),
(2100303, 'Chamkar Lhong', 21003),
(2100304, 'Koun Phnum Khang Cheung', 21003),
(2100305, 'Koun Phnum Khang Tboung', 21003),
(2100306, 'Ou Chamnib', 21003),
(2100401, 'Ou', 21004),
(2100402, 'Kilou Lekh Dabbei', 21004),
(2100403, 'Trapeang Prolit', 21004),
(2100404, 'Ou Kandaol', 21004),
(2100501, 'Sralau Chrum', 21005),
(2100502, 'Chheu Teal', 21005),
(2100503, 'Pou Chrey', 21005),
(2100504, 'Ou Trav Chur', 21005),
(2100505, 'Kumnor Beng', 21005),
(2100506, 'Ou Kruos', 21005),
(2100507, 'Ou Kokir', 21005),
(2100508, 'Tuol Krasang', 21005),
(2100601, 'Ou Lvea', 21006),
(2100602, 'Spean Youl', 21006),
(2100603, 'Reaksmei', 21006),
(2100604, 'Kilou  Prambuon', 21006),
(2100605, 'Chambak', 21006),
(2100606, 'Chamkar Ta Bun', 21006),
(2100607, 'Ou Kach', 21006),
(2100608, 'Sralau Chrum', 21006),
(2110101, 'Tuol Khpos', 21101),
(2110102, 'Beng Sat', 21101),
(2110103, 'Phnum Proek', 21101),
(2110104, 'Sralau', 21101),
(2110105, 'Kokir', 21101),
(2110201, 'Ou', 21102),
(2110202, 'Phnom Touch', 21102),
(2110203, 'Pech Chenda', 21102),
(2110204, 'Ou Ta Sokh', 21102),
(2110205, 'Ou Ta Pon', 21102),
(2110206, 'Snuol', 21102),
(2110207, 'Sameakki', 21102),
(2110305, 'Damnak Beng', 21103),
(2110306, 'Dom Nakksan', 21103),
(2110307, 'Oda', 21103),
(2110308, 'Phnom 7', 21103),
(2110309, 'Bou', 21103),
(2110310, 'Anlung Kroch', 21103),
(2110311, 'Anlung Sdei', 21103),
(2110312, 'Spean Tomneab', 21103),
(2110401, 'Tuol Chrey', 21104),
(2110402, 'Ou Chaot', 21104),
(2110403, 'Tuol Khvav', 21104),
(2110404, 'Barang Thleak', 21104),
(2110405, 'Chamkar Srov', 21104),
(2110406, 'Damnak Ampil', 21104),
(2110407, 'Tuol Kakaoh', 21104),
(2110408, 'Ou Kol Samyong', 21104),
(2110409, 'Tuol', 21104),
(2110410, 'Chamkar Trab', 21104),
(2110411, 'Hong Tuek', 21104),
(2110412, 'Chakrei', 21104),
(2110501, 'Samraong', 21105),
(2110502, 'Ou Rumduol', 21105),
(2110503, 'Ou Prayut', 21105),
(2110504, 'Kandal', 21105),
(2110505, 'Thnal Bot', 21105),
(2110506, 'Ou Lhong', 21105),
(2120101, 'Kamrieng', 21201),
(2120102, 'Svay Veaeng', 21201),
(2120103, 'Svay Sa', 21201),
(2120104, 'Sralau Tong', 21201),
(2120105, 'Ou Chrey', 21201),
(2120106, 'Roka Bos', 21201),
(2120107, 'Lak Hokpir', 21201),
(2120108, 'Boeng Ou Cheang', 21201),
(2120201, 'Doung', 21202),
(2120202, 'Ou Da Leu', 21202),
(2120203, 'Ou Krouch', 21202),
(2120204, 'Svay', 21202),
(2120205, 'Svay Thum', 21202),
(2120206, 'Boeng Reang', 21202),
(2120207, 'Preah Puth', 21202),
(2120301, 'Kandal', 21203),
(2120302, 'Svay Chrum', 21203),
(2120303, 'Ou Kokir', 21203),
(2120304, 'Ou Da', 21203),
(2120305, 'Thmei', 21203),
(2120306, 'Kampong Lei', 21203),
(2120307, 'Lumphat', 21203),
(2120308, 'Mnoas Kal', 21203),
(2120309, 'Samraong', 21203),
(2120310, 'Tang Yu', 21203),
(2120401, 'Trang', 21204),
(2120402, 'Kandal', 21204),
(2120403, 'Svay Prey', 21204),
(2120404, 'Thmei', 21204),
(2120405, 'Lvea Te', 21204),
(2120406, 'Ta Saen', 21204),
(2120407, 'Ou Kokir', 21204),
(2120408, 'Ou Chambak', 21204),
(2120409, 'Phnum Muoyrouy', 21204),
(2120501, 'Dei Kraham', 21205),
(2120502, 'Ou Chamlang', 21205),
(2120503, 'Ou Anlok', 21205),
(2120504, 'Ou Tuek Thla', 21205),
(2120601, 'Damnak Sala', 21206),
(2120602, 'Kampong Chamlang Leu', 21206),
(2120603, 'Kampong Chamlang Kraom', 21206),
(2120604, 'Kamprang', 21206),
(2120605, 'Srah Tuek Thmei', 21206),
(2120606, 'Samseb', 21206),
(2120607, 'Srah Kampaok', 21206),
(2120608, 'Ta Krei', 21206),
(2120609, 'Tuol Til', 21206),
(2120610, 'Phlov Pram Muoy', 21206),
(2130101, 'Ra', 21301),
(2130102, 'Samraong', 21301),
(2130103, 'Chhay Ballangk', 21301),
(2130104, 'Cheung Tinh', 21301),
(2130105, 'Ta Thok', 21301),
(2130106, 'Kantuot', 21301),
(2130107, 'Kouk Poun', 21301),
(2130108, 'Boeng Snao', 21301),
(2130109, 'Tuol Mtes', 21301),
(2130110, 'Koun Prum', 21301),
(2130111, 'Boeng Reang', 21301),
(2130201, 'Koas Krala', 21302),
(2130202, 'Spean', 21302),
(2130203, 'Muk Voat', 21302),
(2130204, 'Tuol Ballangk', 21302),
(2130205, 'Tuol Ta Muem', 21302),
(2130206, 'Thmei', 21302),
(2130207, 'Prey Popeael', 21302),
(2130208, 'Boeng Chhneah', 21302),
(2130209, 'Damnak KoKaoh', 21302),
(2130301, 'Hab', 21303),
(2130302, 'Chambak', 21303),
(2130303, 'Sambour', 21303),
(2130304, 'Sameakki', 21303),
(2130305, 'Trapeang Dang Tuek', 21303),
(2130306, 'Kouk Trom', 21303),
(2130307, 'Slaeng Chuor', 21303),
(2130401, 'Sach Hab', 21304),
(2130402, 'Boeng Preah', 21304),
(2130403, 'Prey Phdau', 21304),
(2130404, 'Kab Prich', 21304),
(2130405, 'Ta Khao', 21304),
(2130406, 'Koy Veaeng', 21304),
(2130407, 'Prey Chak', 21304),
(2130408, 'Ta Nuot', 21304),
(2130409, 'Boeng Preah Kralanh', 21304),
(2130501, 'Ba Srae', 21305),
(2130502, 'Doun Ba', 21305),
(2130503, 'Prey Phneas', 21305),
(2130504, 'Tuol Lieb', 21305),
(2130505, 'Kouk Roka', 21305),
(2130506, 'Klaeng Kong', 21305),
(2130507, 'Khvaeng', 21305),
(2130508, 'Prey Paen', 21305),
(2130601, 'Krang Svat', 21306),
(2130602, 'Banteay Char', 21306),
(2130603, 'Prey Sen', 21306),
(2130604, 'Prey Totueng', 21306),
(2130605, 'Samraong', 21306),
(2130606, 'Ruessei Preah', 21306),
(2130607, 'Chhnal Moan', 21306),
(2140101, 'Siem', 21401),
(2140102, 'Khnach Ampor', 21401),
(2140103, 'Chhkae Kham Praeus', 21401),
(2140104, 'Preaek Ta Ven', 21401),
(2140105, 'Preaek Chik', 21401),
(2140106, 'Ou Rumcheck', 21401),
(2140107, 'Thnam', 21401),
(2140201, 'Chong Por', 21402),
(2140204, 'Paen', 21402),
(2140206, 'Prey Khlout', 21402),
(2140207, 'Prey Tralach', 21402),
(2140208, 'Roung', 21402),
(2140219, 'Srah That', 21402),
(2140220, 'Roung Pir', 21402),
(2140301, 'Srah Kuy', 21403),
(2140302, 'Mukh Rea Pir', 21403),
(2140303, 'Svay Ya', 21403),
(2140304, 'Tuol Svay', 21403),
(2140305, 'Ta Preat', 21403),
(2140306, 'Mukh Rea Muoy', 21403),
(2140307, 'Danghao', 21403),
(2140401, 'Sdok Pravuek', 21404),
(2140402, 'Kaoh Thum', 21404),
(2140403, 'Preah Andoung', 21404),
(2140404, 'Tuol Kokir', 21404),
(2140405, 'Prey Ampoan', 21404),
(2140406, 'Pralay Dabprambei', 21404),
(2140501, 'Chhuk', 21405),
(2140502, 'Basak', 21405),
(2140503, 'Kamraeng', 21405),
(2140504, 'Ta Preal', 21405),
(2140505, 'Chrang Khpos', 21405);
