CREATE TABLE IF NOT EXISTS `op_communes` (
  `id` int(20) NOT NULL,
  `name` text,
  `district_id` int(20) DEFAULT NULL,
  PRIMARY KEY (`id`),
  KEY `FK_tcommune` (`district_id`)
) ENGINE=InnoDB DEFAULT CHARSET=utf8;

--
-- Dumping data for table `op_communes`
--

INSERT INTO `op_communes` (`id`, `name`, `district_id`) VALUES
(200103, 'Chantrea', 2001),
(200104, 'Chres', 2001),
(200105, 'Me Sar Thngak', 2001),
(200108, 'Prey Kokir', 2001),
(200109, 'Samraong', 2001),
(200110, 'Tuol Sdei', 2001),
(200201, 'Banteay Krang', 2002),
(200202, 'Nhor', 2002),
(200203, 'Khsaetr', 2002),
(200204, 'Preah Ponlea', 2002),
(200205, 'Prey Thum', 2002),
(200206, 'Reach Montir', 2002),
(200207, 'Samlei', 2002),
(200208, 'Samyaong', 2002),
(200209, 'Svay Ta Yean', 2002),
(200211, 'Thmei', 2002),
(200212, 'Tnaot', 2002),
(200301, 'Bos Mon', 2003),
(200302, 'Thmea', 2003),
(200303, 'Kampong Chak', 2003),
(200304, 'Chrung Popel', 2003),
(200305, 'Kampong Ampil', 2003),
(200306, 'Meun Chey', 2003),
(200307, 'Pong Tuek', 2003),
(200308, 'Sangkae', 2003),
(200309, 'Svay Chek', 2003),
(200310, 'Thna Thnong', 2003),
(200401, 'Ampil', 2004),
(200402, 'Andoung Pou', 2004),
(200403, 'Andoung Trabaek', 2004),
(200404, 'Angk Prasrae', 2004),
(200405, 'Chantrei', 2004),
(200406, 'Chrey Thum', 2004),
(200407, 'Doung', 2004),
(200408, 'Kampong Trach', 2004),
(200409, 'Kokir', 2004),
(200410, 'Krasang', 2004),
(200411, 'Mukh Da', 2004),
(200412, 'Mream', 2004),
(200413, 'Sambuor', 2004),
(200414, 'Sambatt Mean Chey', 2004),
(200415, 'Trapeang Sdau', 2004),
(200416, 'Tras', 2004),
(200501, 'Angk Ta Sou', 2005),
(200502, 'Basak', 2005),
(200503, 'Chambak', 2005),
(200504, 'Kampong Chamlang', 2005),
(200505, 'Ta Suos', 2005),
(200507, 'Chheu Teal', 2005),
(200508, 'Doun Sa', 2005),
(200509, 'Kouk Pring', 2005),
(200510, 'Kraol Kou', 2005),
(200511, 'Kruos', 2005),
(200512, 'Pouthi Reach', 2005),
(200513, 'Svay Angk', 2005),
(200514, 'Svay Chrum', 2005),
(200515, 'Svay Thum', 2005),
(200516, 'Svay Yea', 2005),
(200517, 'Thlok', 2005),
(200601, 'Svay Rieng', 2006),
(200602, 'Prey Chhlak', 2006),
(200603, 'Koy Trabaek', 2006),
(200604, 'Pou Ta Hao', 2006),
(200605, 'Chek', 2006),
(200606, 'Svay Toea', 2006),
(200607, 'Sangkhoar', 2006),
(200702, 'Koki Saom', 2007),
(200703, 'Kandieng Reay', 2007),
(200704, 'Monourom', 2007),
(200705, 'Popeaet', 2007),
(200706, 'Prey Ta Ei', 2007),
(200707, 'Prasoutr', 2007),
(200708, 'Romeang Thkaol', 2007),
(200709, 'Sambuor', 2007),
(200711, 'Svay Rumpear', 2007),
(200801, 'Bati', 2008),
(200802, 'Bavet', 2008),
(200803, 'Chrak Mtes', 2008),
(200804, 'Prasat', 2008),
(200805, 'Prey Angkunh', 2008);

-- --------------------------------------------------------

--
-- Table structure for table `op_districts`
--

CREATE TABLE IF NOT EXISTS `op_districts` (
  `id` int(20) NOT NULL,
  `name` text,
  `provinces_id` int(20) DEFAULT NULL,
  PRIMARY KEY (`id`),
  KEY `FK_tdistrict` (`provinces_id`)
) ENGINE=InnoDB DEFAULT CHARSET=utf8;

--
-- Dumping data for table `op_districts`
--

INSERT INTO `op_districts` (`id`, `name`, `provinces_id`) VALUES
(2001, 'Chantrea', 20),
(2002, 'Kampong Rou', 20),
(2003, 'Rumduol', 20),
(2004, 'Romeas Haek', 20),
(2005, 'Svay Chrum', 20),
(2006, 'Svay Rieng', 20),
(2007, 'Svay Teab', 20),
(2008, 'Bavet', 20);

-- --------------------------------------------------------

--
-- Table structure for table `op_provinces`
--

CREATE TABLE IF NOT EXISTS `op_provinces` (
  `id` varchar(20) NOT NULL,
  `name` text,
  PRIMARY KEY (`id`)
) ENGINE=InnoDB DEFAULT CHARSET=utf8;

--
-- Dumping data for table `op_provinces`
--

INSERT INTO `op_provinces` (`id`, `name`) VALUES
('20', 'Svay Rieng');

-- --------------------------------------------------------

--
-- Table structure for table `op_villages`
--

CREATE TABLE IF NOT EXISTS `op_villages` (
  `id` int(20) NOT NULL,
  `name` text NOT NULL,
  `commune_id` int(20) NOT NULL
) ENGINE=InnoDB DEFAULT CHARSET=latin1;

--
-- Dumping data for table `op_villages`
--

INSERT INTO `op_villages` (`id`, `name`, `commune_id`) VALUES
(20010301, 'Chantrea', 200103),
(20010302, 'Kouk Taek', 200103),
(20010303, 'Taeng Mau', 200103),
(20010304, 'Saenta', 200103),
(20010401, 'Trapeang Run', 200104),
(20010402, 'Trapeang Thlok', 200104),
(20010403, 'Doun Nouy', 200104),
(20010404, 'Trapeang Die Leu', 200104),
(20010405, 'Banla Set', 200104),
(20010406, 'Tuol Spean', 200104),
(20010407, 'Trapeang Die Kraom', 200104),
(20010408, 'Tuol Ampil', 200104),
(20010501, 'Svay Kuy', 200105),
(20010502, 'Dei Kraham', 200105),
(20010503, 'Ta Dev', 200105),
(20010504, 'Bos', 200105),
(20010505, 'Baray', 200105),
(20010506, 'Pou', 200105),
(20010801, 'Angk Kduoch', 200108),
(20010802, 'Trapeang Bon', 200108),
(20010803, 'Chamkar Leav', 200108),
(20010804, 'Prey Kokir', 200108),
(20010805, 'Kaoh Kou', 200108),
(20010901, 'Kaoh Kban Khang Cheung', 200109),
(20010902, 'Kaoh Kban Kandal', 200109),
(20010903, 'Chek', 200109),
(20011001, 'Tuol Sdei', 200110),
(20011002, 'Doun Tey', 200110),
(20011003, 'Kaoh Ruessei', 200110),
(20020101, 'Pou Krouch', 200201),
(20020102, 'Kaev Cheah', 200201),
(20020103, 'Pra Chantrea', 200201),
(20020104, 'Banteay Krang', 200201),
(20020105, 'Thum', 200201),
(20020201, 'Rou', 200202),
(20020202, 'Trapeang Chhlounh', 200202),
(20020203, 'Trapeang Trav', 200202),
(20020204, 'Nhor', 200202),
(20020205, 'Prey Trom', 200202),
(20020206, 'Svay Anat', 200202),
(20020301, 'Pou', 200203),
(20020302, 'Khsaetr', 200203),
(20020303, 'Kandal', 200203),
(20020304, 'Traok', 200203),
(20020305, 'Prey Ta Nhoy', 200203),
(20020306, 'Prey Sangkae', 200203),
(20020307, 'Thmei', 200203),
(20020308, 'Sama', 200203),
(20020309, 'Trapeang Kampis', 200203),
(20020310, 'Prey Char', 200203),
(20020311, 'Trapeang Chhuk', 200203),
(20020312, 'Trapeang Smach', 200203),
(20020313, 'Prey Chamnar', 200203),
(20020314, 'Ruessei Am', 200203),
(20020401, 'Tradaet', 200204),
(20020402, 'Preah Ponlea', 200204),
(20020403, 'Traok', 200204),
(20020404, 'Ou Doun Am', 200204),
(20020405, 'Trapeang Leach', 200204),
(20020406, 'Trapeang Run', 200204),
(20020407, 'Angk Kduoch', 200204),
(20020408, 'Pring Chrum', 200204),
(20020501, 'Prey Thum', 200205),
(20020502, 'Kakruos', 200205),
(20020503, 'Ta Koeng', 200205),
(20020504, 'Preah Bak Ka', 200205),
(20020505, 'Prey Sakum', 200205),
(20020601, 'Trapeang Thna', 200206),
(20020602, 'Daek Phleung', 200206),
(20020603, 'Ruessei Daoch', 200206),
(20020604, 'Phnum Srov', 200206),
(20020701, 'Svay', 200207),
(20020702, 'Prey Mnoas', 200207),
(20020703, 'Samlei Khang Tboung', 200207),
(20020704, 'Samlei Khang Cheung', 200207),
(20020705, 'Ta Pao', 200207),
(20020706, 'Svay Chek', 200207),
(20020707, 'Prey Phniet', 200207),
(20020708, 'Prey Phav', 200207),
(20020801, 'Ruessei Lieb', 200208),
(20020802, 'Svay Kuntrae', 200208),
(20020803, 'Samyaong', 200208),
(20020901, 'Prey Stieng', 200209),
(20020902, 'Trapeang Trach', 200209),
(20020903, 'Sek Chrum', 200209),
(20020904, 'Ream Chour', 200209),
(20020905, 'Prey Praeus', 200209),
(20020906, 'Prey Thlok', 200209),
(20020907, 'Phum Bos', 200209),
(20020908, 'Pou Thmei', 200209),
(20020909, 'Daeum Pou', 200209),
(20020910, 'Svay Ta Yean', 200209),
(20021101, 'Prey Voa', 200211),
(20021102, 'Ou', 200211),
(20021103, 'Kaoh Trach', 200211),
(20021104, 'Thmei', 200211),
(20021105, 'Veal Mam', 200211),
(20021106, 'Chob Pring', 200211),
(20021201, 'Khang Kaeut Voat', 200212),
(20021202, 'Khang Lech Voat', 200212),
(20021203, 'Bon', 200212),
(20021204, 'Pou', 200212),
(20021205, 'Thlok Thmei', 200212),
(20021206, 'Thum', 200212),
(20021207, 'Prey Roboes', 200212),
(20021208, 'Kbal Thnal', 200212),
(20021209, 'Pou Mam', 200212),
(20021210, 'Kandal', 200212),
(20021211, 'Traok', 200212),
(20030101, 'Bos Mon Leu', 200301),
(20030102, 'Bos Mon Kraom', 200301),
(20030103, 'Veal', 200301),
(20030104, 'Bos Svay', 200301),
(20030105, 'Bos Phlang', 200301),
(20030106, 'Thmei', 200301),
(20030107, 'Srama', 200301),
(20030201, 'Thmea', 200302),
(20030202, 'Krasang', 200302),
(20030203, 'Prey Tnaot', 200302),
(20030204, 'Boeng Kaek', 200302),
(20030205, 'Trapeang Poun', 200302),
(20030206, 'Prey Pou', 200302),
(20030207, 'Pongro', 200302),
(20030208, 'Prey Chamkar', 200302),
(20030301, 'Chak', 200303),
(20030302, 'Svay Rung', 200303),
(20030303, 'Prey Keav', 200303),
(20030304, 'Chhoeng Pos', 200303),
(20030305, 'Leak Reach Chea', 200303),
(20030306, 'Chambak Kaong', 200303),
(20030401, 'Tuol Sala', 200304),
(20030402, 'Tuol Trea', 200304),
(20030403, 'Neang Chan', 200304),
(20030404, 'Krouch', 200304),
(20030405, 'Preah Angk Kaev', 200304),
(20030406, 'Trapeang Kruos', 200304),
(20030407, 'Trapeang Kraet', 200304),
(20030501, 'Trapeang Damrei', 200305),
(20030502, 'Trasak', 200305),
(20030503, 'Kampong Ampil', 200305),
(20030504, 'Boeng', 200305),
(20030505, 'Tuol Chres', 200305),
(20030506, 'Svay Rolum', 200305),
(20030507, 'Ta Tae', 200305),
(20030601, 'Ampil', 200306),
(20030602, 'Angk Pok', 200306),
(20030603, 'Chong Preaek', 200306),
(20030604, 'Haek Samnanh', 200306),
(20030605, 'Meun Chey', 200306),
(20030606, 'Prey Boeng', 200306),
(20030607, 'Ta Kheng', 200306),
(20030608, 'Trach Totueng', 200306),
(20030609, 'Trapeang Kandaol', 200306),
(20030610, 'Veal', 200306),
(20030701, 'Andoung Krasang', 200307),
(20030702, 'Bos Touch', 200307),
(20030703, 'Prey Srakum', 200307),
(20030704, 'Prey Ta Yoan', 200307),
(20030705, 'Trapeang Phav', 200307),
(20030706, 'Trapeang Thkov', 200307),
(20030707, 'Sek Yum', 200307),
(20030708, 'Tuol Ta Kaev', 200307),
(20030709, 'Tuol Ta Khoan', 200307),
(20030801, 'Svay Rumpea', 200308),
(20030802, 'Poun', 200308),
(20030803, 'Ta Chou', 200308),
(20030804, 'Tuol Chambak', 200308),
(20030805, 'Trapeang Run', 200308),
(20030806, 'Ta Paong', 200308),
(20030807, 'Kouk Srama', 200308),
(20030808, 'Ta Naeng', 200308),
(20030901, 'Anlong Spean', 200309),
(20030902, 'Ba Krong', 200309),
(20030903, 'Chrak Skor', 200309),
(20030904, 'Kandal', 200309),
(20030905, 'Popul', 200309),
(20030906, 'Roung Damrei', 200309),
(20030907, 'Svay Chek', 200309),
(20030908, 'Trapeang Chambak', 200309),
(20030909, 'Thmei', 200309),
(20031001, 'Trapeang Knong', 200310),
(20031002, 'Chamnat Trach', 200310),
(20031003, 'Thna', 200310),
(20031004, 'Thnong', 200310),
(20031005, 'Preaek Pok', 200310),
(20031006, 'Trapeang Thma', 200310),
(20031007, 'Thmei', 200310),
(20040101, 'Tuek Vil', 200401),
(20040102, 'Tbaeng', 200401),
(20040103, 'Ta Mau', 200401),
(20040104, 'Trapeang Prei', 200401),
(20040105, 'Trapeang Popel', 200401),
(20040106, 'Trapeang Pikar', 200401),
(20040107, 'Ampil', 200401),
(20040108, 'Romeas Haek', 200401),
(20040109, 'Srae Ruessei', 200401),
(20040110, 'Traok', 200401),
(20040201, 'Areaks Svay', 200402),
(20040202, 'Thmei', 200402),
(20040203, 'Trapeang Choar', 200402),
(20040204, 'Trapeang Tbal', 200402),
(20040205, 'Bos Kokir', 200402),
(20040206, 'Trapeang Banteay', 200402),
(20040207, 'Trapeang Bos', 200402),
(20040208, 'Chong Preaek', 200402),
(20040209, 'Ream Sena', 200402),
(20040210, 'Roung Snao', 200402),
(20040301, 'Tuol Chres', 200403),
(20040302, 'Kamraeng', 200403),
(20040303, 'Tuol', 200403),
(20040304, 'Chik Dei', 200403),
(20040305, 'Andoung Trabaek', 200403),
(20040306, 'Trapeang Smach', 200403),
(20040401, 'Trapeang Reang', 200404),
(20040402, 'Kbal Krapeu', 200404),
(20040403, 'Trapeang Rumdenh', 200404),
(20040404, 'Samraong', 200404),
(20040405, 'Trapeang Pring', 200404),
(20040406, 'Kam', 200404),
(20040407, 'Angk Prasrae', 200404),
(20040408, 'Angk Knong', 200404),
(20040409, 'Chrak Mreak', 200404),
(20040410, 'Baek Chan', 200404),
(20040411, 'Thnal Peam', 200404),
(20040412, 'Trapeang Thum', 200404),
(20040501, 'Ballangk Chea', 200405),
(20040502, 'Samlar Chhau', 200405),
(20040503, 'Trapeang Thlok Khang Cheung', 200405),
(20040504, 'Trapeang Thlok Khang Tboung', 200405),
(20040505, 'Prey Kabbas', 200405),
(20040506, 'Trapeang Poun', 200405),
(20040507, 'Ta Phor', 200405),
(20040508, 'Chantrei', 200405),
(20040509, 'Ta Khen', 200405),
(20040510, 'Kraham Ka', 200405),
(20040511, 'Trapeang Tom', 200405),
(20040512, 'Prey Totueng', 200405),
(20040513, 'Trapeang Run Ti Muoy', 200405),
(20040514, 'Trapeang Run Ti Pir', 200405),
(20040515, 'Trapeang Run Ti Bei', 200405),
(20040516, 'Chong Preaek', 200405),
(20040517, 'Prey Roluos', 200405),
(20040518, 'Kor', 200405),
(20040601, 'Trapeang Ta Kaev', 200406),
(20040602, 'Trapeang Phluoh', 200406),
(20040603, 'Srah', 200406),
(20040604, 'Ansaong', 200406),
(20040605, 'Thmei', 200406),
(20040606, 'Prey Rumdeng', 200406),
(20040607, 'Prey Chheu Teal', 200406),
(20040608, 'Chong Prey', 200406),
(20040609, 'Dang Kdar', 200406),
(20040610, 'Sandao', 200406),
(20040611, 'Trapeang Smach', 200406),
(20040612, 'Dak Por', 200406),
(20040613, 'Preaek Romiet', 200406),
(20040614, 'Khpob Trach', 200406),
(20040701, 'Ta Suos', 200407),
(20040702, 'Poun', 200407),
(20040703, 'Trapeang Sla', 200407),
(20040704, 'Bos Sangkhor', 200407),
(20040705, 'Kampong Thna', 200407),
(20040706, 'Prich', 200407),
(20040707, 'Trapeang Thlok', 200407),
(20040708, 'Chheu Teal', 200407),
(20040709, 'Trapeang Thum', 200407),
(20040710, 'Prey Tuol', 200407),
(20040711, 'Thmei', 200407),
(20040712, 'Trapeang Svay', 200407),
(20040713, 'Trapeang Kralanh', 200407),
(20040714, 'Angkunh', 200407),
(20040715, 'Kor', 200407),
(20040716, 'Doung', 200407),
(20040717, 'Trapeang Phlong', 200407),
(20040718, 'Kranhung', 200407),
(20040719, 'Chea Theach', 200407),
(20040720, 'Trapeang Rumpeak', 200407),
(20040721, 'Svay Pok', 200407),
(20040722, 'Thlok Pring', 200407),
(20040801, 'Khla Lout', 200408),
(20040802, 'Prey Khcheay', 200408),
(20040803, 'Kampong Trach', 200408),
(20040804, 'Chong Ou', 200408),
(20040805, 'Chheu Phleung', 200408),
(20040806, 'Ta Hang', 200408),
(20040807, 'Pramat Pram', 200408),
(20040808, 'Prey Kralanh', 200408),
(20040809, 'Ta Trav', 200408),
(20040810, 'Ta Khob', 200408),
(20040901, 'Ta Sek', 200409),
(20040902, 'Prey Kdei', 200409),
(20040903, 'Ta Veang', 200409),
(20040904, 'Trapeang Skon', 200409),
(20040905, 'Kokir', 200409),
(20041001, 'Prey Phdiek', 200410),
(20041002, 'Thmei', 200410),
(20041003, 'Krasang', 200410),
(20041004, 'Smach', 200410),
(20041005, 'Thnong', 200410),
(20041006, 'Ta Menh', 200410),
(20041007, 'Thlok Veay Ti Muoy', 200410),
(20041008, 'Thlok Veay Ti Pir', 200410),
(20041009, 'Chhuk', 200410),
(20041010, 'Trapeang Chrey', 200410),
(20041101, 'Mukh Da', 200411),
(20041102, 'Samraong', 200411),
(20041103, 'Kranhung', 200411),
(20041104, 'Prey Phdau Ti Muoy', 200411),
(20041105, 'Prey Phdau Ti Pir', 200411),
(20041106, 'Trapeang Tbal', 200411),
(20041107, 'Romiet', 200411),
(20041108, 'Thnal Totueng', 200411),
(20041109, 'Thnal Kruos', 200411),
(20041110, 'Bos Kabbas', 200411),
(20041201, 'Ak Muol', 200412),
(20041202, 'Boeng Phe', 200412),
(20041203, 'Mream Khang Tboung', 200412),
(20041204, 'Boeng Mnong', 200412),
(20041205, 'Tuol Srangam', 200412),
(20041206, 'Veal', 200412),
(20041207, 'Ampil', 200412),
(20041208, 'Prey Preaek', 200412),
(20041209, 'Prey Choar', 200412),
(20041210, 'Chhma', 200412),
(20041211, 'Tralach', 200412),
(20041212, 'Tbaeng', 200412),
(20041213, 'Trapeang Trasak', 200412),
(20041214, 'Popeay', 200412),
(20041215, 'Chrong Popel', 200412),
(20041216, 'Trapeang Choar', 200412),
(20041217, 'Mream Khang Cheung', 200412),
(20041218, 'Ta Tru', 200412),
(20041219, 'Lbaeuk', 200412),
(20041220, 'Ta Pang', 200412),
(20041301, 'Preaek Tnaot', 200413),
(20041302, 'Bet Meas', 200413),
(20041303, 'Romeang Tret', 200413),
(20041304, 'Prasat', 200413),
(20041305, 'Tmat Pong', 200413),
(20041306, 'Sambuor', 200413),
(20041307, 'Souphi', 200413),
(20041308, 'Traok', 200413),
(20041309, 'Prey Kur', 200413),
(20041310, 'Andoung Khmat', 200413),
(20041311, 'Prich', 200413),
(20041401, 'Prey Srah', 200414),
(20041402, 'Chamkar Kaoh', 200414),
(20041403, 'Tuol Srama', 200414),
(20041404, 'Bet Tueng', 200414),
(20041405, 'Lbaeuk', 200414),
(20041406, 'Trapeang Ruessei', 200414),
(20041407, 'Tuol Chey', 200414),
(20041408, 'Prey Ta Mu', 200414),
(20041409, 'Trapeang Skon', 200414),
(20041410, 'Kralanh Ti Muoy', 200414),
(20041411, 'Kralanh Ti Pir', 200414),
(20041412, 'Prey Kranhung', 200414),
(20041413, 'Thnal', 200414),
(20041501, 'Tuol Choar', 200415),
(20041502, 'Voat Chas', 200415),
(20041503, 'Trapeang Skon Thmei', 200415),
(20041504, 'Svay Pao', 200415),
(20041505, 'Ta Kot', 200415),
(20041506, 'Svay Tontuem', 200415),
(20041507, 'Toul  Krouch', 200415),
(20041508, 'Mreah Prov', 200415),
(20041509, 'Thmei', 200415),
(20041510, 'Trapeang Skon Chas', 200415),
(20041511, 'Trapeang Sdau', 200415),
(20041512, 'Banla Set', 200415),
(20041513, 'Khnang Chruk Khang Kaeut', 200415),
(20041514, 'Tuol Sokram', 200415),
(20041515, 'Khnang Chruk Khang Lech', 200415),
(20041516, 'Trapeang Chhneang', 200415),
(20041517, 'Trapeang Rumdenh', 200415),
(20041518, 'Angk', 200415),
(20041519, 'Tuol Romiet', 200415),
(20041520, 'Trakieb Kdam', 200415),
(20041601, 'Bos', 200416),
(20041602, 'Voat', 200416),
(20041603, 'Muni Proeksa', 200416),
(20041604, 'Mreak Teab', 200416),
(20041605, 'Tras', 200416),
(20041606, 'Ta Suos', 200416),
(20041607, 'Popel', 200416),
(20041608, 'Popul', 200416),
(20041609, 'Veal Veaeng', 200416),
(20041610, 'Veal Tmat', 200416),
(20041611, 'Serei Ao', 200416),
(20041612, 'Boeng', 200416),
(20041613, 'Trapeang Banteay', 200416),
(20050101, 'Chaeng Maeng', 200501),
(20050102, 'Trapeang Chhuk', 200501),
(20050103, 'Boeng', 200501),
(20050104, 'Mam', 200501),
(20050105, 'Trapeang Thma', 200501),
(20050106, 'Svay Ming', 200501),
(20050107, 'Sandaot', 200501),
(20050108, 'Thma Pean', 200501),
(20050109, 'Prey Chheu Teal', 200501),
(20050110, 'Roka', 200501),
(20050111, 'Boeng Kriel', 200501),
(20050112, 'Meun Say', 200501),
(20050201, 'Sala Rien', 200502),
(20050202, 'Svay Ta Phlo', 200502),
(20050203, 'Payab', 200502),
(20050204, 'Pou Ta Ros', 200502),
(20050205, 'Basak', 200502),
(20050301, 'Thmei', 200503),
(20050302, 'Ta Nu', 200503),
(20050303, 'Tuol Khpos', 200503),
(20050304, 'Ampov Prey', 200503),
(20050305, 'Prey Ta Pov', 200503),
(20050306, 'Tuol Chres', 200503),
(20050307, 'Angk Sala', 200503),
(20050401, 'Chies Ruessei', 200504),
(20050402, 'Traok', 200504),
(20050403, 'Chambak Kuy', 200504),
(20050404, 'Ta Chey', 200504),
(20050405, 'Veal Lngeut', 200504),
(20050406, 'Ruessei Prey', 200504),
(20050407, 'Ta Sang', 200504),
(20050501, 'Pnov', 200505),
(20050502, 'Angkeas Dei', 200505),
(20050503, 'Svay Kae', 200505),
(20050504, 'Chambak Kaong', 200505),
(20050505, 'Boeng Andaeng', 200505),
(20050506, 'Traok', 200505),
(20050507, 'Trabaek Prahaong', 200505),
(20050508, 'Ta Pa', 200505),
(20050701, 'Rumdenh', 200507),
(20050702, 'Traok', 200507),
(20050703, 'Samraong', 200507),
(20050704, 'Poun Kak', 200507),
(20050705, 'Chek', 200507),
(20050706, 'Sangkae', 200507),
(20050707, 'Ta Reak', 200507),
(20050708, 'Prey Roka', 200507),
(20050709, 'Chhuk Sa', 200507),
(20050710, 'Chheu Teal', 200507),
(20050711, 'Prey Chambak', 200507),
(20050712, 'Nearea Ten', 200507),
(20050801, 'Boeng Kaek', 200508),
(20050802, 'Prey Roka', 200508),
(20050803, 'Rumpoat Chruk', 200508),
(20050804, 'Prey Pou', 200508),
(20050805, 'Ou Srangam', 200508),
(20050806, 'Chamsa', 200508),
(20050807, 'Doun Sa', 200508),
(20050808, 'Trach', 200508),
(20050809, 'Doung Preah', 200508),
(20050810, 'Sou', 200508),
(20050811, 'Kuoy', 200508),
(20050901, 'Kdompi', 200509),
(20050902, 'Kantuot Praong', 200509),
(20050903, 'Thna', 200509),
(20050904, 'Kandal', 200509),
(20050905, 'Angk Kabbas', 200509),
(20050906, 'Svay Prahut', 200509),
(20050907, 'Leach Chhuk', 200509),
(20050908, 'Chambak Thloeng', 200509),
(20050909, 'Tbaeng', 200509),
(20050910, 'Doun Leaeb', 200509),
(20051001, 'Thlok', 200510),
(20051002, 'Prey Nhay', 200510),
(20051003, 'Kraol Kou', 200510),
(20051004, 'Kouk Kandaol', 200510),
(20051005, 'Banla Set', 200510),
(20051006, 'Khuoch', 200510),
(20051007, 'Boeng Rai Khang Tboung', 200510),
(20051008, 'Boeng Rai Khang Cheung', 200510),
(20051009, 'Ruessei Chuor Khang Cheung', 200510),
(20051010, 'Ruessei Chuor Khang Tboung', 200510),
(20051011, 'Prey Khla', 200510),
(20051012, 'Prey Thnong', 200510),
(20051013, 'Ruessei Totueng', 200510),
(20051101, 'Chambak', 200511),
(20051102, 'Thna', 200511),
(20051103, 'Kruos', 200511),
(20051104, 'Krau', 200511),
(20051105, 'Rovieng', 200511),
(20051106, 'Samraong', 200511),
(20051107, 'Krasang Chrum', 200511),
(20051108, 'Phluoh', 200511),
(20051109, 'Kandal', 200511),
(20051110, 'Lvea', 200511),
(20051111, 'Traok', 200511),
(20051201, 'Chensa', 200512),
(20051202, 'Tbaeng', 200512),
(20051203, 'Anhchanh', 200512),
(20051204, 'Khleang', 200512),
(20051205, 'Ta Mom', 200512),
(20051206, 'Prey Khla', 200512),
(20051207, 'Pouthi Reach', 200512),
(20051208, 'Prey Damloung', 200512),
(20051209, 'Prasat', 200512),
(20051210, 'Ou Samdei', 200512),
(20051211, 'Trapeang Thlok', 200512),
(20051301, 'Andoung', 200513),
(20051302, 'Kandal', 200513),
(20051303, 'Sampoar', 200513),
(20051304, 'Svay Angk', 200513),
(20051305, 'Koul', 200513),
(20051306, 'Thnong', 200513),
(20051307, 'Khnor Khang Cheung', 200513),
(20051308, 'Khnor Khang Tbpoung', 200513),
(20051309, 'Svay Phaem', 200513),
(20051401, 'Thma Sa', 200514),
(20051402, 'Trabaek', 200514),
(20051403, 'Khmot', 200514),
(20051404, 'Svay Chrum', 200514),
(20051405, 'Boeng Veaeng', 200514),
(20051406, 'Svay Kngao', 200514),
(20051407, 'Preaek Tob', 200514),
(20051501, 'Svay Chek', 200515),
(20051502, 'Thnong', 200515),
(20051503, 'Angk Ruessei', 200515),
(20051504, 'Traok Thum', 200515),
(20051505, 'Dak Por', 200515),
(20051506, 'Tuol Trea', 200515),
(20051507, 'Svay Doun Ei', 200515),
(20051508, 'Chamreh', 200515),
(20051509, 'Traok Touch', 200515),
(20051510, 'Svay', 200515),
(20051511, 'Popear', 200515),
(20051512, 'Krang Leav', 200515),
(20051601, 'Moha Suon', 200516),
(20051602, 'Svay Chumrov', 200516),
(20051603, 'Prey Banteay', 200516),
(20051604, 'Robaoh Pring', 200516),
(20051605, 'Damnak Kantuot', 200516),
(20051606, 'Kbal Damrei', 200516),
(20051607, 'Tuol Vihear', 200516),
(20051608, 'Kdei Sla', 200516),
(20051609, 'Prama', 200516),
(20051610, 'Sikar', 200516),
(20051611, 'Kien Ta Siv', 200516),
(20051612, 'Chamkar Chek', 200516),
(20051613, 'Svay Yea', 200516),
(20051614, 'Prey Phong', 200516),
(20051615, 'Ta Kao', 200516),
(20051701, 'Doun Tong', 200517),
(20051702, 'Snay Kreang', 200517),
(20051703, 'Ampov Prey', 200517),
(20051704, 'Thlok', 200517),
(20051705, 'Kandal', 200517),
(20051706, 'Thum', 200517),
(20051707, 'Tey Yea', 200517),
(20051708, 'Samdei', 200517),
(20060101, 'Svay Rieng', 200601),
(20060102, 'Veal Yon', 200601),
(20060103, 'Roung Banlae', 200601),
(20060104, 'Me Phleung', 200601),
(20060105, 'Srah Vong', 200601),
(20060106, 'Kien Sang', 200601),
(20060107, 'Chong Preaek', 200601),
(20060201, 'Suon Thmei', 200602),
(20060202, 'Rub Kou', 200602),
(20060203, 'Sala Srok Chas', 200602),
(20060204, 'Prey Chhlak', 200602),
(20060205, 'Andoung Ta Sei', 200602),
(20060301, 'Koy Trabaek', 200603),
(20060302, 'Tarang Bal', 200603),
(20060401, 'Kbal Spean', 200604),
(20060402, 'La', 200604),
(20060403, 'Thnal Kaeng', 200604),
(20060404, 'Pou Ta Hao', 200604),
(20060501, 'Svay', 200605),
(20060502, 'Thmol', 200605),
(20060503, 'Svat', 200605),
(20060504, 'Totea', 200605),
(20060505, 'Chek', 200605),
(20060506, 'Chambak', 200605),
(20060507, 'Kandal', 200605),
(20060508, 'Meloung', 200605),
(20060509, 'Khleang', 200605),
(20060510, 'Kok Pae', 200605),
(20060601, 'Ta Chour', 200606),
(20060602, 'Ta Nar', 200606),
(20060603, 'Khousang', 200606),
(20060604, 'Teahean Kraom', 200606),
(20060605, 'Teahean Leu', 200606),
(20060606, 'Sameakki', 200606),
(20060607, 'Svay Toea', 200606),
(20060701, 'Thmei', 200607),
(20060702, 'Bak Ronoas', 200607),
(20060703, 'Thlok', 200607),
(20060704, 'Srama Chrum', 200607),
(20060705, 'Chambak Peam', 200607),
(20060706, 'Preah Tonle', 200607),
(20060707, 'Pophlea', 200607),
(20060708, 'Ak Neak', 200607),
(20070201, 'Sangkum', 200702),
(20070202, 'Kampot Tuk', 200702),
(20070203, 'Tbaeng', 200702),
(20070204, 'Chheu Teal', 200702),
(20070205, 'Prey Ta Thuek', 200702),
(20070206, 'Tuol Angk', 200702),
(20070207, 'Veay', 200702),
(20070208, 'Bat Thang', 200702),
(20070301, 'Prasout Ti Muoy', 200703),
(20070302, 'Prasout Ti Pir', 200703),
(20070303, 'Banteay', 200703),
(20070304, 'Thnal Kaeng', 200703),
(20070305, 'Lieb', 200703),
(20070306, 'Kbal Thnal', 200703),
(20070307, 'Daeum Pou', 200703),
(20070308, 'Kandieng Reay', 200703),
(20070309, 'Chob', 200703),
(20070401, 'Ou Tamou', 200704),
(20070402, 'Monourom', 200704),
(20070501, 'Thlok Pring', 200705),
(20070502, 'Thnal Kaeng', 200705),
(20070503, 'Kompong Roteh', 200705),
(20070504, 'Tuol Chres', 200705),
(20070505, 'kampout Mreak', 200705),
(20070506, 'Svay Koy', 200705),
(20070601, 'Ta Paonh', 200706),
(20070602, 'Trapeang Ta Ei', 200706),
(20070603, 'Trapeang Phlang', 200706),
(20070604, 'Svay Phaem', 200706),
(20070605, 'Trapeang Chak', 200706),
(20070606, 'Trapeang Sbov', 200706),
(20070701, 'Prey Rumduol', 200707),
(20070702, 'Pou Vong', 200707),
(20070703, 'Angk Svay', 200707),
(20070704, 'Tuol Trabaek', 200707),
(20070705, 'Prey Chheu Teal', 200707),
(20070706, 'Prey Totueng', 200707),
(20070707, 'Prey Ta Yueng', 200707),
(20070708, 'Prey Tuol', 200707),
(20070709, 'Angk Ta Mouk', 200707),
(20070801, 'Tonlieng', 200708),
(20070802, 'Svay', 200708),
(20070803, 'Khnor', 200708),
(20070804, 'Khcheay', 200708),
(20070805, 'Ruessei Chongruk', 200708),
(20070806, 'Kranhung', 200708),
(20070807, 'Prey Thnong', 200708),
(20070808, 'Baek Chan', 200708),
(20070809, 'Romeang Thkaol', 200708),
(20070901, 'Tuol Angkob', 200709),
(20070902, 'Thmei', 200709),
(20070903, 'Trapeang Ampil', 200709),
(20070904, 'Prey Totueng', 200709),
(20070905, 'O Kaam', 200709),
(20070906, 'Sangkruoh', 200709),
(20070907, 'Sambuor', 200709),
(20070908, 'Prey Samphoar', 200709),
(20071101, 'Angkrong', 200711),
(20071102, 'Tuol Ampil', 200711),
(20071103, 'Srama', 200711),
(20071104, 'Kanhchhaet', 200711),
(20071105, 'Kak', 200711),
(20071106, 'Svay Thum', 200711),
(20080101, 'Trapeang Phlong', 200801),
(20080102, 'Thnanh', 200801),
(20080103, 'Prasab Leak', 200801),
(20080104, 'Chrak Ruessei', 200801),
(20080105, 'Thnal Kaeng', 200801),
(20080201, 'Ta Boeb', 200802),
(20080202, 'Ta Pov', 200802),
(20080203, 'Bavet Leu', 200802),
(20080204, 'Bavet Kandal', 200802),
(20080205, 'Chrak Leav', 200802),
(20080301, 'Kampout Skear', 200803),
(20080302, 'Thnal Cheat', 200803),
(20080303, 'Chrak Mtes', 200803),
(20080304, 'Prey Phdau', 200803),
(20080305, 'Sameakki', 200803),
(20080306, 'Thnal Totueng', 200803),
(20080307, 'Dambouk Chuor', 200803),
(20080308, 'Tuol Ampil', 200803),
(20080309, 'Veal', 200803),
(20080310, 'Kampout Pras', 200803),
(20080311, 'Sala Tean', 200803),
(20080312, 'Prey Tob', 200803),
(20080313, 'Bat Sloek', 200803),
(20080314, 'Thmei', 200803),
(20080315, 'Thlok', 200803),
(20080401, 'Prasat', 200804),
(20080402, 'Kandal', 200804),
(20080501, 'Kouk Lvieng', 200805),
(20080502, 'Kampout Chruk', 200805),
(20080503, 'Chrey Thum', 200805),
(20080504, 'Prey Tob', 200805),
(20080505, 'Angk Sala', 200805),
(20080506, 'Kampout Liep', 200805),
(20080507, 'Prey Angkunh', 200805),
(20080508, 'Bos Krasang', 200805);
