CREATE TABLE IF NOT EXISTS `op_communes` (
  `id` int(20) NOT NULL,
  `name` text,
  `district_id` int(20) DEFAULT NULL,
  PRIMARY KEY (`id`),
  KEY `FK_tcommune` (`district_id`)
) ENGINE=InnoDB DEFAULT CHARSET=utf8;

--
-- Dumping data for table `op_communes`
--

INSERT INTO `op_communes` (`id`, `name`, `district_id`) VALUES
(210101, 'Angkor Borei', 2101),
(210102, 'Ba Srae', 2101),
(210103, 'Kouk Thlok', 2101),
(210104, 'Ponley', 2101),
(210105, 'Preaek Phtoul', 2101),
(210106, 'Prey Phkoam', 2101),
(210201, 'Chambak', 2102),
(210202, 'Champei', 2102),
(210203, 'Doung', 2102),
(210204, 'Kandoeng', 2102),
(210205, 'Komar Reachea', 2102),
(210206, 'Krang Leav', 2102),
(210207, 'Krang Thnong', 2102),
(210208, 'Lumpong', 2102),
(210209, 'Pea Ream', 2102),
(210210, 'Pot Sar', 2102),
(210211, 'Sour Phi', 2102),
(210212, 'Tang Doung', 2102),
(210213, 'Tnaot', 2102),
(210214, 'Trapeang Krasang', 2102),
(210215, 'Trapeang Sab', 2102),
(210301, 'Borei Cholsar', 2103),
(210302, 'Chey Chouk', 2103),
(210303, 'Doung Khpos', 2103),
(210304, 'Kampong Krasang', 2103),
(210305, 'Kouk Pou', 2103),
(210401, 'Angk Prasat', 2104),
(210402, 'Preah Bat Choan Chum', 2104),
(210403, 'Kamnab', 2104),
(210404, 'Kampeaeng', 2104),
(210405, 'Kiri Chong Kaoh', 2104),
(210406, 'Kouk Prech', 2104),
(210407, 'Phnum Den', 2104),
(210408, 'Prey Ampok', 2104),
(210409, 'Prey Rumdeng', 2104),
(210410, 'Ream Andaeuk', 2104),
(210411, 'Saom', 2104),
(210412, 'Ta Ou', 2104),
(210501, 'Krapum Chhuk', 2105),
(210502, 'Pech Sar', 2105),
(210503, 'Prey Khla', 2105),
(210504, 'Prey Yuthka', 2105),
(210505, 'Romenh', 2105),
(210506, 'Thlea Prachum', 2105),
(210601, 'Angkanh', 2106),
(210602, 'Ban Kam', 2106),
(210603, 'Champa', 2106),
(210604, 'Char', 2106),
(210605, 'Kampeaeng', 2106),
(210606, 'Kampong Reab', 2106),
(210607, 'Kdanh', 2106),
(210608, 'Pou Rumchak', 2106),
(210609, 'Prey Kabbas', 2106),
(210610, 'Prey Lvea', 2106),
(210611, 'Prey Phdau', 2106),
(210612, 'Snao', 2106),
(210613, 'Tang Yab', 2106),
(210701, 'Boeng Tranh Khang Cheung', 2107),
(210702, 'Boeng Tranh Khang Tboung', 2107),
(210703, 'Cheung Kuon', 2107),
(210704, 'Chumreah Pen', 2107),
(210705, 'Khvav', 2107),
(210706, 'Lumchang', 2107),
(210707, 'Rovieng', 2107),
(210708, 'Samraong', 2107),
(210709, 'Soengh', 2107),
(210710, 'Sla', 2107),
(210711, 'Trea', 2107),
(210801, 'Baray', 2108),
(210802, 'Roka Knong', 2108),
(210803, 'Roka Krau', 2108),
(210901, 'Angk Ta Saom', 2109),
(210902, 'Cheang Tong', 2109),
(210903, 'Kus', 2109),
(210904, 'Leay Bour', 2109),
(210905, 'Nhaeng Nhang', 2109),
(210906, 'Ou Saray', 2109),
(210907, 'Trapeang Kranhoung', 2109),
(210908, 'Otdam Soriya', 2109),
(210909, 'Popel', 2109),
(210910, 'Samraong', 2109),
(210911, 'Srae Ronoung', 2109),
(210912, 'Ta Phem', 2109),
(210913, 'Tram Kak', 2109),
(210914, 'Trapeang Thum Khang Cheung', 2109),
(210915, 'Trapeang Thum Khang Tboung', 2109),
(211001, 'Angkanh', 2110),
(211002, 'Angk Khnor', 2110),
(211003, 'Chi Khma', 2110),
(211004, 'Khvav', 2110),
(211005, 'Prambei Mum', 2110),
(211006, 'Angk Kaev', 2110),
(211007, 'Prey Sloek', 2110),
(211008, 'Roneam', 2110),
(211009, 'Sambuor', 2110),
(211010, 'Sanlung', 2110),
(211011, 'Smaong', 2110),
(211012, 'Srangae', 2110),
(211013, 'Thlok', 2110),
(211014, 'Tralach', 2110);

-- --------------------------------------------------------

--
-- Table structure for table `op_districts`
--

CREATE TABLE IF NOT EXISTS `op_districts` (
  `id` int(20) NOT NULL,
  `name` text,
  `provinces_id` int(20) DEFAULT NULL,
  PRIMARY KEY (`id`),
  KEY `FK_tdistrict` (`provinces_id`)
) ENGINE=InnoDB DEFAULT CHARSET=utf8;

--
-- Dumping data for table `op_districts`
--

INSERT INTO `op_districts` (`id`, `name`, `provinces_id`) VALUES
(2101, 'Angkor Borei', 21),
(2102, 'Bati', 21),
(2103, 'Borei Cholsar', 21),
(2104, 'Kiri Vong', 21),
(2105, 'Kaoh Andaet', 21),
(2106, 'Prey Kabbas', 21),
(2107, 'Samraong', 21),
(2108, 'Doun Kaev', 21),
(2109, 'Tram Kak', 21),
(2110, 'Treang', 21);

-- --------------------------------------------------------

--
-- Table structure for table `op_provinces`
--

CREATE TABLE IF NOT EXISTS `op_provinces` (
  `id` varchar(20) NOT NULL,
  `name` text,
  PRIMARY KEY (`id`)
) ENGINE=InnoDB DEFAULT CHARSET=utf8;

--
-- Dumping data for table `op_provinces`
--

INSERT INTO `op_provinces` (`id`, `name`) VALUES
('21', 'Takeo');

-- --------------------------------------------------------

--
-- Table structure for table `op_villages`
--

CREATE TABLE IF NOT EXISTS `op_villages` (
  `id` int(20) NOT NULL,
  `name` text NOT NULL,
  `commune_id` int(20) NOT NULL
) ENGINE=InnoDB DEFAULT CHARSET=latin1;

--
-- Dumping data for table `op_villages`
--

INSERT INTO `op_villages` (`id`, `name`, `commune_id`) VALUES
(21010101, 'Kampong Luong', 210101),
(21010102, 'Stueng Kambot', 210101),
(21010103, 'Prey Sambuor', 210101),
(21010104, 'Tuol Sang Ka', 210101),
(21010105, 'Tuol Sang Kha', 210101),
(21010106, 'Sameakki', 210101),
(21010201, 'Svay Khang Tboung', 210102),
(21010202, 'Svay Khang Cheung', 210102),
(21010203, 'Ba Srae', 210102),
(21010204, 'Rumlok', 210102),
(21010205, 'Prey Ba Soeng', 210102),
(21010206, 'Ta Ei', 210102),
(21010207, 'Roka', 210102),
(21010208, 'Puon Kak', 210102),
(21010301, 'Preaek Ta Pha', 210103),
(21010302, 'Preaek Da', 210103),
(21010303, 'Tuol Puttrea', 210103),
(21010304, 'Bak Dai', 210103),
(21010401, 'Ampil', 210104),
(21010402, 'Sramok', 210104),
(21010403, 'Ponley Khang Cheung', 210104),
(21010404, 'Ponley Khang Tboung', 210104),
(21010405, 'Samraong', 210104),
(21010406, 'Thlok Yul', 210104),
(21010501, 'Angkor', 210105),
(21010502, 'Kampong Pou', 210105),
(21010503, 'Phnum Bourei', 210105),
(21010504, 'Phnum Ba Tep', 210105),
(21010601, 'Prey Phkoam Ka', 210106),
(21010602, 'Prey Phkoam Kha', 210106),
(21010603, 'Prey Phkoam Ko', 210106),
(21010604, 'Trong Phum', 210106),
(21010605, 'Yea Phaeur', 210106),
(21010606, 'Ta Mung', 210106),
(21020101, 'Ta Nob', 210201),
(21020102, 'Bacham', 210201),
(21020103, 'Mreah Prov', 210201),
(21020104, 'Trapeang Lean', 210201),
(21020105, 'Run', 210201),
(21020106, 'Sdau Aem', 210201),
(21020107, 'Kanlaeng Khla', 210201),
(21020108, 'Seiha', 210201),
(21020109, 'Boeng Leach', 210201),
(21020110, 'Veal Prei', 210201),
(21020111, 'Sramaoch Hae', 210201),
(21020112, 'Trapeang Trayueng', 210201),
(21020201, 'Daeum Doung', 210202),
(21020202, 'Mkak', 210202),
(21020203, 'Trakiet', 210202),
(21020204, 'Preaek', 210202),
(21020205, 'Moeang Prachen', 210202),
(21020206, 'Prey Mul', 210202),
(21020207, 'Cheung Loung', 210202),
(21020301, 'Pramoul Sokh', 210203),
(21020302, 'Krang Prateal', 210203),
(21020303, 'Svay Kham', 210203),
(21020304, 'Yuthka', 210203),
(21020305, 'Chek', 210203),
(21020306, 'Doung', 210203),
(21020307, 'Kandal', 210203),
(21020308, 'Ta Non', 210203),
(21020401, 'Krasang', 210204),
(21020402, 'Krang Ampil', 210204),
(21020403, 'Aopheasang', 210204),
(21020404, 'Preah Mlob', 210204),
(21020405, 'Trapeang Leuk', 210204),
(21020406, 'Kandoeng Thum', 210204),
(21020407, 'Haknuman', 210204),
(21020408, 'Kandoeng Touch', 210204),
(21020501, 'Prey Khla', 210205),
(21020502, 'Trapeang Phlong', 210205),
(21020503, 'Serei Mean Chouk', 210205),
(21020504, 'Tramung Chrum', 210205),
(21020505, 'Krang Pongro', 210205),
(21020506, 'Royak', 210205),
(21020507, 'Sdok', 210205),
(21020508, 'Chbar Mon', 210205),
(21020509, 'Thmei', 210205),
(21020510, 'Khnar Tong', 210205),
(21020511, 'Prey Slaeng', 210205),
(21020512, 'Kanhchang', 210205),
(21020513, 'Kanhchum', 210205),
(21020601, 'Trapeang Pou', 210206),
(21020602, 'Srei Krong Reach', 210206),
(21020603, 'Prey Trach', 210206),
(21020604, 'Sameakki', 210206),
(21020605, 'Ta Paen', 210206),
(21020606, 'Mean Chey', 210206),
(21020607, 'Mean Chouk', 210206),
(21020608, 'Prasat', 210206),
(21020609, 'Trach Koh', 210206),
(21020610, 'Tram Kbal', 210206),
(21020611, 'Rung', 210206),
(21020612, 'Trapeang Angk', 210206),
(21020613, 'Daeum Svay', 210206),
(21020614, 'Prohut', 210206),
(21020615, 'Trapeang Chhuk', 210206),
(21020616, 'Tuol Slaeng', 210206),
(21020617, 'Chheu Teal Chrum', 210206),
(21020618, 'Krang Leav', 210206),
(21020619, 'Siem Dek', 210206),
(21020620, 'Prey Chonluonh', 210206),
(21020621, 'Tram Sasar', 210206),
(21020622, 'Thnal Dach', 210206),
(21020623, 'Banh Khla', 210206),
(21020701, 'Haknuman', 210207),
(21020702, 'Tbaeng', 210207),
(21020703, 'Khnar', 210207),
(21020704, 'Thnal Teaksen', 210207),
(21020705, 'Chroung Sdau', 210207),
(21020706, 'Tboung Damrei', 210207),
(21020707, 'Krang Thnong', 210207),
(21020708, 'Tonle Bati', 210207),
(21020801, 'Krang Thum', 210208),
(21020802, 'Trayueng Khpos', 210208),
(21020803, 'Bak Ronoas', 210208),
(21020804, 'Trapeang Kralanh', 210208),
(21020805, 'Thmei', 210208),
(21020806, 'Pun Phnum', 210208),
(21020807, 'Kandal', 210208),
(21020808, 'Pean Meas Khang Kaeut', 210208),
(21020809, 'Thma Sa', 210208),
(21020810, 'Trapeang Kruos', 210208),
(21020811, 'Trapeang Kralaong', 210208),
(21020812, 'Pean Meas Khang Lech', 210208),
(21020901, 'Tang Nheat', 210209),
(21020902, 'Pea Ream', 210209),
(21020903, 'Khnar Thum', 210209),
(21020904, 'Khnar Roung', 210209),
(21020905, 'Trapeang Young', 210209),
(21020906, 'Chumrov', 210209),
(21020907, 'Krang Krachang', 210209),
(21020908, 'Kruos', 210209),
(21021001, 'Prey Sva', 210210),
(21021002, 'Krouch', 210210),
(21021003, 'Krang Pou', 210210),
(21021004, 'Trapeang Trav', 210210),
(21021005, 'Chambak', 210210),
(21021006, 'Pot Sar', 210210),
(21021007, 'Tang Ruessei', 210210),
(21021008, 'Kleang Sambatt', 210210),
(21021009, 'Kandaol', 210210),
(21021010, 'Khvan Meas', 210210),
(21021011, 'Khla Koun', 210210),
(21021101, 'Champa', 210211),
(21021102, 'Tram Khnar', 210211),
(21021103, 'Trapeang Ruessei', 210211),
(21021104, 'Samraong', 210211),
(21021105, 'Prohaek', 210211),
(21021106, 'Trapeang Chhuk', 210211),
(21021107, 'Cheung Kout', 210211),
(21021108, 'Phnum Touch', 210211),
(21021201, 'Prey Kdei', 210212),
(21021202, 'Angk Kralanh', 210212),
(21021203, 'Ampeae Tum', 210212),
(21021204, 'Rovieng', 210212),
(21021205, 'Prey Kray', 210212),
(21021206, 'Phsar Kump Ruessei', 210212),
(21021207, 'Samraong Chrey', 210212),
(21021208, 'Tuol Lhong', 210212),
(21021209, 'Neal', 210212),
(21021210, 'Tang Doung', 210212),
(21021301, 'Tnaot', 210213),
(21021302, 'Rumchek', 210213),
(21021303, 'Ta Nob', 210213),
(21021304, 'Ta Non', 210213),
(21021305, 'Thmei', 210213),
(21021306, 'Pey', 210213),
(21021307, 'Prey Chob', 210213),
(21021308, 'Chheu Teal', 210213),
(21021401, 'Trapeang Krasang', 210214),
(21021402, 'Thlok', 210214),
(21021403, 'Roleang', 210214),
(21021404, 'Trapeang Prich', 210214),
(21021405, 'Kandal', 210214),
(21021406, 'Trapeang Kieb', 210214),
(21021407, 'Tnaot Chrum', 210214),
(21021408, 'Kou Duol', 210214),
(21021409, 'Rumduol', 210214),
(21021410, 'Mreah Prov', 210214),
(21021411, 'Trapeang Thum', 210214),
(21021412, 'Yeam Khau', 210214),
(21021413, 'Tuek Thla', 210214),
(21021414, 'Roka Pok', 210214),
(21021415, 'Tram Sasar', 210214),
(21021416, 'Boeng Ponhea Kuk', 210214),
(21021417, 'Trapeang Chamkar', 210214),
(21021501, 'Pun Phnum', 210215),
(21021503, 'Trapeang Tuem', 210215),
(21021504, 'Roka Khpos', 210215),
(21021505, 'Khsach Lob', 210215),
(21021506, 'Roleang Kreul', 210215),
(21021507, 'Chak', 210215),
(21021508, 'Trapeang Sab', 210215),
(21021509, 'Ta Su', 210215),
(21021510, 'Sangkae', 210215),
(21021511, 'Smau Khnhei', 210215),
(21021512, 'A Cheang', 210215),
(21021513, 'Prech', 210215),
(21021514, 'Sdok Prei', 210215),
(21021515, 'Daeum Kray', 210215),
(21021516, 'Trakiet', 210215),
(21030101, 'Angk Krouch', 210301),
(21030102, 'Snay Duoch', 210301),
(21030103, 'Kampong Ampil', 210301),
(21030104, 'Anlong Nien', 210301),
(21030105, 'kaek yum', 210301),
(21030106, 'Daeum Kor', 210301),
(21030107, 'Preaek Khsach', 210301),
(21030201, 'Sangkae Chuor', 210302),
(21030202, 'Chey Chouk', 210302),
(21030203, 'Kouk Panhcha', 210302),
(21030204, 'Anhchanh', 210302),
(21030205, 'Dei Leuk', 210302),
(21030206, 'Tara Kom', 210302),
(21030207, 'Banteay Sloek', 210302),
(21030301, 'Ta Sai', 210303),
(21030302, 'Souphi', 210303),
(21030303, 'Roteh Phluk', 210303),
(21030304, 'Trapeang Tonle', 210303),
(21030305, 'Ach Tonsay', 210303),
(21030306, 'Doung Khpos', 210303),
(21030307, 'Ta Ros', 210303),
(21030308, 'Ta Yueng', 210303),
(21030309, 'Traeuy Khlouk', 210303),
(21030310, 'Angkanh', 210303),
(21030311, 'Chrey Ngouk', 210303),
(21030312, 'Prey Mlob', 210303),
(21030401, 'Borei Cholsar', 210304),
(21030402, 'Kampong Krasang', 210304),
(21030403, 'Kdol Chrum', 210304),
(21030404, 'Sangkom Mean chey', 210304),
(21030405, 'Thma Bei Dom', 210304),
(21030501, 'Kandaol', 210305),
(21030502, 'Pong Tuek', 210305),
(21030503, 'Chrey Kouk Pou', 210305),
(21030504, 'Prey Mul', 210305),
(21030505, 'Prey Hiev', 210305),
(21030506, 'Neak Ta Tbal', 210305),
(21030507, 'Kampong Youl', 210305),
(21030508, 'Thma Sa', 210305),
(21040101, 'Pou Ta Mok', 210401),
(21040102, 'Roneam Tnaot', 210401),
(21040103, 'Prachreay', 210401),
(21040104, 'Angk Prasat', 210401),
(21040105, 'Phngeas', 210401),
(21040106, 'Voat Svay', 210401),
(21040107, 'Phnum Lonteah', 210401),
(21040108, 'Tuol Svay', 210401),
(21040109, 'Svay Thum', 210401),
(21040110, 'Kra Bak', 210401),
(21040201, 'Pou Khvet', 210402),
(21040202, 'Kampong', 210402),
(21040203, 'Trapeang Srang', 210402),
(21040204, 'Traeuy Tonloab', 210402),
(21040205, 'Prey Thum', 210402),
(21040206, 'Pou Roung', 210402),
(21040207, 'Chrouy', 210402),
(21040208, 'Pou', 210402),
(21040209, 'Kampong Thmey', 210402),
(21040301, 'Kamnab', 210403),
(21040302, 'Krangol', 210403),
(21040303, 'Daeum Slaeng', 210403),
(21040304, 'Khmal', 210403),
(21040305, 'Pou Sangkae', 210403),
(21040306, 'Chamkar Tieb', 210403),
(21040401, 'Ta Pov', 210404),
(21040402, 'Thum', 210404),
(21040403, 'Voat Phnum', 210404),
(21040404, 'Ang Khchau', 210404),
(21040405, 'Chi Mreak', 210404),
(21040406, 'Han Tea', 210404),
(21040407, 'Andoung Chrung', 210404),
(21040408, 'Ponley', 210404),
(21040409, 'Ta Meaeng', 210404),
(21040410, 'Svay Voa', 210404),
(21040411, 'Prasat', 210404),
(21040412, 'Pou Bay', 210404),
(21040413, 'Chrak Cheu Koam', 210404),
(21040501, 'Chambak Tuem', 210405),
(21040502, 'Prey Ta Mau', 210405),
(21040503, 'Daeum Beng', 210405),
(21040504, 'Preal', 210405),
(21040505, 'Chek', 210405),
(21040506, 'Chrouy Slaeng', 210405),
(21040601, 'Trapeang Pring', 210406),
(21040602, 'Kbal Damrei', 210406),
(21040603, 'Kouk Prech', 210406),
(21040604, 'Chi Khmol', 210406),
(21040605, 'Chheu Nieng Khpos', 210406),
(21040606, 'Slaeng', 210406),
(21040607, 'Samraong Khang Kaeut', 210406),
(21040608, 'Samraong Khang Lech', 210406),
(21040609, 'Chambak', 210406),
(21040610, 'Andoung Thum', 210406),
(21040611, 'Kouk Kruos', 210406),
(21040612, 'Prey Cheung', 210406),
(21040613, 'Bam', 210406),
(21040701, 'Phsar', 210407),
(21040702, 'Ta Loeng', 210407),
(21040703, 'Kandal', 210407),
(21040704, 'Ta Rung', 210407),
(21040705, 'Chvea', 210407),
(21040706, 'Andoung Kien', 210407),
(21040707, 'Thum', 210407),
(21040708, 'Totueng', 210407),
(21040709, 'Thmei', 210407),
(21040801, 'Prey Lieb', 210408),
(21040802, 'Khvav', 210408),
(21040803, 'Trapeang Pring', 210408),
(21040804, 'Amrae', 210408),
(21040805, 'Soben', 210408),
(21040806, 'Prey Ampok', 210408),
(21040807, 'Thnal Louk', 210408),
(21040808, 'Pump Edth', 210408),
(21040809, 'Chheu Teal Phluoh', 210408),
(21040901, 'Phnum Krapeu', 210409),
(21040902, 'Buor', 210409),
(21040903, 'Chamreh', 210409),
(21040904, 'Damnak Thngan', 210409),
(21040905, 'Bapol', 210409),
(21040906, 'Trapeang Chey', 210409),
(21040907, 'Dei Kraham', 210409),
(21040908, 'Trapeang Veaeng', 210409),
(21040909, 'Trapeang Pidaor', 210409),
(21040910, 'Prey Rumdeng', 210409),
(21040911, 'Boeng Tumnob', 210409),
(21041001, 'Svay Sa', 210410),
(21041002, 'Trayueng', 210410),
(21041003, 'Trapeang Run', 210410),
(21041004, 'Ream Andaeuk', 210410),
(21041005, 'Trapeang Khchau', 210410),
(21041006, 'Kaoh Kosal', 210410),
(21041007, 'Kouk Roka', 210410),
(21041008, 'Pongro', 210410),
(21041101, 'Tuol Pongro', 210411),
(21041102, 'Srae Khmuonh', 210411),
(21041103, 'Srae Kaes', 210411),
(21041104, 'Preal', 210411),
(21041105, 'Thmei', 210411),
(21041106, 'Ping Pong', 210411),
(21041107, 'Saom', 210411),
(21041108, 'Daeum Rumdael', 210411),
(21041109, 'Daeum Angkaol', 210411),
(21041110, 'Neasar Kiri', 210411),
(21041111, 'Tonloab', 210411),
(21041112, 'Trapeang Pong Tuek', 210411),
(21041201, 'Krasang Pul', 210412),
(21041202, 'Roliek', 210412),
(21041203, 'Sla', 210412),
(21041204, 'Daom', 210412),
(21041205, 'Cheav Bdei Khang Kaeut', 210412),
(21041206, 'Cheav Bdei Khang Lech', 210412),
(21041207, 'Krang Tro Mung', 210412),
(21041208, 'Ta Ou Khang Cheung', 210412),
(21041209, 'Ta Ou Khang Tboung', 210412),
(21050101, 'Daeum Doung', 210501),
(21050102, 'Beng', 210501),
(21050103, 'Krapum Chhuk', 210501),
(21050104, 'Prey Mlu', 210501),
(21050105, 'Peani', 210501),
(21050106, 'Ta Por', 210501),
(21050107, 'Trapeang Ta Uy', 210501),
(21050108, 'Kaoh Moan', 210501),
(21050109, 'Voat Sla', 210501),
(21050110, 'Chrouy Poun', 210501),
(21050111, 'Khla Krohuem Ka', 210501),
(21050112, 'Khla Krohuem Kha', 210501),
(21050113, 'Trapeang Tonle', 210501),
(21050201, 'Ta Buo', 210502),
(21050202, 'Chontol Mekh', 210502),
(21050203, 'Prey Thum', 210502),
(21050204, 'Damnak', 210502),
(21050205, 'Prey Bay', 210502),
(21050206, 'Kouk Doung', 210502),
(21050207, 'Trapeang Krasang', 210502),
(21050208, 'Ta Mouk', 210502),
(21050209, 'Pou', 210502),
(21050210, 'Poun', 210502),
(21050211, 'Pech Sar', 210502),
(21050212, 'Slaeng', 210502),
(21050213, 'Sdau', 210502),
(21050214, 'Chong Angkar', 210502),
(21050215, 'Angkunh', 210502),
(21050216, 'Ta Baoh', 210502),
(21050217, 'Kouk Khpos', 210502),
(21050301, 'Srama', 210503),
(21050302, 'Srae Boeng', 210503),
(21050303, 'Prey Melong Khang Tboung', 210503),
(21050304, 'Prey Melong Khang Cheung', 210503),
(21050305, 'Kansaom Ak', 210503),
(21050306, 'Chambak', 210503),
(21050307, 'Samphli', 210503),
(21050308, 'Kor', 210503),
(21050309, 'Tang Reasei', 210503),
(21050310, 'Prey Khla Khang Cheung', 210503),
(21050311, 'Prey Khla Khang Tboung', 210503),
(21050312, 'Banteay Thleay', 210503),
(21050313, 'Kaev Kamphleung', 210503),
(21050314, 'Tuol Kandal', 210503),
(21050315, 'Chumrum', 210503),
(21050401, 'Ta Nhuem', 210504),
(21050402, 'Prey Bay', 210504),
(21050403, 'Ta Phin', 210504),
(21050404, 'Ta Phan', 210504),
(21050405, 'Ta Hien', 210504),
(21050406, 'Pong Andaeuk', 210504),
(21050501, 'Romenh Khang Tboung', 210505),
(21050502, 'Romenh Khang Cheung', 210505),
(21050503, 'Daeum Chan', 210505),
(21050504, 'Mea Neak', 210505),
(21050505, 'Daeum Krouch', 210505),
(21050506, 'Pralay Meas', 210505),
(21050507, 'Chambak Aem', 210505),
(21050508, 'Samraong', 210505),
(21050509, 'Prasat', 210505),
(21050510, 'Daeum Pou', 210505),
(21050601, 'Roluos', 210506),
(21050602, 'Lieb', 210506),
(21050603, 'Trapeang Kak', 210506),
(21050604, 'Andoung Samretth', 210506),
(21050605, 'Rung', 210506),
(21050606, 'Pnov', 210506),
(21050607, 'Si Sla', 210506),
(21060101, 'Trapeang Roka', 210601),
(21060102, 'Ba Noy', 210601),
(21060103, 'Phsar Chreae', 210601),
(21060104, 'Pring', 210601),
(21060105, 'Svay Pear', 210601),
(21060106, 'Angkanh', 210601),
(21060201, 'Samraong Mreah', 210602),
(21060202, 'Doung Khpos', 210602),
(21060203, 'Thlok Doun Tum', 210602),
(21060204, 'Thnal Bat', 210602),
(21060205, 'Sedthei', 210602),
(21060206, 'Pontong', 210602),
(21060207, 'Ta Vong', 210602),
(21060301, 'Ponsang', 210603),
(21060302, 'Ruessei Thmei', 210603),
(21060303, 'Chroy', 210603),
(21060304, 'Chumpu Proeks', 210603),
(21060305, 'Champa', 210603),
(21060306, 'Samraong', 210603),
(21060307, 'Danghoet', 210603),
(21060308, 'Chek', 210603),
(21060309, 'Roneam Pechr', 210603),
(21060401, 'Ampil Lech', 210604),
(21060402, 'Ampil Kaeut', 210604),
(21060403, 'Srae Pou', 210604),
(21060404, 'Char', 210604),
(21060405, 'Chant Mongkol', 210604),
(21060406, 'Sla', 210604),
(21060407, 'Bang Bat', 210604),
(21060408, 'Svay Chal', 210604),
(21060409, 'Angk Svay Chek', 210604),
(21060501, 'Ta Mung', 210605),
(21060502, 'Changkaeub', 210605),
(21060503, 'Ta Loung', 210605),
(21060504, 'Thmei', 210605),
(21060505, 'Kampeaeng Thum', 210605),
(21060506, 'Kampeaeng Tboung', 210605),
(21060507, 'Angk Chruk', 210605),
(21060508, 'Chamnaom', 210605),
(21060509, 'Trapeang Angk', 210605),
(21060601, 'Peam', 210606),
(21060602, 'Chumnik', 210606),
(21060603, 'Kanhchel', 210606),
(21060604, 'Kampong Leav', 210606),
(21060605, 'Kampong Reab', 210606),
(21060606, 'Kampong Sama', 210606),
(21060607, 'Klaeng Kong', 210606),
(21060701, 'Trapeang Svay', 210607),
(21060702, 'Samdach Poan', 210607),
(21060703, 'Kdanh', 210607),
(21060704, 'Kpam', 210607),
(21060705, 'Veal', 210607),
(21060706, 'Krang Vich', 210607),
(21060707, 'Angk', 210607),
(21060801, 'Kdei Ta Hok', 210608),
(21060802, 'Thnal Bat', 210608),
(21060803, 'Svay Samraong', 210608),
(21060804, 'Angk Sangkae', 210608),
(21060805, 'Krasang', 210608),
(21060806, 'Prey Ta Pong', 210608),
(21060807, 'Kouk Angkong', 210608),
(21060808, 'Sama Leav', 210608),
(21060809, 'Sama Khmer', 210608),
(21060810, 'Kor', 210608),
(21060811, 'Kouk Kanhchab', 210608),
(21060901, 'Pech Changva', 210609),
(21060902, 'Trapeang Krouch', 210609),
(21060903, 'Prey Kabbas Ka', 210609),
(21060904, 'Prey Kabbas Kha', 210609),
(21060905, 'Prey Kabbas Ko', 210609),
(21060906, 'Samchat', 210609),
(21060907, 'Prey Prum', 210609),
(21060908, 'Daeum Pou', 210609),
(21060909, 'Ampil Rieng', 210609),
(21060910, 'Ou', 210609),
(21061001, 'Prey Lvea Kaeut', 210610),
(21061002, 'Prey Lvea Lech', 210610),
(21061003, 'Anlong Meas', 210610),
(21061004, 'Ta Khon', 210610),
(21061005, 'Angk Krasang', 210610),
(21061006, 'Lvea Tnaot', 210610),
(21061101, 'Prey Robang', 210611),
(21061102, 'Kouk Trea', 210611),
(21061103, 'Prey Phdau Tboung', 210611),
(21061104, 'Prey Phdau Cheung', 210611),
(21061105, 'Trapeang Thum', 210611),
(21061106, 'Chumrum', 210611),
(21061107, 'Saiva', 210611),
(21061108, 'Prey Phnhi', 210611),
(21061109, 'Prey Chheu Teal', 210611),
(21061110, 'Dong', 210611),
(21061111, 'Sman Muni', 210611),
(21061201, 'Krang', 210612),
(21061202, 'Tongkeae', 210612),
(21061203, 'Snao', 210612),
(21061204, 'Roka', 210612),
(21061205, 'Thomm Viney', 210612),
(21061206, 'Trapeang Reang', 210612),
(21061301, 'Trapeang Tea', 210613),
(21061302, 'Prey Chambak', 210613),
(21061303, 'Trapeang Sdok', 210613),
(21061304, 'Snoul Khpos', 210613),
(21061305, 'Krang Ampil', 210613),
(21061306, 'Krang Chamraeun', 210613),
(21061307, 'Chumrov', 210613),
(21061308, 'Kaev Chamraeun', 210613),
(21061309, 'Roluos', 210613),
(21061310, 'Chranieng Khpos', 210613),
(21061311, 'Angk Roveay', 210613),
(21061312, 'Sambour', 210613),
(21070101, 'Khnach Khang Cheung', 210701),
(21070102, 'Khnach Khang Tboung', 210701),
(21070103, 'Chheu Teal', 210701),
(21070104, 'Pech Entrea', 210701),
(21070105, 'Romon', 210701),
(21070106, 'Bei Pey', 210701),
(21070107, 'Pech Changva', 210701),
(21070108, 'Angk Reang', 210701),
(21070109, 'Koun Romeas', 210701),
(21070201, 'Dak Por', 210702),
(21070202, 'Srei Chey', 210702),
(21070203, 'Khnar Rung', 210702),
(21070204, 'Boeng Tranh', 210702),
(21070205, 'Ta Sam', 210702),
(21070206, 'Moha Reach', 210702),
(21070207, 'Hang Heng', 210702),
(21070208, 'Kampaor', 210702),
(21070209, 'Trapeang Veaeng', 210702),
(21070210, 'Tadak Pong', 210702),
(21070301, 'Trapeang Veaeng', 210703),
(21070302, 'Ta Mau', 210703),
(21070303, 'Trapeang Vihear', 210703),
(21070304, 'Tbach', 210703),
(21070305, 'Ta Khouy', 210703),
(21070306, 'Cheung Kuon', 210703),
(21070307, 'Ponsang', 210703),
(21070308, 'Anhchanh', 210703),
(21070309, 'Thkov', 210703),
(21070310, 'Krang Lang', 210703),
(21070311, 'Svay Chek', 210703),
(21070401, 'Srae Ta Sokh', 210704),
(21070402, 'Svay Ron', 210704),
(21070403, 'Thlok Damnak Luong', 210704),
(21070404, 'Tramaeng', 210704),
(21070405, 'Damnak Trayueng', 210704),
(21070406, 'Ta Yueng', 210704),
(21070407, 'Prey Khla', 210704),
(21070408, 'Ponlueu', 210704),
(21070409, 'Kansaom Khlaeng', 210704),
(21070410, 'Trapeang Khnar', 210704),
(21070411, 'Angkor Phdiek', 210704),
(21070412, 'Chumreah Pen', 210704),
(21070413, 'Slaeng', 210704),
(21070414, 'Trapeang Rumduol', 210704),
(21070415, 'Boeng', 210704),
(21070416, 'Trapeang Chambak', 210704),
(21070417, 'Prey Neang Puon', 210704),
(21070418, 'Snaeng Romeang', 210704),
(21070419, 'Prey Snuol', 210704),
(21070501, 'Leak Roteh', 210705),
(21070502, 'Trapeang Reang', 210705),
(21070503, 'Prey Choar', 210705),
(21070504, 'Veah Puoh', 210705),
(21070505, 'Trapeang Khlouk', 210705),
(21070506, 'Angkunh', 210705),
(21070507, 'Tram Kol', 210705),
(21070508, 'Kab Nuem', 210705),
(21070509, 'Pou', 210705),
(21070510, 'Khvav', 210705),
(21070511, 'Boeng', 210705),
(21070512, 'Ou', 210705),
(21070513, 'Trapeang Thnong', 210705),
(21070514, 'Trapeang Puon', 210705),
(21070515, 'Prey Nhuek', 210705),
(21070516, 'Svay Tong', 210705),
(21070517, 'Tuol Ta Chen', 210705),
(21070518, 'Trapeang Trabaek', 210705),
(21070601, 'Lumchang', 210706),
(21070602, 'Svay Prey', 210706),
(21070603, 'Pong Tuek', 210706),
(21070604, 'Kdol', 210706),
(21070605, 'Thommoney', 210706),
(21070606, 'Tuol Trea', 210706),
(21070607, 'Ta Muong', 210706),
(21070608, 'Rung', 210706),
(21070609, 'Khvav', 210706),
(21070610, 'Prasiet', 210706),
(21070701, 'Trapeang Khnar', 210707),
(21070702, 'Kok Ta Rie', 210707),
(21070703, 'Trapeang Trea', 210707),
(21070704, 'Tuek Ambel', 210707),
(21070705, 'Prey Khcheay', 210707),
(21070706, 'Taol', 210707),
(21070707, 'Thmei', 210707),
(21070708, 'Rovieng', 210707),
(21070709, 'Krang Leav', 210707),
(21070710, 'Trapeang Chhuk', 210707),
(21070711, 'Trapeang Storng', 210707),
(21070712, 'Trapeang Veaeng', 210707),
(21070713, 'Chanloat Dai', 210707),
(21070714, 'Sramaoch Haer', 210707),
(21070715, 'Trapeang Sdok', 210707),
(21070716, 'Kruos', 210707),
(21070717, 'Dak Por', 210707),
(21070718, 'Kandal', 210707),
(21070719, 'Krang Thnong', 210707),
(21070720, 'Prey Snuol', 210707),
(21070721, 'Veay Chhneah', 210707),
(21070722, 'Char', 210707),
(21070723, 'Daeum Thlok', 210707),
(21070801, 'Kansaom Ak', 210708),
(21070802, 'Dei Kraham', 210708),
(21070803, 'Prey Totueng', 210708),
(21070804, 'Samraong', 210708),
(21070805, 'Tuol Char', 210708),
(21070806, 'Ta Poun Khang Kaeut', 210708),
(21070807, 'Ta Poun Khang Lech', 210708),
(21070808, 'Krang Roout', 210708),
(21070809, 'Svay', 210708),
(21070901, 'Chhuk Sa Khang Cheung', 210709),
(21070902, 'Chhuk Sa Khang Tboung', 210709),
(21070903, 'Kdei', 210709),
(21070904, 'Prey Khla', 210709),
(21070905, 'Trapeang Kei', 210709),
(21070906, 'Veaeng', 210709),
(21070907, 'Tonloab', 210709),
(21070908, 'Pa Na', 210709),
(21070909, 'Kay Bang', 210709),
(21070910, 'Krang Traeng', 210709),
(21070911, 'Soengh', 210709),
(21070912, 'Trapeang Prei', 210709),
(21070913, 'Angk Kdei', 210709),
(21070914, 'Krang Sdau', 210709),
(21071001, 'Sla Khang Lech', 210710),
(21071002, 'Sla Khang Kaeut', 210710),
(21071003, 'Angk Changer', 210710),
(21071004, 'Trapeang Trav', 210710),
(21071005, 'Kantrong Prech', 210710),
(21071006, 'Boeng Kantron', 210710),
(21071007, 'Trapeang Srang', 210710),
(21071008, 'Pou', 210710),
(21071009, 'Ampil', 210710),
(21071010, 'Kanhchang', 210710),
(21071011, 'Srei Bandit', 210710),
(21071012, 'Srei Prasaeur', 210710),
(21071013, 'A Roung', 210710),
(21071101, 'Veaeng', 210711),
(21071102, 'Kbal Samraong', 210711),
(21071103, 'Ruessei Chum', 210711),
(21071104, 'Saen Pheas', 210711),
(21071105, 'Tnaot Ter', 210711),
(21071106, 'Dountei', 210711),
(21071107, 'Sambuor', 210711),
(21071108, 'Trea Leu', 210711),
(21071109, 'Kampong Trea', 210711),
(21071110, 'Thmea', 210711),
(21071111, 'Doung', 210711),
(21080101, 'Thon Mon Khang Cheung', 210801),
(21080102, 'Thon Mon Khang Tboung', 210801),
(21080103, 'Ruessei', 210801),
(21080104, 'Chrouy Prakhor', 210801),
(21080105, 'Svay Chrum', 210801),
(21080106, 'Doun Peaeng', 210801),
(21080107, 'Svay Ruessei', 210801),
(21080108, 'Khan Khav', 210801),
(21080109, 'Trapeang Ruessei', 210801),
(21080110, 'Krachab', 210801),
(21080111, 'Trapeang Leak', 210801),
(21080112, 'Chong Thnal', 210801),
(21080113, 'Krang Ta Pung', 210801),
(21080114, 'Chrouy Samraong', 210801),
(21080201, 'Chak', 210802),
(21080202, 'Phsar Ta Kao', 210802),
(21080203, 'Sambuor', 210802),
(21080204, 'Khsoeng', 210802),
(21080205, 'Ou Svay Chek', 210802),
(21080206, 'Chres', 210802),
(21080207, 'Prey Prum', 210802),
(21080208, 'Louri', 210802),
(21080209, 'Phum Muoy', 210802),
(21080210, 'Phum Pir', 210802),
(21080211, 'Phum Bei', 210802),
(21080212, 'Snaor', 210802),
(21080301, 'Tumnob', 210803),
(21080302, 'Tram', 210803),
(21080303, 'Prohut', 210803),
(21080304, 'Ta Du', 210803),
(21080305, 'Thnal Baek', 210803),
(21080306, 'Thmei', 210803),
(21080307, 'Trapeang Sala', 210803),
(21080308, 'Ben Mau', 210803),
(21080309, 'Souchan', 210803),
(21080310, 'Trapeang Phlong', 210803),
(21080311, 'Prech', 210803),
(21080312, 'Tom', 210803),
(21080313, 'Thnong', 210803),
(21080314, 'Trapeang Angk', 210803),
(21090101, 'Srok Chek', 210901),
(21090102, 'Prey Damrei', 210901),
(21090103, 'Prey Sraong', 210901),
(21090104, 'Prey Chheu Teal Leu', 210901),
(21090105, 'Chheu Teal Prakeab', 210901),
(21090106, 'Prey Chheu Teal Kraom', 210901),
(21090107, 'Angk Ta Saom', 210901),
(21090108, 'Trapeang Khnar', 210901),
(21090109, 'Sek Yea', 210901),
(21090110, 'Ou Phot', 210901),
(21090111, 'Khna Tey', 210901),
(21090112, 'Prey Rumdeng', 210901),
(21090113, 'Trapeang Chaeng', 210901),
(21090114, 'Angk Tnaot Khang Lech', 210901),
(21090115, 'Trapeang Srangae', 210901),
(21090116, 'Angk Tnaot Khang Kaeut', 210901),
(21090117, 'Chamkar Dieb', 210901),
(21090118, 'Sman Pream', 210901),
(21090119, 'Trapeang Trabaek', 210901),
(21090120, 'Prey Peay', 210901),
(21090121, 'Trapeang Khlout', 210901),
(21090122, 'Angkor Moeang', 210901),
(21090201, 'Srae Khvav', 210902),
(21090202, 'Ta Reab', 210902),
(21090203, 'Angk Kralanh', 210902),
(21090204, 'Angk Baksei', 210902),
(21090205, 'Tuol Roka', 210902),
(21090206, 'Trapeang Srangae', 210902),
(21090207, 'Totueng Thngai', 210902),
(21090208, 'Trapeang Tuek', 210902),
(21090209, 'Ta Toem', 210902),
(21090210, 'Moeang Char', 210902),
(21090211, 'Trapeang Pou', 210902),
(21090212, 'Sandao', 210902),
(21090213, 'Ti Pat', 210902),
(21090214, 'Srae Kruo', 210902),
(21090215, 'Tuol Tbaeng', 210902),
(21090216, 'Nomou', 210902),
(21090301, 'Kus Thmei', 210903),
(21090302, 'Tuek Thla', 210903),
(21090303, 'Tumnob Chrey', 210903),
(21090304, 'Khnach Chaor', 210903),
(21090305, 'Ak Pong', 210903),
(21090306, 'Mean Chey', 210903),
(21090307, 'Angk Kralanh', 210903),
(21090308, 'Angk Ta Ngel', 210903),
(21090309, 'Chheu Teal Thkoul', 210903),
(21090310, 'Pong Tuek Khang Cheung', 210903),
(21090311, 'Krang Ta Chan', 210903),
(21090312, 'Niel', 210903),
(21090313, 'Trapeang Lean', 210903),
(21090314, 'Tmat Pong', 210903),
(21090315, 'Trapeang Pring', 210903),
(21090316, 'Trapeang Thma', 210903),
(21090317, 'Ta Leak Khang Cheung', 210903),
(21090318, 'Ta Leak Khang Tboung', 210903),
(21090319, 'Trapeang Ta Sokh', 210903),
(21090320, 'Trapeang Ampil', 210903),
(21090321, 'Chamkar Tieng', 210903),
(21090322, 'Saen Aok', 210903),
(21090323, 'Tonsaong Rou', 210903),
(21090324, 'Trapeang Chheu Teal', 210903),
(21090325, 'Prey Snuol', 210903),
(21090326, 'Chamkar Angk Khang Cheung', 210903),
(21090327, 'Chamkar Angk Khang Tboung', 210903),
(21090328, 'Pong Tuek Khang Tboung', 210903),
(21090329, 'Andoung Thma', 210903),
(21090330, 'Prey Ta Khab', 210903),
(21090401, 'Chreae', 210904),
(21090402, 'Khnar', 210904),
(21090403, 'Prey Theat', 210904),
(21090404, 'Trapeang Kur', 210904),
(21090405, 'Tuol Tbaeng', 210904),
(21090406, 'Angk Kokir', 210904),
(21090407, 'Trapeang Chhuk', 210904),
(21090408, 'Prey Kuy', 210904),
(21090409, 'Ampil', 210904),
(21090410, 'Angk Ta Kob', 210904),
(21090411, 'Boeng', 210904),
(21090412, 'Kach Trak', 210904),
(21090413, 'Trapeang Trach', 210904),
(21090414, 'Thyea', 210904),
(21090415, 'Thnong Roleung', 210904),
(21090416, 'Trapeang Pring', 210904),
(21090417, 'Angk Ta Chan', 210904),
(21090418, 'Prasat', 210904),
(21090419, 'Angk Ta Nu', 210904),
(21090420, 'Bak Kout', 210904),
(21090421, 'Trapeang Kak', 210904),
(21090422, 'Angk Neareay', 210904),
(21090423, 'Sla', 210904),
(21090424, 'Seima', 210904),
(21090425, 'Saen Ban', 210904),
(21090501, 'Doun Tuot', 210905),
(21090502, 'Soutey', 210905),
(21090503, 'Kranhung', 210905),
(21090504, 'Trapeang Snao', 210905),
(21090505, 'Kus', 210905),
(21090506, 'Slaeng Kaong', 210905),
(21090507, 'Ta Tai', 210905),
(21090508, 'Ruessei Srok', 210905),
(21090509, 'Angk Ta Saom', 210905),
(21090510, 'Ou Sngaeun', 210905),
(21090511, 'Kamsei', 210905),
(21090601, 'Trapeang Dang Tuek', 210906),
(21090602, 'Tuol Khlong', 210906),
(21090603, 'Sokram', 210906),
(21090604, 'Trapeang Krasang', 210906),
(21090605, 'Trapeang Kralanh', 210906),
(21090606, 'Boeng Satong', 210906),
(21090607, 'Trapeang Phlu', 210906),
(21090608, 'Trapeang Khchau', 210906),
(21090609, 'Damnak Khlong', 210906),
(21090610, 'Stueng', 210906),
(21090611, 'Ruessei Muoy Kump', 210906),
(21090615, 'Tnaot Chum', 210906),
(21090701, 'Khpob Svay', 210907),
(21090702, 'Trapeang Chak', 210907),
(21090703, 'Trapeang Skea', 210907),
(21090704, 'Trapeang Robang', 210907),
(21090705, 'Trapeang Kranhoung', 210907),
(21090706, 'Prey Kduoch', 210907),
(21090707, 'Phlov Louk', 210907),
(21090708, 'Prey Talouy', 210907),
(21090709, 'Boss Taphong', 210907),
(21090801, 'Trapeang Run', 210908),
(21090802, 'Chong Ang', 210908),
(21090803, 'Trapeang Trakiet', 210908),
(21090804, 'Angk Rumpeak', 210908),
(21090805, 'Dak Van', 210908),
(21090806, 'Ta Sour', 210908),
(21090807, 'Ta Loea', 210908),
(21090808, 'Rumpeak Pen', 210908),
(21090809, 'Trapeang Thlan', 210908),
(21090810, 'Prab Siem', 210908),
(21090811, 'Rumlich Svay', 210908),
(21090812, 'Srangae', 210908),
(21090813, 'Prey Chheu Teal', 210908),
(21090814, 'Trapeang Chhuk', 210908),
(21090901, 'Angk Kokir', 210909),
(21090902, 'Trav Aem', 210909),
(21090903, 'Ta Set', 210909),
(21090904, 'Prey Chuor', 210909),
(21090905, 'Trapeang Kak', 210909),
(21090906, 'Kngaok Pong', 210909),
(21090907, 'Damnak Roveang', 210909),
(21090908, 'Cham Pol', 210909),
(21090909, 'Trapeang Pring', 210909),
(21090910, 'Romiet', 210909),
(21090911, 'Prey Mean', 210909),
(21090912, 'Prey Chheu Teal', 210909),
(21091001, 'Trapeang Chaeng', 210910),
(21091002, 'Kaoh Nhai', 210910),
(21091003, 'Krabei Prey', 210910),
(21091004, 'Chan Teab', 210910),
(21091005, 'Trapeang Chhuk', 210910),
(21091006, 'Krang Banteay', 210910),
(21091007, 'Pong Tuek', 210910),
(21091008, 'Paen Meas', 210910),
(21091009, 'Ta Sman', 210910),
(21091010, 'Prey Ta Dok', 210910),
(21091011, 'Prasoutr Thmei', 210910),
(21091012, 'Trapeang Thma', 210910),
(21091013, 'Ta Saom', 210910),
(21091014, 'Prey Kokir', 210910),
(21091015, 'Ta Paen', 210910),
(21091016, 'Sambuor', 210910),
(21091101, 'Pravoney', 210911),
(21091102, 'Trapeang Thnal', 210911),
(21091103, 'Chrey Veaeng', 210911),
(21091104, 'Sameakki', 210911),
(21091105, 'Trapeang Ronoung', 210911),
(21091106, 'Trach', 210911),
(21091107, 'Kouk Rovieng', 210911),
(21091108, 'Thum', 210911),
(21091109, 'Ta Kaev', 210911),
(21091110, 'Krang Svay', 210911),
(21091111, 'Trapeang Robaeum', 210911),
(21091112, 'Thmei', 210911),
(21091113, 'Prachum', 210911),
(21091114, 'Srae Chheu Nieng', 210911),
(21091115, 'Prey Mouk', 210911),
(21091116, 'Srae Thlok', 210911),
(21091117, 'Trapeang Tomloab', 210911),
(21091201, 'Mrum', 210912),
(21091202, 'Trapeang Ampil', 210912),
(21091203, 'Ta Moch', 210912),
(21091204, 'Angk Kokir', 210912),
(21091205, 'Ta Phem', 210912),
(21091206, 'Ta Sou', 210912),
(21091207, 'Khla Krohuem', 210912),
(21091208, 'Li Nha', 210912),
(21091209, 'Prasung', 210912),
(21091210, 'Tbaeng Totueng', 210912),
(21091211, 'Ou Phot', 210912),
(21091212, 'Moha Sena', 210912),
(21091213, 'Leang Sray', 210912),
(21091214, 'Ta Koam', 210912),
(21091215, 'Pou Preah Sang', 210912),
(21091216, 'Trapeang Kabbas', 210912),
(21091217, 'Trapeang Svay', 210912),
(21091218, 'Ba Khong Khang Kaeut', 210912),
(21091219, 'Ba Khong Khang Lech', 210912),
(21091220, 'Ta Mom', 210912),
(21091221, 'Pravong', 210912),
(21091222, 'Prey Chheu Teal', 210912),
(21091223, 'Ta Koem', 210912),
(21091301, 'Yeay La', 210913),
(21091302, 'Chrey Tnaot', 210913),
(21091303, 'Trapeang Rumpeak', 210913),
(21091304, 'Niel', 210913),
(21091305, 'Trapeang Kaes', 210913),
(21091306, 'Trapeang Chak', 210913),
(21091307, 'Kol Kom', 210913),
(21091308, 'Angk Roneab', 210913),
(21091309, 'Trapeang Ruessei', 210913),
(21091310, 'Trapeang Khlout', 210913),
(21091311, 'Boeng Mkak', 210913),
(21091312, 'Krang Kor', 210913),
(21091313, 'Thma Kaev', 210913),
(21091401, 'Peak Bangaong', 210914),
(21091402, 'Prey Khvav', 210914),
(21091403, 'Trapeang Svay', 210914),
(21091404, 'Ta Suon', 210914),
(21091405, 'Prey Kduoch', 210914),
(21091406, 'Prey Ta Lei', 210914),
(21091407, 'Samrang', 210914),
(21091408, 'Angk Trav', 210914),
(21091409, 'Pou Doh', 210914),
(21091410, 'Prey Sbat', 210914),
(21091411, 'Prey Dak Por', 210914),
(21091501, 'Trapeang Kaoh', 210915),
(21091502, 'Prey Kdei', 210915),
(21091503, 'Prey Rumduol', 210915),
(21091504, 'Prakieb', 210915),
(21091505, 'Trapeang Chrey', 210915),
(21091506, 'Samraong', 210915),
(21091507, 'Kou Chen Leaeng', 210915),
(21091508, 'Trapeang Ta Saom', 210915),
(21091509, 'Trapeang Chhuk', 210915),
(21091510, 'Trapeang Tnaot', 210915),
(21091511, 'Trapeang Prei', 210915),
(21091512, 'Trapeang Khan', 210915),
(21091513, 'Prey Preal', 210915),
(21100101, 'Prey Tuk', 211001),
(21100102, 'Roluos', 211001),
(21100103, 'Trapeang Khlout', 211001),
(21100104, 'Trapeang Chhuk', 211001),
(21100105, 'Ta Ren Chou', 211001),
(21100106, 'Krang Chheu Nieng', 211001),
(21100107, 'Doek Mai', 211001),
(21100108, 'Angk Rokar', 211001),
(21100201, 'Spueu', 211002),
(21100202, 'Kor', 211002),
(21100203, 'Trapeang Prei', 211002),
(21100204, 'Trapeang Roka', 211002),
(21100205, 'Prey Meas', 211002),
(21100206, 'Srae Vong', 211002),
(21100207, 'Ta Pheak', 211002),
(21100301, 'Thkov', 211003),
(21100302, 'Chuos', 211003),
(21100303, 'Chhkae Slab', 211003),
(21100304, 'Andaeng Sang Chvea', 211003),
(21100305, 'Andaeng Sang Khmer', 211003),
(21100306, 'Chreae', 211003),
(21100307, 'Roka', 211003),
(21100308, 'Yul Chek', 211003),
(21100309, 'Banteay', 211003),
(21100310, 'Chi Khma', 211003),
(21100401, 'Pongro', 211004),
(21100402, 'Ta Soeng', 211004),
(21100403, 'Kdei Run', 211004),
(21100404, 'Kakaoh', 211004),
(21100405, 'Srama Leu', 211004),
(21100406, 'Thommoda', 211004),
(21100407, 'Srama Kraom', 211004),
(21100408, 'Ta Sraen', 211004),
(21100409, 'Doun Pheu', 211004),
(21100410, 'Prues Leu', 211004),
(21100411, 'Prues Kraom', 211004),
(21100501, 'Trapeang Veaeng', 211005),
(21100502, 'Damnak Reachea', 211005),
(21100503, 'Dangkao', 211005),
(21100504, 'Chheu Teal Phluoh', 211005),
(21100505, 'Prambei Mum', 211005),
(21100506, 'Krang Kandal', 211005),
(21100507, 'Trapeang Leuk', 211005),
(21100508, 'Krang Sbaek', 211005),
(21100509, 'Ponhea Lueu', 211005),
(21100510, 'Prey Chheu Teal', 211005),
(21100511, 'Rovieng', 211005),
(21100512, 'Lve Thmei', 211005),
(21100601, 'Ou Kralang Duol', 211006),
(21100602, 'Trapeang Kak', 211006),
(21100603, 'Angk Kaev', 211006),
(21100604, 'Prey Rumpeak', 211006),
(21100605, 'Thnuoh', 211006),
(21100606, 'Trapeang Snao', 211006),
(21100607, 'Serei Duoch', 211006),
(21100608, 'Ou Ta Sek', 211006),
(21100701, 'Prey Sandaek', 211007),
(21100702, 'Srae Chrak', 211007),
(21100703, 'Kouk Nhoar', 211007),
(21100704, 'Niel', 211007),
(21100705, 'Prey Mien', 211007),
(21100706, 'Prey Sloek', 211007),
(21100707, 'Phnum Thnak', 211007),
(21100708, 'Daeum Phdiek', 211007),
(21100709, 'Trapeang Ta Moung', 211007),
(21100710, 'Baray', 211007),
(21100711, 'Trapeang Veaeng', 211007),
(21100712, 'Svay Rumdeng', 211007),
(21100713, 'Phnum Khlaeng', 211007),
(21100714, 'Trapeang Angk', 211007),
(21100715, 'Sangha', 211007),
(21100716, 'Samraong Mean Chey', 211007),
(21100717, 'Sour Chant', 211007),
(21100801, 'Trapeang Chrey', 211008),
(21100802, 'Trapeang Rumpeak', 211008),
(21100803, 'Trapeang Thum', 211008),
(21100804, 'Thommoda', 211008),
(21100805, 'Thmei', 211008),
(21100806, 'Prey Phav', 211008),
(21100807, 'Khlaong Tvear', 211008),
(21100808, 'Trapeang Khnor', 211008),
(21100809, 'Prey Pher', 211008),
(21100810, 'Kouk Khmoung', 211008),
(21100811, 'Souphi', 211008),
(21100901, 'Prey Phdau', 211009),
(21100902, 'Rovieng', 211009),
(21100903, 'Prey Dak Por', 211009),
(21100904, 'Prey Phlong', 211009),
(21100905, 'Pou', 211009),
(21100906, 'Ta Proem', 211009),
(21100907, 'Trapeang Ponluh', 211009),
(21100908, 'Kbal Pou', 211009),
(21100909, 'Tnaot Chum', 211009),
(21100910, 'Ou Pou', 211009),
(21101001, 'Angk Ta Phouk', 211010),
(21101002, 'Angk Prangkor', 211010),
(21101003, 'Chrey', 211010),
(21101004, 'Ta Preah', 211010),
(21101005, 'Krang Tnaot', 211010),
(21101006, 'Krasang', 211010),
(21101007, 'Chen', 211010),
(21101008, 'Ponley', 211010),
(21101009, 'Srah Ta Kuon', 211010),
(21101010, 'Chi Chrab', 211010),
(21101011, 'Louk', 211010),
(21101012, 'Kraom', 211010),
(21101101, 'Smaong', 211011),
(21101102, 'Trapeang Chrey', 211011),
(21101103, 'Kampong Chrey', 211011),
(21101104, 'Skul', 211011),
(21101105, 'Trapeang Leuk', 211011),
(21101201, 'Tnaot', 211012),
(21101202, 'Prey Nob', 211012),
(21101203, 'Chrang', 211012),
(21101204, 'Trapeang Babos', 211012),
(21101205, 'Trabaek', 211012),
(21101206, 'Meun Tumrong', 211012),
(21101207, 'Kok', 211012),
(21101208, 'Svay Ampear', 211012),
(21101209, 'Kantuot', 211012),
(21101210, 'Prey Run', 211012),
(21101211, 'Snuol', 211012),
(21101212, 'Prey Chheu Teal', 211012),
(21101213, 'Prey Changriek', 211012),
(21101214, 'Kouk Ampov', 211012),
(21101215, 'Putth Sam', 211012),
(21101301, 'Trapeang Sla', 211013),
(21101302, 'Rovieng', 211013),
(21101303, 'Svay', 211013),
(21101304, 'Krang Thum', 211013),
(21101305, 'Krang Dai', 211013),
(21101306, 'Chen', 211013),
(21101307, 'Prey Veaeng', 211013),
(21101308, 'Chheu Teal Bak', 211013),
(21101309, 'Prey Chheu Teal', 211013),
(21101310, 'Krang Touch', 211013),
(21101311, 'Kdei Tnaot', 211013),
(21101312, 'Samraong', 211013),
(21101313, 'Samna Khmau', 211013),
(21101314, 'Krang Thnong', 211013),
(21101315, 'Krang Roung', 211013),
(21101316, 'Ponley', 211013),
(21101317, 'Lve', 211013),
(21101318, 'Chrung Kris', 211013),
(21101401, 'Tonle', 211014),
(21101402, 'Choes', 211014),
(21101403, 'Tralach', 211014),
(21101404, 'Samraong', 211014),
(21101405, 'Chingou', 211014),
(21101406, 'Angkunh', 211014),
(21101407, 'Kantuot Thum', 211014),
(21101408, 'Kantuot Touch', 211014),
(21101409, 'Poun', 211014),
(21101410, 'Trapeang Chhuk', 211014);
