CREATE TABLE IF NOT EXISTS `op_communes` (
  `id` int(20) NOT NULL,
  `name` text,
  `district_id` int(20) DEFAULT NULL,
  PRIMARY KEY (`id`),
  KEY `FK_tcommune` (`district_id`)
) ENGINE=InnoDB DEFAULT CHARSET=utf8;

--
-- Dumping data for table `op_communes`
--

INSERT INTO `op_communes` (`id`, `name`, `district_id`) VALUES
(220101, 'Anlong Veaeng', 2201),
(220103, 'Trapeang Tav', 2201),
(220104, 'Trapeang Prei', 2201),
(220105, 'Thlat', 2201),
(220106, 'Lumtong', 2201),
(220201, 'Ampil', 2202),
(220202, 'Beng', 2202),
(220203, 'Kouk Khpos', 2202),
(220204, 'Kouk Mon', 2202),
(220301, 'Cheung Tien', 2203),
(220302, 'Chong Kal', 2203),
(220303, 'Krasang', 2203),
(220304, 'Pongro', 2203),
(220401, 'Bansay Reak', 2204),
(220402, 'Bos Sbov', 2204),
(220403, 'Koun Kriel', 2204),
(220404, 'Samraong', 2204),
(220405, 'Ou Smach', 2204),
(220501, 'Bak Anloung', 2205),
(220502, 'Phav', 2205),
(220503, 'Ou Svay', 2205),
(220504, 'Preah Pralay', 2205),
(220505, 'Tumnob Dach', 2205),
(220506, 'Trapeang Prasat', 2205);

-- --------------------------------------------------------

--
-- Table structure for table `op_districts`
--

CREATE TABLE IF NOT EXISTS `op_districts` (
  `id` int(20) NOT NULL,
  `name` text,
  `provinces_id` int(20) DEFAULT NULL,
  PRIMARY KEY (`id`),
  KEY `FK_tdistrict` (`provinces_id`)
) ENGINE=InnoDB DEFAULT CHARSET=utf8;

--
-- Dumping data for table `op_districts`
--

INSERT INTO `op_districts` (`id`, `name`, `provinces_id`) VALUES
(2201, 'Anlong Veaeng', 22),
(2202, 'Banteay Ampil', 22),
(2203, 'Chong Kal', 22),
(2204, 'Samraong', 22),
(2205, 'Trapeang Prasat', 22);

-- --------------------------------------------------------

--
-- Table structure for table `op_provinces`
--

CREATE TABLE IF NOT EXISTS `op_provinces` (
  `id` varchar(20) NOT NULL,
  `name` text,
  PRIMARY KEY (`id`)
) ENGINE=InnoDB DEFAULT CHARSET=utf8;

--
-- Dumping data for table `op_provinces`
--

INSERT INTO `op_provinces` (`id`, `name`) VALUES
('22', 'Oddar Meanchey');

-- --------------------------------------------------------

--
-- Table structure for table `op_villages`
--

CREATE TABLE IF NOT EXISTS `op_villages` (
  `id` int(20) NOT NULL,
  `name` text NOT NULL,
  `commune_id` int(20) NOT NULL
) ENGINE=InnoDB DEFAULT CHARSET=latin1;

--
-- Dumping data for table `op_villages`
--

INSERT INTO `op_villages` (`id`, `name`, `commune_id`) VALUES
(22010101, 'Kaoh Thmei', 220101),
(22010102, 'Ou Chenhchien', 220101),
(22010103, 'Prolean', 220101),
(22010104, 'Yeang Khang Tbong', 220101),
(22010105, 'Thnal Kandal Kraom', 220101),
(22010106, 'Thnal Kandal Leu', 220101),
(22010107, 'Thnal Totueng', 220101),
(22010108, 'Thnal Bambaek', 220101),
(22010109, 'Thnal Kaeng', 220101),
(22010110, 'Akphivoad', 220101),
(22010111, 'Rumchek', 220101),
(22010112, 'Yeang Khang Chheung', 220101),
(22010113, 'Thnal Thmey', 220101),
(22010114, 'Rumchek Khang Kert', 220101),
(22010115, 'Ou Ta Meng', 220101),
(22010301, 'Trapeang Tav', 220103),
(22010302, 'Ta Dev', 220103),
(22010303, 'Ou Angrae', 220103),
(22010304, 'Slaeng Por', 220103),
(22010305, 'Tuol Prasat', 220103),
(22010306, 'Tuol Svay', 220103),
(22010307, 'Thmei', 220103),
(22010308, 'Tumnob', 220103),
(22010309, 'Ou SrorMor', 220103),
(22010401, 'Tuol Kandal', 220104),
(22010402, 'Tuol Sala', 220104),
(22010403, 'Aekakpheap', 220104),
(22010404, 'Boeng', 220104),
(22010405, 'Cheung Phnum', 220104),
(22010406, 'Khleang Kandal', 220104),
(22010407, 'Prasat', 220104),
(22010408, 'Santepheap', 220104),
(22010409, 'Srah Chhuk', 220104),
(22010410, 'Tuol Tbaeng', 220104),
(22010411, 'Tumnob Leu', 220104),
(22010412, 'Tuek Chob', 220104),
(22010413, 'Tuek Chum', 220104),
(22010501, 'Chheu Teal Chrum', 220105),
(22010502, 'Ou Run', 220105),
(22010503, 'Svay Chek', 220105),
(22010504, 'Thlat', 220105),
(22010505, 'Tuol Kruos', 220105),
(22010506, 'Tuol Kralanh', 220105),
(22010507, 'Tuol Prich', 220105),
(22010508, 'Thmei', 220105),
(22010601, 'Lumtong', 220106),
(22010602, 'Treas', 220106),
(22010603, 'Ou Kokir Kandal', 220106),
(22010604, 'Ou Kokir Kraom', 220106),
(22010605, 'Ou Kokir Leu', 220106),
(22010606, 'Lumtong Thmei', 220106),
(22010607, 'Sror LaoSroang', 220106),
(22010608, 'Trapaeng Thom', 220106),
(22010609, 'Chub Ta Mok', 220106),
(22020101, 'Pong Tuek', 220201),
(22020102, 'Ampil Chas', 220201),
(22020103, 'Trom', 220201),
(22020104, 'Rung Roeang', 220201),
(22020105, 'Rumduol Chas', 220201),
(22020106, 'Kdol', 220201),
(22020107, 'Baray', 220201),
(22020108, 'Yak', 220201),
(22020109, 'Pongro', 220201),
(22020110, 'Prey Voa', 220201),
(22020111, 'Kouk Ritth', 220201),
(22020112, 'Ampil Thmei', 220201),
(22020113, 'Chob Kokir Khang Kaeut', 220201),
(22020114, 'Chob Kokir Khang Lech', 220201),
(22020115, 'Kouk Thum', 220201),
(22020116, 'Lbaeuk Rith', 220201),
(22020117, 'Rumduol Thmei', 220201),
(22020118, 'Prasat Rumduol', 220201),
(22020119, 'Ovlaok', 220201),
(22020120, 'Tbaeng Chas', 220201),
(22020121, 'Tbaeng Thmei', 220201),
(22020122, 'Kouk Prech', 220201),
(22020123, 'Doun Tea', 220201),
(22020124, 'Char', 220201),
(22020125, 'Trab', 220201),
(22020126, 'Sopheap', 220201),
(22020127, 'Pongro Ta Lei', 220201),
(22020201, 'Beng', 220202),
(22020202, 'Totueng Thngai', 220202),
(22020203, 'Tumnob Thmei', 220202),
(22020204, 'Prasat Lbaeuk', 220202),
(22020205, 'Pou Thmei', 220202),
(22020206, 'Prasat Bei', 220202),
(22020207, 'Voa Yeav', 220202),
(22020208, 'Pou Chas', 220202),
(22020210, 'Reangsei', 220202),
(22020211, 'Kouk Kei', 220202),
(22020212, 'Kouk Kampol', 220202),
(22020213, 'Kouk Kabbas', 220202),
(22020214, 'Kantuy Chun', 220202),
(22020215, 'Ou Rumduol', 220202),
(22020216, 'Reaksmei Souphi', 220202),
(22020217, 'Samraong Teab', 220202),
(22020218, 'Ta Ma', 220202),
(22020219, 'Tumnob Chas', 220202),
(22020220, 'Yeay Tep', 220202),
(22020221, 'Trapaeng Svay', 220202),
(22020222, 'Pur Sen Chey', 220202),
(22020223, 'Maly Stroang', 220202),
(22020224, 'Kralor Sen Chey', 220202),
(22020301, 'Kouk Khpos', 220203),
(22020302, 'Prei', 220203),
(22020303, 'Keab', 220203),
(22020304, 'Chheu Slab', 220203),
(22020305, 'Tonle Sa', 220203),
(22020306, 'Thnal', 220203),
(22020307, 'Monorum', 220203),
(22020308, 'Prasat Ou Tong', 220203),
(22020309, 'Prey Totueng', 220203),
(22020310, 'Srah Srang', 220203),
(22020401, 'Soengh', 220204),
(22020402, 'Siliem', 220204),
(22020403, 'Kouk Mon', 220204),
(22020404, 'Roneam Thum', 220204),
(22020405, 'Sala Rang', 220204),
(22020406, 'Kanhchrieb', 220204),
(22020407, 'Kouk Svay', 220204),
(22020408, 'Kur', 220204),
(22020409, 'Prey Veaeng', 220204),
(22020410, 'Sith Serei', 220204),
(22020411, 'Ta Nes', 220204),
(22020412, 'Trapeang Ampil', 220204),
(22020413, 'Thnal Bat', 220204),
(22020414, 'Thnal Dach', 220204),
(22020415, 'Kouk Sangkaeuch', 220204),
(22020416, 'Ta Ham', 220204),
(22020417, 'Rumchek', 220204),
(22020418, 'Thma Doun', 220204),
(22030101, 'Cheung Tien', 220301),
(22030102, 'Srae Prang', 220301),
(22030103, 'Kouk Pongro', 220301),
(22030104, 'Ta Nouk', 220301),
(22030105, 'Kouk Trang', 220301),
(22030106, 'Chhkae Sraeng', 220301),
(22030107, 'Kouk Reang', 220301),
(22030201, 'Chong Kal', 220302),
(22030202, 'Kouk Voat', 220302),
(22030203, 'Ka', 220302),
(22030204, 'Prey Thum', 220302),
(22030205, 'Chhork', 220302),
(22030206, 'Srama', 220302),
(22030207, 'Banteay Chas', 220302),
(22030208, 'Ah Toa', 220302),
(22030209, 'Bat Thkao', 220302),
(22030210, 'Banteay Thmey', 220302),
(22030301, 'Khnar', 220303),
(22030302, 'Chhuk', 220303),
(22030304, 'Kouk Spean', 220303),
(22030305, 'Koul', 220303),
(22030306, 'Chek Kbour', 220303),
(22030307, 'Kouk Samrech', 220303),
(22030308, 'Kouk Thnong', 220303),
(22030309, 'Rolum Veaeng', 220303),
(22030310, 'Kouk Bantoat Baoh', 220303),
(22030311, 'Kouk Thom', 220303),
(22030401, 'Pongro', 220304),
(22030402, 'Ampil', 220304),
(22030403, 'Ta Paen', 220304),
(22030404, 'Kandaol Dom', 220304),
(22030405, 'Banteay Choar', 220304),
(22030406, 'Srah Kaev', 220304),
(22030407, 'Kouk Sangkae', 220304),
(22030408, 'Prey Nokor', 220304),
(22040101, 'Bansay Reak', 220401),
(22040102, 'Kamnab', 220401),
(22040103, 'Rumduol Veasna', 220401),
(22040104, 'Sambuor Meas', 220401),
(22040105, 'Tnaot', 220401),
(22040106, 'Kakse-Tepporthivong', 220401),
(22040107, 'Khnach  Ruessei', 220401),
(22040201, 'Bos Sbov', 220402),
(22040202, 'Krasang', 220402),
(22040203, 'Phlong Chas', 220402),
(22040204, 'Ou Preal', 220402),
(22040205, 'Trabaek', 220402),
(22040206, 'Prasat', 220402),
(22040207, 'Pong Tuek', 220402),
(22040208, 'Phlong Thmei', 220402),
(22040301, 'Khtum', 220403),
(22040302, 'Ta Man', 220403),
(22040303, 'Thnal Bat', 220403),
(22040304, 'Anlong Veaeng', 220403),
(22040305, 'Trapeang Veaeng', 220403),
(22040306, 'Thmei', 220403),
(22040307, 'Trapeang Slaeng', 220403),
(22040308, 'Kouk Prasat', 220403),
(22040309, 'Kdol', 220403),
(22040310, 'Kirivoant', 220403),
(22040311, 'Champa Sokh', 220403),
(22040312, 'Phong', 220403),
(22040314, 'Koun Kriel', 220403),
(22040315, 'Chheu Kram', 220403),
(22040316, 'Ou Pok', 220403),
(22040317, 'Dorng Tong', 220403),
(22040318, 'Romdoul Cheungphnom', 220403),
(22040319, 'Chhouk meas', 220403),
(22040320, 'Kouk Chhuk', 220403),
(22040321, 'Kouk Phluk', 220403),
(22040322, 'Trapeang Toung', 220403),
(22040323, 'Kouk Ampil', 220403),
(22040324, 'Ou Ruessei', 220403),
(22040325, 'Sras Prich', 220403),
(22040326, 'Chrueng Khang Kaeut', 220403),
(22040327, 'Chrueng Khang Lech', 220403),
(22040328, 'Boss', 220403),
(22040329, 'Kouk Chanry', 220403),
(22040401, 'Doun Kaen', 220404),
(22040402, 'Ou Ruessei', 220404),
(22040403, 'Pul', 220404),
(22040404, 'Chhuk', 220404),
(22040405, 'Ou Kravan', 220404),
(22040406, 'Phniet', 220404),
(22040407, 'Samraong', 220404),
(22040408, 'Kandaek', 220404),
(22040409, 'Kouk Chambak', 220404),
(22040410, 'Kouk Chres', 220404),
(22040411, 'Kouk Kor', 220404),
(22040412, 'Kouk Rumduol', 220404),
(22040413, 'Chhaeub', 220404),
(22040414, 'Ou Kansaeng', 220404),
(22040415, 'Koun Damrei', 220404),
(22040416, 'Bak Nuem', 220404),
(22040417, 'Borei Rothbal', 220404),
(22040418, 'Doun Keosenchey', 220404),
(22040501, 'Akphivodth', 220405),
(22040502, 'Chamkar Chek', 220405),
(22040503, 'Derm Chrey', 220405),
(22040504, 'Kiri Mongkol', 220405),
(22040505, 'Ruot Champei', 220405),
(22040506, 'Ou Smach', 220405),
(22040507, 'Sras Teuk', 220405),
(22040508, 'Ou Khla khmum', 220405),
(22050101, 'Mean Chey', 220501),
(22050102, 'Sokh Serei', 220501),
(22050103, 'Sambour', 220501),
(22050104, 'Srae La', 220501),
(22050105, 'Tuol Prasaeur', 220501),
(22050106, 'Trapeang Prey', 220501),
(22050201, 'Chraok', 220502),
(22050202, 'Ou Chik', 220502),
(22050203, 'Phav', 220502),
(22050204, 'Ruessei', 220502),
(22050206, 'Thkov', 220502),
(22050207, 'Phdeak Chrum', 220502),
(22050208, 'Ou Beng', 220502),
(22050209, 'Thnol Keng', 220502),
(22050210, 'Por Pel', 220502),
(22050211, 'Knong Tuol Mean Chey', 220502),
(22050212, 'Ta Mod Mean Chey', 220502),
(22050301, 'Chheu Teal Chrum', 220503),
(22050302, 'Ou Lhong', 220503),
(22050303, 'Ou svay', 220503),
(22050304, 'Peam Knong', 220503),
(22050306, 'Ta Sam', 220503),
(22050307, 'Sen Sam', 220503),
(22050308, 'Toumnoub Akphivorth', 220503),
(22050402, 'Banteay Chas', 220504),
(22050404, 'Ou Rumduol', 220504),
(22050405, 'Preah Pralay', 220504),
(22050406, 'Tram Paong', 220504),
(22050407, 'Tram Chan', 220504),
(22050408, 'Tram Paong Khang Tboung', 220504),
(22050504, 'Saen Sokh', 220505),
(22050505, 'Tumnob Dach', 220505),
(22050506, 'Tuol Pongro', 220505),
(22050507, 'Tuol Char', 220505),
(22050508, 'Tuol Prasat', 220505),
(22050509, 'Chey Nivoat', 220505),
(22050601, 'Chhuk Sa', 220506),
(22050602, 'Ou Krouch', 220506),
(22050603, 'Prey Sak', 220506),
(22050604, 'Srah Chrey', 220506),
(22050605, 'Tumnob Thmei', 220506),
(22050606, 'Tuol Ta Sek', 220506),
(22050607, 'Trapeang Prasat', 220506),
(22050608, 'Thnal Kaeng', 220506),
(22050609, 'O Saom', 220506),
(22050610, 'Sre Korndal', 220506),
(22050611, 'Pean Meas', 220506),
(22050612, 'Ou Trach', 220506),
(22050613, 'Sre Krorsang', 220506),
(22050614, 'Ou Romdeng', 220506);
