CREATE TABLE IF NOT EXISTS `op_communes` (
  `id` int(20) NOT NULL,
  `name` text,
  `district_id` int(20) DEFAULT NULL,
  PRIMARY KEY (`id`),
  KEY `FK_tcommune` (`district_id`)
) ENGINE=InnoDB DEFAULT CHARSET=utf8;

--
-- Dumping data for table `op_communes`
--

INSERT INTO `op_communes` (`id`, `name`, `district_id`) VALUES
(250101, 'Chong Cheach', 2501),
(250102, 'Dambae', 2501),
(250103, 'Kouk Srok', 2501),
(250104, 'Neang Teut', 2501),
(250105, 'Seda', 2501),
(250106, 'Trapeang Pring', 2501),
(250107, 'Tuek Chrov', 2501),
(250201, 'Chhuk', 2502),
(250202, 'Chumnik', 2502),
(250203, 'Kampong Treas', 2502),
(250204, 'Kaoh Pir', 2502),
(250205, 'Krouch Chhmar', 2502),
(250206, 'Peus Muoy', 2502),
(250207, 'Peus Pir', 2502),
(250208, 'Preaek A chi', 2502),
(250209, 'Roka Khnor', 2502),
(250210, 'Svay Khleang', 2502),
(250211, 'Trea', 2502),
(250212, 'Tuol Snuol', 2502),
(250301, 'Chan Mul', 2503),
(250302, 'Choam', 2503),
(250303, 'Choam Kravien', 2503),
(250304, 'Choam Ta Mau', 2503),
(250305, 'Dar', 2503),
(250306, 'Kampoan', 2503),
(250307, 'Kokir', 2503),
(250308, 'Memong', 2503),
(250309, 'Memot', 2503),
(250310, 'Rumchek', 2503),
(250311, 'Rung', 2503),
(250312, 'Tonlung', 2503),
(250313, 'Tramung', 2503),
(250314, 'Triek', 2503),
(250401, 'Ampil Ta Pok', 2504),
(250402, 'Chak', 2504),
(250403, 'Damril', 2504),
(250404, 'Kong Chey', 2504),
(250405, 'Mien', 2504),
(250406, 'Preah Theat', 2504),
(250407, 'Tuol Souphi', 2504),
(250501, 'Dountei', 2505),
(250502, 'Kak', 2505),
(250503, 'Kandaol Chrum', 2505),
(250504, 'Kaong Kang', 2505),
(250505, 'Kraek', 2505),
(250506, 'Popel', 2505),
(250507, 'Trapeang Phlong', 2505),
(250508, 'Veal Mlu', 2505),
(250601, 'Suong', 2506),
(250602, 'Vihear Luong', 2506),
(250701, 'Anhchaeum', 2507),
(250702, 'Boeng Pruol', 2507),
(250703, 'Chikor', 2507),
(250704, 'Chirou Ti Muoy', 2507),
(250705, 'Chirou Ti Pir', 2507),
(250706, 'Chob', 2507),
(250707, 'Kor', 2507),
(250708, 'Lngieng', 2507),
(250709, 'Mong Riev', 2507),
(250710, 'Peam Chileang', 2507),
(250711, 'Roka Po Pram', 2507),
(250712, 'Sralab', 2507),
(250713, 'Thma Pech', 2507),
(250714, 'Tonle Bet', 2507);

-- --------------------------------------------------------

--
-- Table structure for table `op_districts`
--

CREATE TABLE IF NOT EXISTS `op_districts` (
  `id` int(20) NOT NULL,
  `name` text,
  `provinces_id` int(20) DEFAULT NULL,
  PRIMARY KEY (`id`),
  KEY `FK_tdistrict` (`provinces_id`)
) ENGINE=InnoDB DEFAULT CHARSET=utf8;

--
-- Dumping data for table `op_districts`
--

INSERT INTO `op_districts` (`id`, `name`, `provinces_id`) VALUES
(2501, 'Dambae', 25),
(2502, 'Krouch Chhmar', 25),
(2503, 'Memot', 25),
(2504, 'Ou Reang Ov', 25),
(2505, 'Ponhea Kraek', 25),
(2506, 'Suong', 25),
(2507, 'Tboung Khmum', 25);

-- --------------------------------------------------------

--
-- Table structure for table `op_provinces`
--

CREATE TABLE IF NOT EXISTS `op_provinces` (
  `id` varchar(20) NOT NULL,
  `name` text,
  PRIMARY KEY (`id`)
) ENGINE=InnoDB DEFAULT CHARSET=utf8;

--
-- Dumping data for table `op_provinces`
--

INSERT INTO `op_provinces` (`id`, `name`) VALUES
('25', 'Tboung Khmum');

-- --------------------------------------------------------

--
-- Table structure for table `op_villages`
--

CREATE TABLE IF NOT EXISTS `op_villages` (
  `id` int(20) NOT NULL,
  `name` text NOT NULL,
  `commune_id` int(20) NOT NULL
) ENGINE=InnoDB DEFAULT CHARSET=latin1;

--
-- Dumping data for table `op_villages`
--

INSERT INTO `op_villages` (`id`, `name`, `commune_id`) VALUES
(25010101, 'Kouk Sralau', 250101),
(25010102, 'Ta Ream', 250101),
(25010103, 'Ta Meakh Chas', 250101),
(25010104, 'Ta Meakh Thmei', 250101),
(25010105, 'Cheach Kaeut', 250101),
(25010106, 'Cheach Cheung', 250101),
(25010107, 'Cheach Thum', 250101),
(25010108, 'Trapeang Chrey', 250101),
(25010109, 'Koun Trom', 250101),
(25010110, 'Char Stueng Ta Thok', 250101),
(25010111, 'Char Thum', 250101),
(25010112, 'Char Svay Pak', 250101),
(25010113, 'Ponleak', 250101),
(25010201, 'Dambae', 250102),
(25010202, 'Chrey Phluk', 250102),
(25010203, 'Kakaoh', 250102),
(25010204, 'Trapeang Ruessei', 250102),
(25010205, 'Khcheay', 250102),
(25010206, 'Svay Popeal', 250102),
(25010207, 'Thnal', 250102),
(25010208, 'Chey Sambatt', 250102),
(25010209, 'Sach Chey Sen', 250102),
(25010210, 'Trapaeng Rumdul', 250102),
(25010301, 'Sorng Khveang', 250103),
(25010302, 'Kouk Char', 250103),
(25010303, 'Trapeang Srangae', 250103),
(25010304, 'Kouk Srok', 250103),
(25010305, 'Chheu Teal Chrum', 250103),
(25010306, 'Trapeang Ruessei', 250103),
(25010307, 'Veal Andaeuk', 250103),
(25010308, 'Trapeang Chhuk', 250103),
(25010309, 'Doun Meas', 250103),
(25010401, 'Khnor', 250104),
(25010402, 'Pongro', 250104),
(25010403, 'Chambak', 250104),
(25010404, 'Neang Teut', 250104),
(25010405, 'Sangkum', 250104),
(25010501, 'Kampong Reang', 250105),
(25010502, 'Veal Touch', 250105),
(25010503, 'Svay Kambet', 250105),
(25010504, 'Krasang', 250105),
(25010505, 'Sampoar', 250105),
(25010506, 'Andoung Lngieng', 250105),
(25010507, 'Ta Kaev', 250105),
(25010508, 'Tuol Praoh', 250105),
(25010509, 'Chi Theang', 250105),
(25010510, 'Chhung Ta Sau', 250105),
(25010511, 'Srae Khsach', 250105),
(25010512, 'Seda Sen Chey', 250105),
(25010513, 'Rum Peak 1', 250105),
(25010514, 'Rum Peak 2', 250105),
(25010515, 'Rum Peak 3', 250105),
(25010516, 'Khnach Chum', 250105),
(25010517, 'Dangha', 250105),
(25010518, 'Andoung Cham Bok', 250105),
(25010519, 'Sen Chum', 250105),
(25010520, 'Sen Chamroeun', 250105),
(25010521, 'Beng Thmei', 250105),
(25010522, 'Praek Chor', 250105),
(25010523, 'Tnoal Kaeng', 250105),
(25010524, 'Andoung Pech', 250105),
(25010601, 'Banghaeu Khlaeng', 250106),
(25010602, 'Srae Kak', 250106),
(25010603, 'Chambak', 250106),
(25010604, 'Pralaoh', 250106),
(25010605, 'Trapeang Pring', 250106),
(25010606, 'Kampraeus', 250106),
(25010607, 'Srae Prang', 250106),
(25010608, 'Bos Snaor', 250106),
(25010609, 'Chi Trun', 250106),
(25010610, 'Tuol Sambour', 250106),
(25010611, 'Chey Sok San', 250106),
(25010612, 'Sen Monorath', 250106),
(25010701, 'Trabaek', 250107),
(25010702, 'Tuek Chrov', 250107),
(25010703, 'Me Sar', 250107),
(25010704, 'Khley', 250107),
(25010705, 'Phav', 250107),
(25010706, 'Sramar', 250107),
(25010707, 'Choam Trakuon', 250107),
(25010708, 'Krasang', 250107),
(25010709, 'Srae Veaeng', 250107),
(25010710, 'Trabaek Thmei', 250107),
(25020101, 'Chhuk', 250201),
(25020102, 'Phka Doung', 250201),
(25020103, 'Krabei Kriek', 250201),
(25020104, 'Chravak Daek', 250201),
(25020105, 'Baray', 250201),
(25020106, 'Ruom Vinh', 250201),
(25020107, 'Srah Trakuon', 250201),
(25020108, 'Bos Svay', 250201),
(25020201, 'Preaek Ta Hob', 250202),
(25020202, 'Chumnik', 250202),
(25020203, 'Svay Damnak', 250202),
(25020301, 'Phum Ti Muoy', 250203),
(25020302, 'Phum Ti Pir', 250203),
(25020303, 'Phum Ti Bei', 250203),
(25020304, 'Phum Ti Buon', 250203),
(25020305, 'Phum Ti Pram', 250203),
(25020306, 'Phum Ti Prammuoy', 250203),
(25020401, 'Kaoh Bei Pey', 250204),
(25020402, 'Kaoh Traeng', 250204),
(25020403, 'Kaoh Meun Nong', 250204),
(25020404, 'Chuor Kandal', 250204),
(25020501, 'Samraong', 250205),
(25020502, 'Daeum Chrey', 250205),
(25020503, 'Krouch Chhmar Leu', 250205),
(25020504, 'Krouch Chhmar Kraom', 250205),
(25020505, 'Khsach Prachheh Leu', 250205),
(25020506, 'Khsach Prachheh Kandal', 250205),
(25020507, 'Khsach Prachheh Kraom', 250205),
(25020601, 'Saoy Muoy', 250206),
(25020602, 'Saoy Pir', 250206),
(25020603, 'Preaek Krouch', 250206),
(25020604, 'Ampil', 250206),
(25020605, 'Kaoh Phal', 250206),
(25020701, 'Ampil', 250207),
(25020702, 'Peus', 250207),
(25020703, 'Dei Doh', 250207),
(25020704, 'Tuol Sambatt', 250207),
(25020801, 'Phum Ti Muoy', 250208),
(25020802, 'Phum Ti Pir', 250208),
(25020803, 'Phum Ti Bei', 250208),
(25020804, 'Phum Ti Buon', 250208),
(25020805, 'Phum Ti Pram', 250208),
(25020806, 'Phum Ti Prammuoy', 250208),
(25020901, 'Phum Ti Muoy', 250209),
(25020902, 'Phum Ti Pir', 250209),
(25020903, 'Phum Ti Bei', 250209),
(25020904, 'Phum Ti Buon', 250209),
(25020905, 'Phum Ti Pram', 250209),
(25020906, 'Phum Ti Prammuoy', 250209),
(25020907, 'Phum Ti Prampir', 250209),
(25021001, 'Phum Ti Muoy', 250210),
(25021002, 'Phum Ti Pir', 250210),
(25021003, 'Phum Ti Bei', 250210),
(25021004, 'Phum Ti Buon', 250210),
(25021005, 'Phum Ti Pram', 250210),
(25021006, 'Phum Ti Prammuoy', 250210),
(25021101, 'Kdol Leu', 250211),
(25021102, 'Kdol Kandal', 250211),
(25021103, 'TreaTi Muoy', 250211),
(25021104, 'Trea Ti Pir', 250211),
(25021105, 'Trea Ti Bei', 250211),
(25021106, 'Trea Ti Buon', 250211),
(25021107, 'Trea Ti Pram', 250211),
(25021108, 'Kdol Kraom', 250211),
(25021201, 'Tuol Ok', 250212),
(25021202, 'Mukh Phnum', 250212),
(25021203, 'Tuol Roka', 250212),
(25021204, 'Tuol Ta Kao', 250212),
(25021205, 'Tuol Snuol', 250212),
(25021206, 'Tuol Trach', 250212),
(25021207, 'Sangkum Mean Chey', 250212),
(25021208, 'Cheung Chrang', 250212),
(25021209, 'Ta Pav', 250212),
(25021210, 'Bei Maetr', 250212),
(25021211, 'Chamraeun', 250212),
(25021212, 'Phop Thmei', 250212),
(25030101, 'Srae Ta Nong Lech', 250301),
(25030102, 'Srae Ta Nong Kaeut', 250301),
(25030103, 'Thlok', 250301),
(25030104, 'Sam', 250301),
(25030105, 'Chan Mul', 250301),
(25030106, 'Ta Kaev', 250301),
(25030107, 'Peam', 250301),
(25030108, 'Kor', 250301),
(25030109, 'Ta Lou', 250301),
(25030110, 'Kantraeuy', 250301),
(25030111, 'Amphol', 250301),
(25030112, 'Khlong Tboung', 250301),
(25030201, 'Ngiev', 250302),
(25030202, 'Leach Kraom', 250302),
(25030203, 'Leach Leu', 250302),
(25030204, 'Boeng Chroung', 250302),
(25030205, 'Choam Ampil', 250302),
(25030206, 'Choam', 250302),
(25030207, 'Cheung', 250302),
(25030208, 'Mong', 250302),
(25030209, 'Poploam', 250302),
(25030210, 'Stueng Angkam', 250302),
(25030301, 'Kravien Thum', 250303),
(25030302, 'Kravien Cheung', 250303),
(25030303, 'Doung', 250303),
(25030304, 'Satum', 250303),
(25030305, 'Thma Ta Daok', 250303),
(25030306, 'Kbal Slaeng', 250303),
(25030307, 'Mkhaoh', 250303),
(25030308, 'Mroan', 250303),
(25030309, 'Thma Dar', 250303),
(25030310, 'Danghet', 250303),
(25030311, 'Khmuor', 250303),
(25030312, 'Prei', 250303),
(25030313, 'Banghaeuy Huos', 250303),
(25030314, 'Robang Chroh', 250303),
(25030315, 'Chi Plok', 250303),
(25030316, 'Chrey Laeung', 250303),
(25030317, 'Khcheay', 250303),
(25030318, 'Sre Leu Meanchey', 250303),
(25030401, 'Ta Mau  Cheung', 250304),
(25030402, 'Ta Mau Kaeut', 250304),
(25030403, 'Chumnum Pol', 250304),
(25030404, 'Sampov Loun', 250304),
(25030405, 'Tuol Kruos', 250304),
(25030406, 'Thnal Kaeng', 250304),
(25030407, 'Angkam', 250304),
(25030408, 'Kantuot', 250304),
(25030409, 'Thma Totueng Cheung', 250304),
(25030410, 'Srae Ta Pich', 250304),
(25030411, 'Koun Krapeu', 250304),
(25030412, 'Bos Ta Oem', 250304),
(25030413, 'Thma Totueng Tboung', 250304),
(25030414, 'Lam Baor', 250304),
(25030501, 'Dar Kandal', 250305),
(25030502, 'Dar Lech', 250305),
(25030503, 'Prampir Meakkakra', 250305),
(25030504, 'Spean', 250305),
(25030505, 'Dar Phsar', 250305),
(25030506, 'Srae Choam', 250305),
(25030507, 'Meaek Puk', 250305),
(25030508, 'Dar Tboung', 250305),
(25030509, 'Dar Kandal', 250305),
(25030510, 'Triek', 250305),
(25030511, 'Chhngar Cheung', 250305),
(25030512, 'Samraong Cheung', 250305),
(25030513, 'Dar Cheung', 250305),
(25030514, 'Beng', 250305),
(25030515, 'Chamkar Kor', 250305),
(25030516, 'Chhngar Kandal', 250305),
(25030517, 'Salang Ti Mouy', 250305),
(25030518, 'Salang Ti Pir', 250305),
(25030519, 'Kang Keng', 250305),
(25030601, 'Lou', 250306),
(25030602, 'Kampoan', 250306),
(25030603, 'Tuek Tum', 250306),
(25030604, 'Srae Saom Thmei', 250306),
(25030605, 'Srae Saom Chas', 250306),
(25030606, 'Srae Kandal', 250306),
(25030607, 'Chhloung Muoy', 250306),
(25030608, 'Chhloung Pir', 250306),
(25030609, 'Chhloung Bei', 250306),
(25030701, 'Preaek Puoy', 250307),
(25030702, 'Kngaok', 250307),
(25030703, 'Srae Poul', 250307),
(25030704, 'Tuol Thma', 250307),
(25030705, 'Kokir Cheung', 250307),
(25030706, 'Kokir Tboung', 250307),
(25030707, 'Chamkar Thmei', 250307),
(25030708, 'Salang Bei', 250307),
(25030801, 'Memong', 250308),
(25030802, 'Sangkae Chas', 250308),
(25030803, 'Sangkae Thmei', 250308),
(25030804, 'Peuk', 250308),
(25030805, 'Choam Khyang', 250308),
(25030806, 'Triek', 250308),
(25030807, 'Kambas', 250308),
(25030808, 'Cheach', 250308),
(25030809, 'Sambour', 250308),
(25030901, 'Trapeang Reang', 250309),
(25030902, 'Mus Kras', 250309),
(25030903, 'Chhngar Sala', 250309),
(25030904, 'Chi Peh', 250309),
(25030905, 'Sangkom Mean Chey Thmei', 250309),
(25030906, 'Cheamaor', 250309),
(25030907, 'Nang Krapeu', 250309),
(25030908, 'Memot Kandal', 250309),
(25030909, 'Masin Tuek', 250309),
(25030910, 'Tboung Voat', 250309),
(25030911, 'Memot Phsar', 250309),
(25030912, 'Trabaek', 250309),
(25030913, 'Sangkom Mean Chey Chas', 250309),
(25030914, 'Chhngar Kaeut', 250309),
(25030915, 'Memot Thmei', 250309),
(25031001, 'Rumchek', 250310),
(25031002, 'Chheu Khloem', 250310),
(25031003, 'Khpob', 250310),
(25031004, 'Thma Dab', 250310),
(25031005, 'Kampey', 250310),
(25031006, 'Pnov', 250310),
(25031007, 'Srae Pongro', 250310),
(25031008, 'Khliech', 250310),
(25031009, 'Kantuot', 250310),
(25031010, 'Sok San', 250310),
(25031101, 'Rung', 250311),
(25031102, 'Trapeang Ruessei', 250311),
(25031103, 'Beng', 250311),
(25031104, 'Choam Tuk', 250311),
(25031105, 'Taonh', 250311),
(25031106, 'Andoung Ta Chou', 250311),
(25031107, 'Masin', 250311),
(25031108, 'Bos', 250311),
(25031109, 'Doung', 250311),
(25031110, 'Soutey', 250311),
(25031111, 'Doun Roath Ti Muoy', 250311),
(25031112, 'Chambak', 250311),
(25031113, 'Doun Roath Ti Pir', 250311),
(25031201, 'Kdol Leu', 250312),
(25031202, 'Kdol Kraom', 250312),
(25031203, 'Kdol Phsar', 250312),
(25031204, 'Changkum Ti Muoy', 250312),
(25031205, 'Changkum Kandal', 250312),
(25031206, 'Spean Changkum', 250312),
(25031207, 'Kaoh Thma', 250312),
(25031208, 'Sla Phnum', 250312),
(25031209, 'Mkaor', 250312),
(25031210, 'Beng Kaong', 250312),
(25031211, 'Pong Tuek', 250312),
(25031212, 'Lvea Leu', 250312),
(25031213, 'Sla Kilou', 250312),
(25031301, 'Ou Khlout', 250313),
(25031302, 'Tramaeng Leu', 250313),
(25031303, 'Tramung', 250313),
(25031304, 'Choam Triek', 250313),
(25031305, 'Andoung Thma Leu', 250313),
(25031306, 'Andoung Thma Kraom', 250313),
(25031307, 'Roung Chakr Skar', 250313),
(25031308, 'Tramaeng Kraom', 250313),
(25031309, 'Doung Ti Muoy', 250313),
(25031310, 'Choam Trav', 250313),
(25031311, 'Chhuk', 250313),
(25031312, 'Ngeu Thmei', 250313),
(25031313, 'Ngeu Thum', 250313),
(25031314, 'Trapeang Ngeu', 250313),
(25031315, 'Chrey', 250313),
(25031316, 'Khnoang Kra Peu Lech', 250313),
(25031317, 'Khnoang Kra Peu Kaeut', 250313),
(25031318, 'Doung Ti Pir', 250313),
(25031319, 'Sambour', 250313),
(25031320, 'Krouch', 250313),
(25031401, 'Dak Por', 250314),
(25031402, 'Bangkov', 250314),
(25031403, 'Prei', 250314),
(25031404, 'Khley', 250314),
(25031405, 'Romeas Choul', 250314),
(25031406, 'Preah Ponlea', 250314),
(25031407, 'Samraong Tboung', 250314),
(25040101, 'Tumpeang Bangkang', 250401),
(25040102, 'Prey Sralau', 250401),
(25040103, 'Lekh Pram', 250401),
(25040104, 'Lekh Buon Lech', 250401),
(25040105, 'Tuol Tonsaong', 250401),
(25040106, 'Svay Ta Thoam', 250401),
(25040107, 'Pou Meas', 250401),
(25040108, 'Mitt Rach', 250401),
(25040109, 'Tuol Ta  Lorb', 250401),
(25040110, 'Damnak Beng', 250401),
(25040111, 'Pou Svay Ming', 250401),
(25040112, 'Svay Ming', 250401),
(25040113, 'Meas Snae', 250401),
(25040114, 'Svay Roluos', 250401),
(25040115, 'Chrey Ta Sou', 250401),
(25040116, 'Lekh Bei', 250401),
(25040117, 'Lekh Buon Kaeut', 250401),
(25040118, 'Changva', 250401),
(25040119, 'Bos Lhong', 250401),
(25040120, 'Ampil  Cheung', 250401),
(25040121, 'Ampil  Tboung', 250401),
(25040122, 'Tumpeang Ruessei', 250401),
(25040123, 'Svay Ta Lak', 250401),
(25040124, 'Ampil Chum', 250401),
(25040201, 'Chruol', 250402),
(25040202, 'Chamlak', 250402),
(25040203, 'Trapeang Kandal', 250402),
(25040204, 'Chamkar Kor', 250402),
(25040205, 'Ou Laok', 250402),
(25040206, 'Chrouy Phong', 250402),
(25040207, 'Chak', 250402),
(25040208, 'Pring', 250402),
(25040209, 'Trach Chrum', 250402),
(25040210, 'Daeum Changkran', 250402),
(25040211, 'Prasat', 250402),
(25040212, 'Khtom Leav', 250402),
(25040213, 'Putthea', 250402),
(25040214, 'Trapeang Tea', 250402),
(25040215, 'Kouk Ti', 250402),
(25040216, 'Chumpou', 250402),
(25040217, 'Sralong', 250402),
(25040301, 'Damril Ti Muoy', 250403),
(25040302, 'Damril Ti Pir', 250403),
(25040303, 'Damril Ti Bei', 250403),
(25040304, 'Damril Ti Buon', 250403),
(25040305, 'Yeak Cheung', 250403),
(25040306, 'Yeak Tboung', 250403),
(25040307, 'Sangkae', 250403),
(25040308, 'Samraong', 250403),
(25040309, 'Peuk', 250403),
(25040310, 'Chrey Sokhom', 250403),
(25040311, 'Kbal Ou', 250403),
(25040312, 'Krapeu Sar', 250403),
(25040313, 'Sam Snae', 250403),
(25040314, 'Srae Sruoch', 250403),
(25040315, 'Tuol', 250403),
(25040316, 'Thlok', 250403),
(25040317, 'Chanlaong', 250403),
(25040318, 'Khnab Damrei Cheung', 250403),
(25040319, 'Khnab Damrei Tboung', 250403),
(25040320, 'Pralay', 250403),
(25040401, 'Stueng Roung', 250404),
(25040402, 'Sokram Chrum', 250404),
(25040403, 'Tumneab', 250404),
(25040404, 'Lekh Pir', 250404),
(25040405, 'Kong Chey', 250404),
(25040406, 'Ou Damray', 250404),
(25040407, 'Thnal Kaeng', 250404),
(25040408, 'Bangkean Sar', 250404),
(25040409, 'Tuol Sralau', 250404),
(25040410, 'Stueng Chey', 250404),
(25040411, 'Tuol Trach', 250404),
(25040412, 'Prum Khet', 250404),
(25040413, 'Andoung', 250404),
(25040414, 'Phum Lekh Muoy', 250404),
(25040415, 'Tuol Ta Hao', 250404),
(25040416, 'Tuol Sama', 250404),
(25040417, 'Changva', 250404),
(25040418, 'Soeng', 250404),
(25040419, 'Cheung Voat', 250404),
(25040420, 'Ou Popul', 250404),
(25040421, 'Thmei', 250404),
(25040422, 'Srae Spey', 250404),
(25040501, 'Banteay Mien', 250405),
(25040502, 'Saoy', 250405),
(25040503, 'Svay Pok', 250405),
(25040504, 'Mien', 250405),
(25040505, 'Prey Sambuor Kaeut', 250405),
(25040506, 'Prey Sambuor Lech', 250405),
(25040507, 'Boeng Cheung', 250405),
(25040508, 'Thmei', 250405),
(25040509, 'Kanlaeng Chak', 250405),
(25040510, 'Boeng Kandal', 250405),
(25040511, 'Me Loung', 250405),
(25040512, 'Kampul Serei', 250405),
(25040513, 'Thma Samlieng', 250405),
(25040514, 'Thma Prachum', 250405),
(25040601, 'Ba Srei', 250406),
(25040602, 'Kbal Tuek', 250406),
(25040603, 'Phnum', 250406),
(25040604, 'Tuol Thkov', 250406),
(25040605, 'Tuol Mean Chey', 250406),
(25040606, 'Tuol Pnov', 250406),
(25040607, 'Tuol Khleang', 250406),
(25040608, 'Preah Theat Kandal', 250406),
(25040609, 'Tuol Sambour', 250406),
(25040610, 'Preah Theat Thma Da', 250406),
(25040611, 'Trapeang Neang', 250406),
(25040612, 'Boeng Kang', 250406),
(25040613, 'Chey Saophoan', 250406),
(25040614, 'Thmei Kandal', 250406),
(25040615, 'Neak Ta Tvear', 250406),
(25040616, 'Thnal Kaeng', 250406),
(25040617, 'Thmei Leu', 250406),
(25040618, 'Srae Mien', 250406),
(25040619, 'Phum Dabpir', 250406),
(25040620, 'Phum Mpheypram', 250406),
(25040621, 'Phum Mphey Prampir', 250406),
(25040622, 'Phum Saesebbuon', 250406),
(25040701, 'Kbal Thnal', 250407),
(25040702, 'Kbal Peae', 250407),
(25040703, 'Thmei', 250407),
(25040704, 'Boeng Phtil', 250407),
(25040705, 'Ta Ngen', 250407),
(25040706, 'Tuol Sopoar', 250407),
(25040707, 'Trapeang Phav', 250407),
(25040708, 'Poung', 250407),
(25040709, 'Chan Andaet', 250407),
(25040710, 'Trapeang Lvea Tboung', 250407),
(25040711, 'Trapeang Lvea Cheung', 250407),
(25040712, 'Boeng Kampues', 250407),
(25040713, 'Stueng', 250407),
(25040714, 'Thma Da Lech', 250407),
(25040715, 'Tuol Souphi', 250407),
(25040716, 'Damnak Kaev', 250407),
(25040717, 'Doun Tes', 250407),
(25040718, 'Thma Da Kaeut', 250407),
(25040719, 'Kbal Ou', 250407),
(25040720, 'Phum Chetseb Prammuoy', 250407),
(25040721, 'Phum Hasebbuon', 250407),
(25040722, 'Phum Chetsebbei', 250407),
(25050101, 'Bos Roka', 250501),
(25050102, 'Prey Tumnob', 250501),
(25050103, 'Roul Phaem', 250501),
(25050104, 'Ta Ni', 250501),
(25050105, 'Spean Chrey', 250501),
(25050106, 'Svay Sokhom', 250501),
(25050107, 'Bos Ruessei', 250501),
(25050108, 'Samraong', 250501),
(25050109, 'Dountei', 250501),
(25050110, 'Pouthi Proeks Lech', 250501),
(25050111, 'Pouthi Proeks Kaeut', 250501),
(25050112, 'Sovann Mealea', 250501),
(25050113, 'Reul Leu', 250501),
(25050114, 'Reul Kraom', 250501),
(25050115, 'Snak Kandal', 250501),
(25050116, 'Chhuk Sa', 250501),
(25050117, 'Angkor Krau', 250501),
(25050118, 'Angkor Knong', 250501),
(25050119, 'Pou Thum', 250501),
(25050120, 'Kouk Neavea', 250501),
(25050121, 'Angkor Leu', 250501),
(25050201, 'Sambour', 250502),
(25050202, 'Kanhchae', 250502),
(25050203, 'Bos Ti', 250502),
(25050204, 'Ponley', 250502),
(25050205, 'Trapeang Stieng', 250502),
(25050206, 'Tuek Yong', 250502),
(25050207, 'Angkaeng', 250502),
(25050208, 'Ta Am', 250502),
(25050209, 'Santey Ti Pir', 250502),
(25050210, 'Samraeuy', 250502),
(25050211, 'Trapeang Santey', 250502),
(25050212, 'Thlok Trach', 250502),
(25050213, 'Ruessei Chuor', 250502),
(25050214, 'Krouch', 250502),
(25050215, 'Ampil', 250502),
(25050216, 'Santey Ti Muoy', 250502),
(25050217, 'Krasaom Satv', 250502),
(25050218, 'Kokir', 250502),
(25050219, 'Anlong Chrey', 250502),
(25050220, 'Thlok', 250502),
(25050221, 'Stueng Touch', 250502),
(25050222, 'Ou Prich', 250502),
(25050223, 'Dang Kdaong', 250502),
(25050301, 'Kandaol Chrum', 250503),
(25050302, 'Bos Khnor', 250503),
(25050303, 'Monou Bu', 250503),
(25050304, 'Veal', 250503),
(25050305, 'Cheung Ang', 250503),
(25050306, 'Doek Por', 250503),
(25050307, 'Pong Tuek', 250503),
(25050308, 'Chey Nikom', 250503),
(25050309, 'Ampuk', 250503),
(25050310, 'Andaot', 250503),
(25050311, 'Svay Meas', 250503),
(25050312, 'Trapeang Prei', 250503),
(25050313, 'Tuol Chamkar', 250503),
(25050314, 'Trapeang Tonsaong', 250503),
(25050315, 'Preah Andoung', 250503),
(25050316, 'Mkak', 250503),
(25050317, 'Tuol Pou', 250503),
(25050318, 'Tuol Chey', 250503),
(25050319, 'Sovann Kom', 250503),
(25050320, 'Kouk Lvieng', 250503),
(25050321, 'Sbaek Kueu', 250503),
(25050322, 'Bat Tonlea', 250503),
(25050323, 'Lngieng', 250503),
(25050324, 'Sdok Sambat', 250503),
(25050325, 'Phsar Kandaol Chrum', 250503),
(25050401, 'Trapeang Khyang', 250504),
(25050402, 'Ta Hiev Leu', 250504),
(25050403, 'Ta Hiev Kraom', 250504),
(25050404, 'Kandaol Kaong', 250504),
(25050405, 'Stueng', 250504),
(25050406, 'Pou Roung Lech', 250504),
(25050407, 'Pou Roung Leu', 250504),
(25050408, 'Pou Ent Ti Muoy', 250504),
(25050409, 'Pou Ent Ti Pir', 250504),
(25050410, 'Kaong Kang Ti Muoy', 250504),
(25050411, 'Kaong Kang Ti Pir', 250504),
(25050412, 'Kaong Kang Ti Bei', 250504),
(25050413, 'Kantuot', 250504),
(25050414, 'La', 250504),
(25050415, 'Pou Srok', 250504),
(25050416, 'Thnal Thmei', 250504),
(25050501, 'Kraek Tboung', 250505),
(25050502, 'Kraek Cheung', 250505),
(25050503, 'Chimoan Tboung', 250505),
(25050504, 'Chimoan Cheung', 250505),
(25050505, 'Chimoan Kandal', 250505),
(25050506, 'Chimoan Lech', 250505),
(25050507, 'Peuk', 250505),
(25050508, 'Huoch Lech', 250505),
(25050509, 'Huoch Kaeut', 250505),
(25050510, 'Prey Totueng', 250505),
(25050511, 'Tuol Angkrong', 250505),
(25050512, 'Neang Noy', 250505),
(25050513, 'Traset', 250505),
(25050514, 'Kov', 250505),
(25050515, 'Lak', 250505),
(25050516, 'Kor', 250505),
(25050517, 'Ampuk', 250505),
(25050518, 'Chi Peang', 250505),
(25050519, 'Bos Lveae', 250505),
(25050520, 'Sakmakom', 250505),
(25050521, 'Trapeang Sokha', 250505),
(25050522, 'Andoung Chey', 250505),
(25050523, 'Serei Sokha', 250505),
(25050524, 'Chi Tok', 250505),
(25050525, 'Memae', 250505),
(25050526, 'Srae Tuek', 250505),
(25050527, 'Sam', 250505),
(25050528, 'Roung Chakr', 250505),
(25050529, 'Sambour Phal', 250505),
(25050530, 'Phum Hapram', 250505),
(25050531, 'Phum Saepram', 250505),
(25050532, 'Phum Samprampir', 250505),
(25050533, 'Pruet', 250505),
(25050601, 'Popel', 250506),
(25050602, 'Tuol Kandal', 250506),
(25050603, 'Thmei', 250506),
(25050604, 'Trapeang Thma', 250506),
(25050605, 'Khsak', 250506),
(25050606, 'Trapeang Chhleung', 250506),
(25050607, 'Srah', 250506),
(25050608, 'Choam Thlok', 250506),
(25050609, 'Stueng Cheung', 250506),
(25050610, 'Tuol Chan', 250506),
(25050701, 'Tuol Sangkae', 250507),
(25050702, 'Kbal Damrei', 250507),
(25050703, 'Trapeang Pring Ti Muoy', 250507),
(25050704, 'Trapeang Pring Ti Pir', 250507),
(25050705, 'Chrak Rumdeng', 250507),
(25050706, 'Serei Sokhom', 250507),
(25050707, 'Trapeang Rumsaeng', 250507),
(25050708, 'Preah Phdau', 250507),
(25050709, 'Bos Chek', 250507),
(25050710, 'Thnal Kaeng', 250507),
(25050711, 'Trach Khaol', 250507),
(25050712, 'Trapeang Phlong Ti Pir', 250507),
(25050713, 'Trapeang Phlong Ti Muoy', 250507),
(25050714, 'Thmei', 250507),
(25050801, 'Chrab', 250508),
(25050802, 'Sralau Chroeng', 250508),
(25050803, 'Veal Mlu', 250508),
(25050804, 'Dambang Ampeak', 250508),
(25050805, 'Kabbas', 250508),
(25050806, 'Kranhung', 250508),
(25050807, 'Sokh Chamraeun', 250508),
(25050808, 'Phum Dab - Prambei', 250508),
(25060101, 'Pou Kel', 250601),
(25060102, 'Thlok', 250601),
(25060103, 'Chrey Bet Meas', 250601),
(25060104, 'Vihear Khpos', 250601),
(25060105, 'Suong Lech', 250601),
(25060106, 'Cheung Lang', 250601),
(25060107, 'Suong Kaeut', 250601),
(25060108, 'Prey Totueng', 250601),
(25060109, 'Chrak Poun', 250601),
(25060110, 'Ponnareay', 250601),
(25060111, 'Chong Angkrong', 250601),
(25060112, 'Toung', 250601),
(25060113, 'Phum Buon Prambei', 250601),
(25060114, 'Phum Dabprambei', 250601),
(25060115, 'Phum Bei Dab', 250601),
(25060201, 'Chruoy', 250602),
(25060202, 'Chi Kae', 250602),
(25060203, 'Kandal', 250602),
(25060204, 'Cheung Voat', 250602),
(25060205, 'Thmei', 250602),
(25060206, 'Krachhan', 250602),
(25060207, 'Prasrae Kraom', 250602),
(25060208, 'Prasrae Leu', 250602),
(25060209, 'Pnov', 250602),
(25060210, 'Thnal Thmei', 250602),
(25060211, 'Phum Prammuoy Dab', 250602),
(25060212, 'Phum Prammuoy Dabpir', 250602),
(25060213, 'Phum Pram Dab', 250602),
(25060214, 'Veal Char', 250602),
(25060215, 'Kien Rung', 250602),
(25070101, 'Ponley Chuor', 250701),
(25070102, 'Mochchhuem Pheak', 250701),
(25070103, 'Chheu Teal Chrum', 250701),
(25070104, 'Trapeang Chak', 250701),
(25070105, 'Koun Tmat', 250701),
(25070106, 'Kraoy Voat', 250701),
(25070107, 'Ta Kaeb', 250701),
(25070108, 'Poun', 250701),
(25070109, 'Ae Out', 250701),
(25070110, 'Pou Roung', 250701),
(25070111, 'Ponley Phsar', 250701),
(25070112, 'Angkaev', 250701),
(25070113, 'Ta Trav', 250701),
(25070114, 'Damnak Char', 250701),
(25070115, 'Prey Kampeaeng', 250701),
(25070116, 'Eisant Mean Chey', 250701),
(25070117, 'Prey Chongruk', 250701),
(25070118, 'Doung Preah', 250701),
(25070119, 'Rung', 250701),
(25070120, 'Trach', 250701),
(25070121, 'Anhchaeum', 250701),
(25070122, 'Neameun Khoeng', 250701),
(25070201, 'Boeng Pruol Leu', 250702),
(25070202, 'Tuol Kampot Ti Muoy', 250702),
(25070203, 'Tuol Kampot Ti Bei', 250702),
(25070204, 'Masin Srov', 250702),
(25070205, 'Vihear Kraom', 250702),
(25070206, 'Bat Dei Kraom', 250702),
(25070207, 'Boeng Kambaor', 250702),
(25070208, 'Tuol Dambang', 250702),
(25070209, 'Spean Chheu', 250702),
(25070210, 'Boeng kak', 250702),
(25070211, 'Boeng Preah', 250702),
(25070301, 'Veal Lech', 250703),
(25070302, 'Khtum Kandal', 250703),
(25070303, 'Roka Khmuoch Tboung', 250703),
(25070304, 'Roka Khmuoch Cheung', 250703),
(25070305, 'Slaeng', 250703),
(25070306, 'Veal', 250703),
(25070307, 'Khnach Krasang', 250703),
(25070308, 'Chantum', 250703),
(25070309, 'Tuol Kandal Cheung', 250703),
(25070310, 'Chi Kor', 250703),
(25070311, 'Kamraeng', 250703),
(25070312, 'Stueng Penh', 250703),
(25070313, 'Svay Tipv', 250703),
(25070314, 'Khtum Kaeut', 250703),
(25070315, 'Khtum Lech', 250703),
(25070316, 'Sameakki', 250703),
(25070317, 'Tuol Kandal Tboung', 250703),
(25070318, 'Tuol Thmei', 250703),
(25070319, 'Veah (Cheang Sar )', 250703),
(25070401, 'Preaek Touch', 250704),
(25070402, 'Roka Thum', 250704),
(25070403, 'Chirou Kraom Ti Muoy', 250704),
(25070404, 'Chirou Kraom Ti Pir', 250704),
(25070405, 'Chirou Leu', 250704),
(25070406, 'Chirou Kandal', 250704),
(25070407, 'Chuor Kandal', 250704),
(25070408, 'Kampong Ruessei', 250704),
(25070409, 'Tuol Kaev', 250704),
(25070501, 'Tuol Vihear', 250705),
(25070502, 'Srae Siem', 250705),
(25070503, 'Tuek Chenh', 250705),
(25070504, 'Aekkapheap', 250705),
(25070505, 'Tuol Ponley', 250705),
(25070506, 'Mream Teak', 250705),
(25070507, 'Andoung Chea', 250705),
(25070508, 'Ta Trav', 250705),
(25070509, 'Chrouy Kor', 250705),
(25070510, 'Boeng Traoh', 250705),
(25070511, 'Sampir', 250705),
(25070512, 'Sampov Phos Thmei', 250705),
(25070601, 'Chob Ti Muoy', 250706),
(25070602, 'Chob Ti Pir', 250706),
(25070603, 'Chob Krau', 250706),
(25070604, 'Chrak Chambak', 250706),
(25070605, 'Veal Kandieng', 250706),
(25070606, 'Slab Kdaong', 250706),
(25070607, 'Andoung Lve', 250706),
(25070608, 'Tuol Trea Tboung', 250706),
(25070609, 'Tuol Trea Cheung', 250706),
(25070610, 'Tuol Sambour', 250706),
(25070611, 'Phum Dabbuon', 250706),
(25070612, 'Phum Dabpram', 250706),
(25070613, 'Phum Saeprammuoy', 250706),
(25070614, 'Phum Samprammuoy', 250706),
(25070615, 'Phum Sounbuon Sounpram', 250706),
(25070616, 'Phum Sounprammuoy', 250706),
(25070701, 'Lvea Touch', 250707),
(25070702, 'Seh', 250707),
(25070703, 'Kbal Boeng Seh', 250707),
(25070704, 'Damnak Popel', 250707),
(25070705, 'Kbal Ou', 250707),
(25070706, 'Thnong', 250707),
(25070707, 'Tuol Thmei', 250707),
(25070708, 'Tep Nimitt', 250707),
(25070709, 'Veal Khmum', 250707),
(25070710, 'Kandal', 250707),
(25070711, 'Kor', 250707),
(25070712, 'sambuor', 250707),
(25070713, 'Phum Prambei Dabpram', 250707),
(25070714, 'Phum Prammuoy Dabprammuoy', 250707),
(25070715, 'Tuol Vihear Mean Chey', 250707),
(25070716, 'Tumnob Saen Chey', 250707),
(25070717, 'Trapeang Bei', 250707),
(25070718, 'Veal Tuek Chenh', 250707),
(25070719, 'Kbal Boeng Seh Kaeut', 250707),
(25070720, 'Sokh Sant', 250707),
(25070801, 'Lngieng', 250708),
(25070802, 'Kokir', 250708),
(25070803, 'Chrab', 250708),
(25070804, 'Smaonh', 250708),
(25070805, 'Lvea Thum', 250708),
(25070806, 'Phum Buon Dabprammuoy', 250708),
(25070807, 'Phum Pir Dabprampir', 250708),
(25070808, 'Thlok Pongro', 250708),
(25070809, 'Kien Chek', 250708),
(25070901, 'Trapeang Snao', 250709),
(25070902, 'Chi Peang', 250709),
(25070903, 'Pring', 250709),
(25070904, 'Riev', 250709),
(25070905, 'Thnong', 250709),
(25070906, 'Mong Ti Prampir', 250709),
(25070907, 'Mong Ti Prammuoy', 250709),
(25070908, 'Cheung Khal', 250709),
(25070909, 'Trapeang Krapeu', 250709),
(25070910, 'Poun', 250709),
(25070911, 'Chrouy Changha', 250709),
(25071001, 'Ta Pang', 250710),
(25071002, 'Preaek Phdau', 250710),
(25071003, 'Kampong Chanloh Lech', 250710),
(25071004, 'Chheu Teal Ti Pir', 250710),
(25071005, 'Kampong Chanloh Kaeut', 250710),
(25071006, 'Chheu Teal Touch', 250710),
(25071007, 'Chheu Teal Ti Muoy', 250710),
(25071008, 'Peam Knong', 250710),
(25071009, 'Bat Sla Snam', 250710),
(25071010, 'Pram Damloeng', 250710),
(25071011, 'Preaek Peam', 250710),
(25071101, 'Chong Ou', 250711),
(25071102, 'Veal Vong', 250711),
(25071103, 'Roka Po Pram Ti Muoy', 250711),
(25071104, 'Preah Angk', 250711),
(25071105, 'Chant Nimitt', 250711),
(25071106, 'Vihear Sambour', 250711),
(25071107, 'Roka Po Pram Ti Pir', 250711),
(25071108, 'Chhuk Sandal', 250711),
(25071109, 'Trapeang Khla', 250711),
(25071110, 'Pong Tuek', 250711),
(25071111, 'Ta Pav Bampenh Tes', 250711),
(25071112, 'Praphat', 250711),
(25071113, 'Trapeang Ruessei', 250711),
(25071114, 'Koul', 250711),
(25071115, 'Samrum', 250711),
(25071116, 'Phnum Lok', 250711),
(25071117, 'Dab Dabmuoy', 250711),
(25071118, 'Prambei Dabmuoy', 250711),
(25071201, 'Chan Toung', 250712),
(25071202, 'Trabos', 250712),
(25071203, 'Trapeang Thum', 250712),
(25071204, 'Prayab', 250712),
(25071205, 'Sangkom Thmei', 250712),
(25071206, 'Angkor Chea', 250712),
(25071207, 'Sralab', 250712),
(25071208, 'Dang Kambet', 250712),
(25071209, 'Khlaong', 250712),
(25071210, 'Trapeang Dom', 250712),
(25071211, 'Khnar', 250712),
(25071212, 'Angkor Chey', 250712),
(25071213, 'Veal Khnach', 250712),
(25071214, 'Nikom Leu', 250712),
(25071215, 'Pratheat', 250712),
(25071216, 'Trapeang Ku', 250712),
(25071217, 'Nikom Kraom', 250712),
(25071218, 'Andoung Pok', 250712),
(25071219, 'Kien Romiet', 250712),
(25071220, 'Trapeang Sangkae', 250712),
(25071301, 'Thma Pech Ti Muoy', 250713),
(25071302, 'Thma Pech Ti Pir', 250713),
(25071303, 'Thma Pech Ti Bei', 250713),
(25071304, 'Peuk', 250713),
(25071305, 'Roung Kou', 250713),
(25071306, 'Doung', 250713),
(25071307, 'Chies Ti Muoy', 250713),
(25071308, 'Chies Ti Pir', 250713),
(25071309, 'Chambak', 250713),
(25071310, 'Kok', 250713),
(25071311, 'Phum Hokprampir', 250713),
(25071312, 'Phum Prambei Dab', 250713),
(25071313, 'Phum Paetprampir', 250713),
(25071314, 'Phum Dab - Prambei', 250713),
(25071315, 'Tuol Ou Pir', 250713),
(25071401, 'Anlung Poung', 250714),
(25071402, 'Chrouy Sralau', 250714),
(25071403, 'Phnum', 250714),
(25071404, 'Ampil Chrum', 250714),
(25071405, 'Tuol Kor', 250714),
(25071406, 'Preaek Touch', 250714),
(25071407, 'Preaek Chik', 250714),
(25071408, 'Tuol Khsach', 250714),
(25071409, 'Doun Mau Kraom', 250714),
(25071410, 'Doun Mau Leu', 250714),
(25071411, 'Tonle Bet Kraom', 250714),
(25071412, 'Tonle Bet Leu', 250714),
(25071413, 'Yeay Sar', 250714),
(25071414, 'Tonle Bet', 250714),
(25071415, 'Ta Uy', 250714);
