CREATE TABLE IF NOT EXISTS `op_communes` (
  `id` int(20) NOT NULL,
  `name` text,
  `district_id` int(20) DEFAULT NULL,
  PRIMARY KEY (`id`),
  KEY `FK_tcommune` (`district_id`)
) ENGINE=InnoDB DEFAULT CHARSET=utf8;

--
-- Dumping data for table `op_communes`
--

INSERT INTO `op_communes` (`id`, `name`, `district_id`) VALUES
(40101, 'Anhchanh Rung', 401),
(40102, 'Chhnok Tru', 401),
(40103, 'Chak', 401),
(40104, 'Khon Rang', 401),
(40105, 'Kampong Preah Kokir', 401),
(40106, 'Melum', 401),
(40107, 'Phsar', 401),
(40108, 'Pech Changvar', 401),
(40109, 'Popel', 401),
(40110, 'Ponley', 401),
(40111, 'Trapeang Chan', 401),
(40201, 'Chol Sar', 402),
(40202, 'Kaoh Thkov', 402),
(40203, 'Kampong Ous', 402),
(40204, 'Peam Chhkaok', 402),
(40205, 'Prey Kri', 402),
(40301, 'Phsar Chhnang', 403),
(40302, 'Kampong Chhnang', 403),
(40303, 'Ber', 403),
(40304, 'Khsam', 403),
(40401, 'Chranouk', 404),
(40402, 'Dar', 404),
(40403, 'Kampong Hau', 404),
(40404, 'Phlov Tuk', 404),
(40405, 'Pou', 404),
(40406, 'Pralay Meas', 404),
(40407, 'Samraong Saen', 404),
(40408, 'Svay Rumpear', 404),
(40409, 'Trangel', 404),
(40501, 'Ampil Tuek', 405),
(40502, 'Chhuk Sa', 405),
(40503, 'Chres', 405),
(40504, 'Kampong Tralach', 405),
(40505, 'Longveaek', 405),
(40506, 'Ou Ruessei', 405),
(40507, 'Peani', 405),
(40508, 'Saeb', 405),
(40509, 'Ta Ches', 405),
(40510, 'Thma Edth', 405),
(40601, 'Andoung Snay', 406),
(40602, 'Banteay Preal', 406),
(40603, 'Cheung Kreav', 406),
(40604, 'Chrey Bak', 406),
(40605, 'Kouk Banteay', 406),
(40606, 'Krang Leav', 406),
(40607, 'Pongro', 406),
(40608, 'Prasnoeb', 406),
(40609, 'Prey Mul', 406),
(40610, 'Rolea Bier', 406),
(40611, 'Srae Thmei', 406),
(40612, 'Svay Chrum', 406),
(40613, 'Tuek Hout', 406),
(40701, 'Chhean Laeung', 407),
(40702, 'Khnar Chhmar', 407),
(40703, 'Krang Lvea', 407),
(40704, 'Peam', 407),
(40705, 'Sedthei', 407),
(40706, 'Svay', 407),
(40707, 'Svay Chuk', 407),
(40708, 'Tbaeng Khpos', 407),
(40709, 'Thlok Vien', 407),
(40801, 'Akphivoadth', 408),
(40802, 'Chieb', 408),
(40803, 'Chaong Maong', 408),
(40804, 'Kbal Tuek', 408),
(40805, 'Khlong Popok', 408),
(40806, 'Krang Skear', 408),
(40807, 'Tang Krasang', 408),
(40808, 'Tuol Khpos', 408);

-- --------------------------------------------------------

--
-- Table structure for table `op_districts`
--

CREATE TABLE IF NOT EXISTS `op_districts` (
  `id` int(20) NOT NULL,
  `name` text,
  `provinces_id` int(20) DEFAULT NULL,
  PRIMARY KEY (`id`),
  KEY `FK_tdistrict` (`provinces_id`)
) ENGINE=InnoDB DEFAULT CHARSET=utf8;

--
-- Dumping data for table `op_districts`
--

INSERT INTO `op_districts` (`id`, `name`, `provinces_id`) VALUES
(401, 'Baribour', 4),
(402, 'Chol Kiri', 4),
(403, 'Kampong Chhnang', 4),
(404, 'Kampong Leaeng', 4),
(405, 'Kampong Tralach', 4),
(406, 'Rolea Bier', 4),
(407, 'Sameakki Mean Chey', 4),
(408, 'Tuek Phos', 4);

-- --------------------------------------------------------

--
-- Table structure for table `op_provinces`
--

CREATE TABLE IF NOT EXISTS `op_provinces` (
  `id` varchar(20) NOT NULL,
  `name` text,
  PRIMARY KEY (`id`)
) ENGINE=InnoDB DEFAULT CHARSET=utf8;

--
-- Dumping data for table `op_provinces`
--

INSERT INTO `op_provinces` (`id`, `name`) VALUES
('4', 'Kampong Chhnang');

-- --------------------------------------------------------

--
-- Table structure for table `op_villages`
--

CREATE TABLE IF NOT EXISTS `op_villages` (
  `id` int(20) NOT NULL,
  `name` text NOT NULL,
  `commune_id` int(20) NOT NULL
) ENGINE=InnoDB DEFAULT CHARSET=latin1;

--
-- Dumping data for table `op_villages`
--

INSERT INTO `op_villages` (`id`, `name`, `commune_id`) VALUES
(4010101, 'Anhchanh Rung', 40101),
(4010102, 'Andoung Rovieng', 40101),
(4010103, 'Damrei Koun', 40101),
(4010104, 'Prey Preal', 40101),
(4010105, 'Stueng Thmei', 40101),
(4010106, 'Thlok Chrov', 40101),
(4010201, 'Chhnok Tru', 40102),
(4010202, 'Kampong Preah', 40102),
(4010203, 'Seh Slab', 40102),
(4010301, 'Ta Pang', 40103),
(4010302, 'Pou Mreah', 40103),
(4010303, 'Ou Rumchek', 40103),
(4010304, 'Chak', 40103),
(4010305, 'Dangkhau Mau', 40103),
(4010401, 'Snao', 40104),
(4010402, 'Daeum Chreae', 40104),
(4010403, 'Serei', 40104),
(4010404, 'Lbaeuk', 40104),
(4010405, 'Kansaeng', 40104),
(4010406, 'Dak Por', 40104),
(4010407, 'Kok', 40104),
(4010408, 'Popel', 40104),
(4010409, 'Trapeang Pou', 40104),
(4010410, 'Kampong Uor', 40104),
(4010501, 'Preaek Spean', 40105),
(4010502, 'Kaoh Ta Mouv', 40105),
(4010503, 'Stueng Chrov', 40105),
(4010504, 'Damnak Reach', 40105),
(4010601, 'Srah Kaev', 40106),
(4010602, 'Tuol Thlok', 40106),
(4010603, 'Melum', 40106),
(4010604, 'Kan Yuor', 40106),
(4010605, 'Tuol Rokar', 40106),
(4010701, 'Kbal Thnal', 40107),
(4010702, 'Kamprong', 40107),
(4010703, 'Phsar', 40107),
(4010704, 'Thmei', 40107),
(4010705, 'Chumteav Botrei', 40107),
(4010706, 'Prey Ta Mung', 40107),
(4010707, 'Phniet', 40107),
(4010801, 'Tang Thnuem', 40108),
(4010802, 'Tang Trapeang', 40108),
(4010803, 'Lvea', 40108),
(4010804, 'Krang Kakaoh', 40108),
(4010805, 'Tuek Chroab', 40108),
(4010806, 'Thnal', 40108),
(4010901, 'Cheang Luong', 40109),
(4010902, 'Ou', 40109),
(4010903, 'Tuol Pou', 40109),
(4010904, 'Kraol Chi', 40109),
(4010905, 'Bos Meas', 40109),
(4010906, 'Sala Khum', 40109),
(4010907, 'Krang Khmer', 40109),
(4010908, 'Angk', 40109),
(4011001, 'Ponley', 40110),
(4011002, 'Cheung Khnar', 40110),
(4011003, 'Kaev Lat', 40110),
(4011004, 'Svay Koy', 40110),
(4011005, 'Ou', 40110),
(4011006, 'Cheang Luong', 40110),
(4011101, 'Trapeang Chan', 40111),
(4011102, 'Kandal', 40111),
(4011103, 'Sanlang', 40111),
(4011104, 'Kbal Damrei', 40111),
(4020101, 'Kampong Khlanh', 40201),
(4020102, 'Tonle Krau', 40201),
(4020103, 'Ruessei Dangkuoch', 40201),
(4020104, 'Preaek Trop', 40201),
(4020105, 'Kampong Ba Srov', 40201),
(4020201, 'Bat Trang', 40202),
(4020202, 'Kaoh Lot', 40202),
(4020203, 'Kaoh Slaeng', 40202),
(4020204, 'Peam Popech', 40202),
(4020205, 'Ta Mol Leu', 40202),
(4020206, 'Kaoh Thkov', 40202),
(4020207, 'Ta Mol Kraom', 40202),
(4020208, 'Ko Chrum', 40202),
(4020209, 'Dang Tong', 40202),
(4020210, 'Peam Chrey', 40202),
(4020301, 'Kampong Os', 40203),
(4020302, 'Kien Ta Ma', 40203),
(4020303, 'Thmei', 40203),
(4020304, 'Preaek Chhdaor', 40203),
(4020401, 'Peam Chhkaok', 40204),
(4020402, 'Anlong Metrei', 40204),
(4020403, 'Phlong', 40204),
(4020404, 'Kbal Kanlang', 40204),
(4020501, 'Prey Kri Tboung', 40205),
(4020502, 'Kaoh Thum', 40205),
(4020503, 'Prey Kri Cheung', 40205),
(4030101, 'Phsar Leu', 40301),
(4030102, 'Phsar Chhnang', 40301),
(4030103, 'Chong Kaoh', 40301),
(4030104, 'Samraong', 40301),
(4030105, 'Kaoh Krabei', 40301),
(4030106, 'Trapeang Bei', 40301),
(4030107, 'Kampong Os', 40301),
(4030108, 'Kandal', 40301),
(4030201, 'Srae Pring', 40302),
(4030202, 'Damnak Popul', 40302),
(4030203, 'La Tuek Trei', 40302),
(4030204, 'Kandal', 40302),
(4030205, 'Trapeang Choek Sa', 40302),
(4030206, 'Tuol Kralanh', 40302),
(4030301, 'Ber', 40303),
(4030302, 'Thommeak Yutt', 40303),
(4030303, 'Mong Barang', 40303),
(4030304, 'Khleang Prak', 40303),
(4030401, 'Ti Muoy', 40304),
(4030402, 'Ti Pir', 40304),
(4030403, 'Ti Bei', 40304),
(4030404, 'Ti Buon', 40304),
(4030405, 'Ti Pram', 40304),
(4030406, 'Ti Prammuoy', 40304),
(4030407, 'Ti Prampir', 40304),
(4030408, 'Ti Prambei', 40304),
(4040101, 'Kangkaeb', 40401),
(4040102, 'Thlok', 40401),
(4040103, 'Ae Lech', 40401),
(4040104, 'Kandal', 40401),
(4040201, 'Dar', 40402),
(4040202, 'Thnal', 40402),
(4040203, 'Chrolong', 40402),
(4040204, 'Prasat', 40402),
(4040205, 'Kuy', 40402),
(4040301, 'Kampong Boeng', 40403),
(4040302, 'Kaeng Ta Sokh', 40403),
(4040303, 'Tuor lum', 40403),
(4040304, 'Stueng Sandaek', 40403),
(4040305, 'Kaoh Kaek', 40403),
(4040306, 'Doun Viet', 40403),
(4040401, 'Thnal Chheu Teal', 40404),
(4040402, 'Peam Khnang', 40404),
(4040403, 'Slat', 40404),
(4040501, 'Pou', 40405),
(4040502, 'Samraong', 40405),
(4040503, 'Peam Tonlea', 40405),
(4040504, 'Thmei', 40405),
(4040505, 'Damnak Kakaoh', 40405),
(4040506, 'Kampong Ba Chen', 40405),
(4040601, 'Pralay Meas', 40406),
(4040602, 'Krang Phtel', 40406),
(4040603, 'Kramal', 40406),
(4040604, 'Anlong Kanhchoh', 40406),
(4040605, 'Ta Daok', 40406),
(4040606, 'Kaoh Ruessei', 40406),
(4040701, 'Samraong Saen', 40407),
(4040702, 'Paprak', 40407),
(4040801, 'Chambak Khpos', 40408),
(4040802, 'Knong', 40408),
(4040803, 'Cheung Kruos', 40408),
(4040804, 'Lvea', 40408),
(4040805, 'Ta Lat', 40408),
(4040901, 'Trangel', 40409),
(4040902, 'Trabaek', 40409),
(4040903, 'Chres', 40409),
(4040904, 'Tumnob', 40409),
(4040905, 'Trapeang Meas', 40409),
(4040906, 'Andoung Ronuk', 40409),
(4040907, 'Khlaeng Poar', 40409),
(4050101, 'Stueng Snguot', 40501),
(4050102, 'Kien Khleang', 40501),
(4050103, 'Veal Sbov', 40501),
(4050104, 'Kaek Pong', 40501),
(4050105, 'Ampil Tuek', 40501),
(4050106, 'Baek Chan', 40501),
(4050107, 'Ou Mal', 40501),
(4050108, 'Bak Phnum', 40501),
(4050109, 'Kbal Kaoh', 40501),
(4050110, 'Khla Krohuem', 40501),
(4050111, 'Sdei Banlich', 40501),
(4050201, 'Andoung Tramung', 40502),
(4050202, 'Chrak Romiet', 40502),
(4050203, 'Prey Pis', 40502),
(4050204, 'Prey Pear', 40502),
(4050205, 'Snar Pechr', 40502),
(4050206, 'Chhuk Kranhas', 40502),
(4050207, 'Krasah Thmei', 40502),
(4050208, 'Trapeang Chrov', 40502),
(4050209, 'Trapeang Khtum', 40502),
(4050210, 'Tuol', 40502),
(4050211, 'Ou Rung', 40502),
(4050212, 'Sdok Lech', 40502),
(4050213, 'Srae Sar', 40502),
(4050214, 'Chrolong Kaisna', 40502),
(4050301, 'Trapeang Pnov', 40503),
(4050302, 'Serei Chhaom', 40503),
(4050303, 'Veal Lvieng', 40503),
(4050304, 'Ou', 40503),
(4050305, 'Chumteav Sokh', 40503),
(4050306, 'Saray Andaet', 40503),
(4050307, 'Kanhchoung', 40503),
(4050308, 'Prey Pis', 40503),
(4050309, 'Kbal Damrei', 40503),
(4050310, 'Prab Phteah', 40503),
(4050311, 'Chramoh Chruk', 40503),
(4050312, 'Chak', 40503),
(4050313, 'Dak Snet', 40503),
(4050314, 'Chumteav', 40503),
(4050401, 'Kampong Tralach Leu', 40504),
(4050402, 'Kampong Tralach Kraom', 40504),
(4050403, 'Neak Ta Hang', 40504),
(4050404, 'Samretthi Chey', 40504),
(4050405, 'Preaek Kanlang', 40504),
(4050406, 'Kampong Kdar', 40504),
(4050407, 'Kien Roka', 40504),
(4050501, 'Oknha Pang', 40505),
(4050502, 'Trapeang Chambak', 40505),
(4050503, 'Phsar Trach', 40505),
(4050504, 'Anlong Tnaot', 40505),
(4050505, 'Srah Chak', 40505),
(4050506, 'Voat', 40505),
(4050507, 'Trapeang Samraong', 40505),
(4050508, 'Boeng Kak', 40505),
(4050601, 'Chrak Romiet', 40506),
(4050602, 'Sala Lekh Pram', 40506),
(4050603, 'Ou Ruessei', 40506),
(4050604, 'Srae Prei', 40506),
(4050605, 'Chan Kiek', 40506),
(4050606, 'Kralanh', 40506),
(4050607, 'Thnong', 40506),
(4050608, 'Leach', 40506),
(4050701, 'Ka At', 40507),
(4050702, 'Soben', 40507),
(4050703, 'Ta Kol', 40507),
(4050704, 'Stueng', 40507),
(4050705, 'Prey Sak', 40507),
(4050706, 'Peani', 40507),
(4050707, 'Kok', 40507),
(4050708, 'Tuol Serei', 40507),
(4050709, 'Krang Ta Aek', 40507),
(4050801, 'Khnay Kakaoh', 40508),
(4050802, 'Tuek Lak', 40508),
(4050803, 'Kbal Thnal', 40508),
(4050804, 'Ta Sokh', 40508),
(4050805, 'Ta Sou', 40508),
(4050806, 'Doun Toy', 40508),
(4050807, 'Ta Nob', 40508),
(4050808, 'Chambak Phaem', 40508),
(4050809, 'Kralanh', 40508),
(4050810, 'Kampong Prasat', 40508),
(4050811, 'Pravoek Pong', 40508),
(4050812, 'Khnay Kakaoh Thmei', 40508),
(4050901, 'Boeng Kak', 40509),
(4050902, 'La Peang', 40509),
(4050903, 'Ou Rung', 40509),
(4050904, 'Samraong', 40509),
(4050905, 'Svay Kraom', 40509),
(4050906, 'Souvong', 40509),
(4050907, 'Snay', 40509),
(4050908, 'Svay Bakav', 40509),
(4050909, 'Voat Thmei', 40509),
(4050910, 'Thlok Yol', 40509),
(4050911, 'Ta Kaoh', 40509),
(4050912, 'Trapeang Preal', 40509),
(4050913, 'Banteay Meas', 40509),
(4050914, 'Sampoar', 40509),
(4050915, 'Ta Ches', 40509),
(4051001, 'Daeum Popel', 40510),
(4051002, 'Snang Mom', 40510),
(4051003, 'Thma Edth', 40510),
(4051004, 'Kor', 40510),
(4051005, 'Trapeang Kdar', 40510),
(4060101, 'Spok Reach', 40601),
(4060102, 'Andoung Snay', 40601),
(4060103, 'Andoung Chrey', 40601),
(4060104, 'Char Thmei', 40601),
(4060105, 'Tbaeng', 40601),
(4060106, 'Pahi', 40601),
(4060107, 'Bampong Phchoek', 40601),
(4060201, 'Preal', 40602),
(4060202, 'Thma Reab', 40602),
(4060203, 'Phlov Kou', 40602),
(4060204, 'Toap Srov', 40602),
(4060205, 'Toap Tbaeng', 40602),
(4060206, 'Chheu Neak', 40602),
(4060207, 'Sdok Kabbas', 40602),
(4060208, 'Trapeang Phkoam', 40602),
(4060209, 'Ou Leach', 40602),
(4060210, 'Ruessei Duoch', 40602),
(4060301, 'Ta Lou', 40603),
(4060302, 'Trapeang Popel', 40603),
(4060303, 'Pring Kaong', 40603),
(4060304, 'Luong', 40603),
(4060305, 'Andoung Chek', 40603),
(4060306, 'Tuek Chenh', 40603),
(4060307, 'Souphi', 40603),
(4060308, 'Tang Bampong', 40603),
(4060309, 'Damnak Kei', 40603),
(4060310, 'Khnach Kakaoh', 40603),
(4060311, 'Ou Loy', 40603),
(4060401, 'Tuol Khsach', 40604),
(4060402, 'Prey Kaoh', 40604),
(4060403, 'Prey Puoch', 40604),
(4060404, 'Thmei', 40604),
(4060405, 'Thnal Thmei', 40604),
(4060406, 'Chrey Bak', 40604),
(4060407, 'Ou Kamnab', 40604),
(4060408, 'Ou Kandaol', 40604),
(4060409, 'Prey Leak Neang', 40604),
(4060410, 'Banh Chhkoul', 40604),
(4060411, 'Trapeang An', 40604),
(4060412, 'Khley', 40604),
(4060413, 'Alaeng', 40604),
(4060414, 'Trapeang Kor', 40604),
(4060415, 'Preah Ream Reangsei', 40604),
(4060416, 'Ou Roung', 40604),
(4060501, 'Kouk Banteay', 40605),
(4060502, 'Popel Pok', 40605),
(4060503, 'Mean Chey', 40605),
(4060504, 'Troneam Pech', 40605),
(4060505, 'Ou Ta Sek', 40605),
(4060506, 'Chheu Trach', 40605),
(4060507, 'Kang Meas', 40605),
(4060508, 'Kanlaeng Phe', 40605),
(4060601, 'Krang Leav', 40606),
(4060602, 'Thmei', 40606),
(4060603, 'Tuek Lak', 40606),
(4060604, 'Pat Lang', 40606),
(4060605, 'Boeng Veaeng', 40606),
(4060606, 'Srae Veal', 40606),
(4060607, 'Chrolong Kak', 40606),
(4060608, 'Andoung Preng', 40606),
(4060701, 'Trapeang Pou', 40607),
(4060702, 'Khvet', 40607),
(4060703, 'Srang Khpos', 40607),
(4060704, 'Phnum Touch', 40607),
(4060705, 'Santey', 40607),
(4060706, 'Dak Krong', 40607),
(4060707, 'Andoung Pou', 40607),
(4060708, 'Thmei', 40607),
(4060709, 'Prambei Chhaom', 40607),
(4060710, 'Trapeang Thum', 40607),
(4060711, 'Thma Reab', 40607),
(4060712, 'Toap Tbaeng', 40607),
(4060801, 'Prey Sampov', 40608),
(4060802, 'Chonleav', 40608),
(4060803, 'S​a ang', 40608),
(4060804, 'Srangam Ter', 40608),
(4060805, 'Trapeang Ampil', 40608),
(4060806, 'Prasnoeb', 40608),
(4060807, 'Chor', 40608),
(4060901, 'Prey Kraol', 40609),
(4060902, 'Prey Mul', 40609),
(4060903, 'Prachak', 40609),
(4060904, 'Trapeang Kravan', 40609),
(4060905, 'Trapeang Ta Sokh', 40609),
(4060906, 'Ta Vak', 40609),
(4060907, 'Klaeng Poar', 40609),
(4061001, 'Kruos', 40610),
(4061002, 'Prey Khmer', 40610),
(4061003, 'Andoung Chroh', 40610),
(4061004, 'Chea Rov', 40610),
(4061005, 'Trapeang Trach', 40610),
(4061006, 'Ou Ta Nes', 40610),
(4061101, 'Kdei Tnaot', 40611),
(4061102, 'Chamkar Ta Mau', 40611),
(4061103, 'Santuch', 40611),
(4061104, 'Traok Kaeut', 40611),
(4061105, 'Traok Kandal', 40611),
(4061106, 'Traok Lech', 40611),
(4061107, 'Kol Kob', 40611),
(4061108, 'Trapeang Sbov', 40611),
(4061109, 'Prey Moan', 40611),
(4061110, 'Andoung Ruessei', 40611),
(4061111, 'Trea Tboung', 40611),
(4061112, 'Trea Cheung', 40611),
(4061201, 'Thma Kaev', 40612),
(4061202, 'Knong', 40612),
(4061203, 'Krang Prasvay', 40612),
(4061204, 'Utumpor', 40612),
(4061205, 'Selang', 40612),
(4061206, 'Svay Chrum Thmei', 40612),
(4061207, 'Chamkar Khley', 40612),
(4061208, 'Chen', 40612),
(4061209, 'Phlov Veay', 40612),
(4061210, 'Ou Totueng', 40612),
(4061211, 'Tuol Trea', 40612),
(4061212, 'Svay Chrum Chas', 40612),
(4061213, 'Smaet', 40612),
(4061214, 'Thnong Kambot', 40612),
(4061215, 'Chanlaoh Ren', 40612),
(4061216, 'Dambouk Kakaoh', 40612),
(4061217, 'Trapeang Anhchanh', 40612),
(4061218, 'Thnal Ta Saeng', 40612),
(4061219, 'Kaoh Kaev', 40612),
(4061220, 'Krapeu Pul', 40612),
(4061221, 'Svay Chek', 40612),
(4061222, 'Kampong Reang', 40612),
(4061301, 'Ou Sandan', 40613),
(4061302, 'Tik Hout', 40613),
(4061303, 'Preaek Sala', 40613),
(4061304, 'Noneam Totueng', 40613),
(4061305, 'Preaek Reang', 40613),
(4061306, 'Kouk Sdau', 40613),
(4061307, 'Trapeang Krapeu', 40613),
(4061308, 'Tik Lak', 40613),
(4061309, 'Ou Sandan Thmei', 40613),
(4070101, 'Chrak Tnaot', 40701),
(4070102, 'Traeng', 40701),
(4070103, 'Royeas', 40701),
(4070104, 'Trapeang Thma', 40701),
(4070105, 'Srae Ruessei', 40701),
(4070106, 'Krang Samraong', 40701),
(4070107, 'Anlong Pring', 40701),
(4070108, 'Chuonh Chit', 40701),
(4070201, 'Voat', 40702),
(4070202, 'Trapeang Srangae', 40702),
(4070203, 'Chrey Kaong Lech', 40702),
(4070204, 'Chrey Kaong Kaeut', 40702),
(4070205, 'Thma Sa', 40702),
(4070206, 'Khna Kandal', 40702),
(4070207, 'Tradak Pong', 40702),
(4070301, 'Thnal', 40703),
(4070302, 'Krang Lvea', 40703),
(4070303, 'Ou Kakhob', 40703),
(4070304, 'Chres', 40703),
(4070305, 'KhnaTey Mouk', 40703),
(4070306, 'Tang Krong', 40703),
(4070307, 'Thlok Roleung', 40703),
(4070308, 'Chumteav Chraeng', 40703),
(4070309, 'Tang Kruos Lech', 40703),
(4070310, 'Tang Kruos Kaeut', 40703),
(4070401, 'Tang Poun', 40704),
(4070402, 'Krang Doung', 40704),
(4070403, 'Chanva Riel', 40704),
(4070404, 'Srae Andoung', 40704),
(4070405, 'Ta Kaev', 40704),
(4070406, 'Krang Beng', 40704),
(4070407, 'Svay Kambet', 40704),
(4070408, 'Chrab Kantuot', 40704),
(4070409, 'Krang Kantroul', 40704),
(4070410, 'Chrak Sdach', 40704),
(4070411, 'Chrak Kov', 40704),
(4070412, 'Serei Vong', 40704),
(4070501, 'Chamkar Svay', 40705),
(4070502, 'Spean Pou', 40705),
(4070503, 'Thlok Ruessei', 40705),
(4070504, 'Boeng Leach', 40705),
(4070505, 'Khnach', 40705),
(4070506, 'Krang Siem', 40705),
(4070507, 'Angkrong', 40705),
(4070508, 'Voat Sedthei', 40705),
(4070509, 'Peareach', 40705),
(4070601, 'Trapeang Buon', 40706),
(4070602, 'Chamkar', 40706),
(4070603, 'Hangs Chhuk', 40706),
(4070604, 'Trapeang Thma', 40706),
(4070605, 'Tuol Pongro', 40706),
(4070606, 'Svay Pok', 40706),
(4070607, 'Kyang Tboung', 40706),
(4070608, 'Khyang Cheung', 40706),
(4070609, 'Krasang Pul', 40706),
(4070610, 'Pou Ritthi Krai', 40706),
(4070611, 'Thmei', 40706),
(4070612, 'Chonloat Dai', 40706),
(4070613, 'Svay Phaem', 40706),
(4070701, 'Kngaok Pong', 40707),
(4070702, 'Trapeang Pring', 40707),
(4070703, 'Damnak Pring', 40707),
(4070704, 'Trapeang Mtes', 40707),
(4070705, 'Tang Krang', 40707),
(4070706, 'Krang Srama', 40707),
(4070707, 'Trapeang Tunloab', 40707),
(4070708, 'Prey Nheam', 40707),
(4070709, 'Tang Khley', 40707),
(4070710, 'Chrak Sangkae', 40707),
(4070801, 'Roleang', 40708),
(4070802, 'Neang Mealea', 40708),
(4070803, 'Veal Ta King', 40708),
(4070804, 'Thmei Khmer', 40708),
(4070805, 'Tbaeng Khpos', 40708),
(4070806, 'Srae Sar', 40708),
(4070807, 'Meanok Lech', 40708),
(4070808, 'Meanok Kaeut', 40708),
(4070809, 'Ra', 40708),
(4070901, 'Thlok Vien', 40709),
(4070902, 'Srae Krau', 40709),
(4070903, 'Tang Tbaeng', 40709),
(4070904, 'Chhuk', 40709),
(4070905, 'Spean Daek', 40709),
(4070906, 'Toap Baoh', 40709),
(4070907, 'Praklout', 40709),
(4080101, 'Srae Ta Chey', 40801),
(4080102, 'Trapeang Reang', 40801),
(4080103, 'Srae Prich', 40801),
(4080104, 'Srae Khtum', 40801),
(4080105, 'Tuek Chum', 40801),
(4080106, 'Ropeak', 40801),
(4080107, 'Damreb', 40801),
(4080108, 'Trapeang Pring', 40801),
(4080109, 'Baek Chak', 40801),
(4080201, 'Chi Prang', 40802),
(4080202, 'Tumnob Thmei', 40802),
(4080203, 'Boeng Steng', 40802),
(4080204, 'Prey Tang Thnong', 40802),
(4080205, 'Kaoh Kandal', 40802),
(4080206, 'Chhak Kandaol', 40802),
(4080207, 'Kouk Penh', 40802),
(4080208, 'Toap Ta Lat', 40802),
(4080209, 'Sae Robang', 40802),
(4080210, 'Ta Ney', 40802),
(4080211, 'Kaoh Khtum', 40802),
(4080301, 'Chaong Maong', 40803),
(4080302, 'Doun Mau', 40803),
(4080303, 'Khsaet', 40803),
(4080304, 'Thmei', 40803),
(4080305, 'Peareang', 40803),
(4080306, 'Svay Chek', 40803),
(4080307, 'Akleangkaer', 40803),
(4080308, 'Trapeang Chum', 40803),
(4080401, 'Krasang Doh Laeung', 40804),
(4080402, 'Doung Sla', 40804),
(4080403, 'Tang Khsach', 40804),
(4080404, 'Tang Sya', 40804),
(4080405, 'Ngoy', 40804),
(4080406, 'Chipuk', 40804),
(4080407, 'Moung', 40804),
(4080408, 'Prey Chrov', 40804),
(4080409, 'Thnal Kaeng', 40804),
(4080410, 'Khvit Tuol Khleang', 40804),
(4080501, 'Trapeang Krabau', 40805),
(4080502, 'Yout', 40805),
(4080503, 'Khlong Popok', 40805),
(4080504, 'Ta Kab', 40805),
(4080505, 'Kraoy Voat', 40805),
(4080506, 'Trapeang Chrey', 40805),
(4080507, 'Boeng Steng', 40805),
(4080601, 'Krang Skear', 40806),
(4080602, 'Tuol Samraong', 40806),
(4080603, 'Phnum Ta Sam', 40806),
(4080604, 'Chan Trak', 40806),
(4080605, 'Trapeang Mlu', 40806),
(4080606, 'Chambak Prasat', 40806),
(4080607, 'Anhchanh', 40806),
(4080608, 'Damnak Ampil', 40806),
(4080609, 'Damnak Khlong', 40806),
(4080610, 'Kdol', 40806),
(4080611, 'Krang Skear Khang Tboung', 40806),
(4080612, 'Ou Lpov', 40806),
(4080613, 'Phnum Ta Os', 40806),
(4080701, 'Chambak Kantreanh', 40807),
(4080702, 'Tbaeng Khpos', 40807),
(4080703, 'Chas', 40807),
(4080704, 'Kouk Nang', 40807),
(4080705, 'Krang Ta Mom', 40807),
(4080706, 'Srae Uk', 40807),
(4080707, 'Romeas', 40807),
(4080708, 'Kouk Puoch', 40807),
(4080709, 'Veal Sbov', 40807),
(4080710, 'Thmei', 40807),
(4080711, 'Tang Krasang', 40807),
(4080712, 'Krang Ma', 40807),
(4080801, 'Roka Tong', 40808),
(4080802, 'La', 40808),
(4080803, 'Voat', 40808),
(4080804, 'Trapeang Smach', 40808),
(4080805, 'Srae Chan', 40808),
(4080806, 'Slaeng', 40808),
(4080807, 'Rolung', 40808);
