CREATE TABLE IF NOT EXISTS `op_communes` (
  `id` int(20) NOT NULL,
  `name` text,
  `district_id` int(20) DEFAULT NULL,
  PRIMARY KEY (`id`),
  KEY `FK_tcommune` (`district_id`)
) ENGINE=InnoDB DEFAULT CHARSET=utf8;

--
-- Dumping data for table `op_communes`
--

INSERT INTO `op_communes` (`id`, `name`, `district_id`) VALUES
(30101, 'Batheay', 301),
(30102, 'Chbar Ampov', 301),
(30103, 'Chealea', 301),
(30104, 'Cheung Prey', 301),
(30105, 'Me Pring', 301),
(30106, 'Phav', 301),
(30107, 'Sambour', 301),
(30108, 'Sandaek', 301),
(30109, 'Tang Krang', 301),
(30110, 'Tang Krasang', 301),
(30111, 'Trab', 301),
(30112, 'Tumnob', 301),
(30201, 'Bos Khnor', 302),
(30202, 'Chamkar Andoung', 302),
(30203, 'Cheyyou', 302),
(30204, 'Lvea Leu', 302),
(30205, 'Spueu', 302),
(30206, 'Svay Teab', 302),
(30207, 'Ta Ong', 302),
(30208, 'Ta Prok', 302),
(30301, 'Khnor Dambang', 303),
(30302, 'Kouk Rovieng', 303),
(30303, 'Pdau Chum', 303),
(30304, 'Prey Char', 303),
(30305, 'Pring Chrum', 303),
(30306, 'Sampong Chey', 303),
(30307, 'Sdaeung Chey', 303),
(30308, 'Soutib', 303),
(30309, 'Sramar', 303),
(30310, 'Trapeang Kor', 303),
(30501, 'Boeng Kok', 305),
(30502, 'Kampong Cham', 305),
(30503, 'Sambuor Meas', 305),
(30504, 'Veal Vong', 305),
(30601, 'Ampil', 306),
(30602, 'Hanchey', 306),
(30603, 'Kien Chrey', 306),
(30604, 'Kokor', 306),
(30605, 'Kaoh Mitt', 306),
(30606, 'Kaoh Roka', 306),
(30607, 'Kaoh Samraong', 306),
(30608, 'Kaoh Tontuem', 306),
(30609, 'Krala', 306),
(30610, 'Ou Svay', 306),
(30611, 'Roang', 306),
(30612, 'Rumchek', 306),
(30613, 'Srak', 306),
(30614, 'Trean', 306),
(30615, 'Vihear Thum', 306),
(30701, 'Angkor Ban', 307),
(30702, 'Kang Ta Noeng', 307),
(30703, 'Khchau', 307),
(30704, 'Peam Chi Kang', 307),
(30705, 'Preaek Koy', 307),
(30706, 'Preaek Krabau', 307),
(30707, 'Reay Pay', 307),
(30708, 'Roka Ar', 307),
(30709, 'Roka Koy', 307),
(30710, 'Sdau', 307),
(30711, 'Sour Kong', 307),
(30801, 'Kampong Reab', 308),
(30802, 'Kaoh Sotin', 308),
(30803, 'Lve', 308),
(30804, 'Moha Leaph', 308),
(30805, 'Moha Khnhoung', 308),
(30806, 'Peam Prathnuoh', 308),
(30807, 'Pongro', 308),
(30808, 'Preaek Ta Nong', 308),
(31301, 'Baray', 313),
(31302, 'Boeng Nay', 313),
(31303, 'Chrey Vien', 313),
(31304, 'Khvet Thum', 313),
(31305, 'Kor', 313),
(31306, 'Krouch', 313),
(31307, 'Lvea', 313),
(31308, 'Mien', 313),
(31309, 'Prey Chhor', 313),
(31310, 'Sour Saen', 313),
(31311, 'Samraong', 313),
(31312, 'Sragnae', 313),
(31313, 'Thma Pun', 313),
(31314, 'Tong Rong', 313),
(31315, 'Trapeang Preah', 313),
(31401, 'Baray', 314),
(31402, 'Chi Bal', 314),
(31403, 'Khnar Sa', 314),
(31404, 'Kaoh Andaet', 314),
(31405, 'Mean Chey', 314),
(31406, 'Phteah Kandal', 314),
(31407, 'Pram Yam', 314),
(31408, 'Preaek Dambouk', 314),
(31409, 'Preaek Pou', 314),
(31410, 'Preaek Rumdeng', 314),
(31411, 'Ruessei Srok', 314),
(31412, 'Svay Pou', 314),
(31413, 'Svay Khsach Phnum', 314),
(31414, 'Tong Tralach', 314),
(31501, 'Areaks Tnot', 315),
(31503, 'Dang Kdar', 315),
(31504, 'Khpob Ta Nguon', 315),
(31505, 'Me Sar Chrey', 315),
(31506, 'Ou Mlu', 315),
(31507, 'Peam Kaoh Snar', 315),
(31508, 'Preah Andoung', 315),
(31509, 'Preaek Bak', 315),
(31510, 'Preak Kak', 315),
(31512, 'Soupheas', 315),
(31513, 'Tuol Preah Khleang', 315),
(31514, 'Tuol Sambuor', 315);

-- --------------------------------------------------------

--
-- Table structure for table `op_districts`
--

CREATE TABLE IF NOT EXISTS `op_districts` (
  `id` int(20) NOT NULL,
  `name` text,
  `provinces_id` int(20) DEFAULT NULL,
  PRIMARY KEY (`id`),
  KEY `FK_tdistrict` (`provinces_id`)
) ENGINE=InnoDB DEFAULT CHARSET=utf8;

--
-- Dumping data for table `op_districts`
--

INSERT INTO `op_districts` (`id`, `name`, `provinces_id`) VALUES
(301, 'Batheay', 3),
(302, 'Chamkar Leu', 3),
(303, 'Cheung Prey', 3),
(305, 'Kampong Cham', 3),
(306, 'Kampong Siem', 3),
(307, 'Kang Meas', 3),
(308, 'Kaoh Soutin', 3),
(313, 'Prey Chhor', 3),
(314, 'Srei Santhor', 3),
(315, 'Stueng Trang', 3);

-- --------------------------------------------------------

--
-- Table structure for table `op_provinces`
--

CREATE TABLE IF NOT EXISTS `op_provinces` (
  `id` varchar(20) NOT NULL,
  `name` text,
  PRIMARY KEY (`id`)
) ENGINE=InnoDB DEFAULT CHARSET=utf8;

--
-- Dumping data for table `op_provinces`
--

INSERT INTO `op_provinces` (`id`, `name`) VALUES
('3', 'Kampong Cham');

-- --------------------------------------------------------

--
-- Table structure for table `op_villages`
--

CREATE TABLE IF NOT EXISTS `op_villages` (
  `id` int(20) NOT NULL,
  `name` text NOT NULL,
  `commune_id` int(20) NOT NULL
) ENGINE=InnoDB DEFAULT CHARSET=latin1;

--
-- Dumping data for table `op_villages`
--

INSERT INTO `op_villages` (`id`, `name`, `commune_id`) VALUES
(3010101, 'Svay Pok', 30101),
(3010102, 'Batheay', 30101),
(3010103, 'Srah Pring', 30101),
(3010104, 'Chreaek', 30101),
(3010105, 'Tuol', 30101),
(3010106, 'Ou Mal', 30101),
(3010201, 'Chbar Ampov', 30102),
(3010202, 'Tuol Chan', 30102),
(3010203, 'Anlong Chrey', 30102),
(3010204, 'Stueng Chveng', 30102),
(3010301, 'Chea Lea', 30103),
(3010302, 'Ta Ngil', 30103),
(3010303, 'Tang Krang', 30103),
(3010304, 'Baek Peang', 30103),
(3010305, 'Phnum Thum', 30103),
(3010401, 'Cheung Prey', 30104),
(3010402, 'Andoung Snay', 30104),
(3010403, 'Prasoutr Ka', 30104),
(3010404, 'Prasoutr Kha', 30104),
(3010405, 'Trabaek', 30104),
(3010406, 'Trayang Pong', 30104),
(3010501, 'Me Pring', 30105),
(3010502, 'Tang Thlaeung', 30105),
(3010503, 'Tang Srei', 30105),
(3010504, 'Tang Roleang', 30105),
(3010505, 'Prey Kao', 30105),
(3010601, 'Phav', 30106),
(3010602, 'Samraong', 30106),
(3010603, 'Tang Boeng', 30106),
(3010604, 'Ba Kal', 30106),
(3010605, 'Prey Nhea', 30106),
(3010606, 'Kandaol', 30106),
(3010701, 'Sambour', 30107),
(3010702, 'Balang', 30107),
(3010703, 'Veal', 30107),
(3010704, 'Sangkaeub', 30107),
(3010705, 'Ta Poy', 30107),
(3010706, 'Chong', 30107),
(3010707, 'Ta Baek', 30107),
(3010801, 'Kakpal', 30108),
(3010802, 'Pou Stieng', 30108),
(3010803, 'Svay Prey', 30108),
(3010804, 'Tang Chrey', 30108),
(3010805, 'Sroengk', 30108),
(3010901, 'Phnum Del', 30109),
(3010902, 'Cheung Chhnok', 30109),
(3010903, 'Tboung Phnum', 30109),
(3010904, 'Popit', 30109),
(3010905, 'Ak Tieng', 30109),
(3010906, 'Kampong Preah', 30109),
(3010907, 'Tang Kouk', 30109),
(3010908, 'Prasat', 30109),
(3011001, 'Boeng Veaeng', 30110),
(3011002, 'Kradas Ka', 30110),
(3011003, 'Kradas Kha', 30110),
(3011004, 'Sdok Thum', 30110),
(3011005, 'Trav Phni', 30110),
(3011006, 'Khvet', 30110),
(3011007, 'Boeng', 30110),
(3011008, 'Khtum', 30110),
(3011009, 'Chan', 30110),
(3011010, 'Chi Neang', 30110),
(3011101, 'Roung Damrei', 30111),
(3011102, 'Kampouk', 30111),
(3011103, 'Phnum Touch', 30111),
(3011104, 'Tum Prong', 30111),
(3011105, 'Thmei', 30111),
(3011106, 'Pou Ruessei', 30111),
(3011107, 'Trab', 30111),
(3011108, 'Chan Kong', 30111),
(3011109, 'Thkov', 30111),
(3011110, 'Thma Kaev', 30111),
(3011111, 'Rout', 30111),
(3011201, 'Tumnob Leu', 30112),
(3011202, 'Prayuk', 30112),
(3011203, 'Doun Paen', 30112),
(3011204, 'Rung', 30112),
(3011205, 'Prasam', 30112),
(3011206, 'Sroengk', 30112),
(3011207, 'Trapeang Snao', 30112),
(3020101, 'Saray', 30201),
(3020102, 'Doun Thi', 30201),
(3020103, 'Thlok Kravan', 30201),
(3020104, 'Veal Thnong', 30201),
(3020105, 'Bos Khnor', 30201),
(3020106, 'Chranaom', 30201),
(3020107, 'Prasaeur', 30201),
(3020108, 'Dab Meakkakra', 30201),
(3020109, 'Sameakki', 30201),
(3020110, 'Chamkar Kabbas', 30201),
(3020111, 'Samsebpram', 30201),
(3020201, 'Chamkar Andoung', 30202),
(3020202, 'Souchey', 30202),
(3020203, 'Svay Chuor', 30202),
(3020204, 'Ou Kravan', 30202),
(3020205, 'Doun Bos', 30202),
(3020206, 'Choam Chrey', 30202),
(3020208, 'Phum Lekh Pir', 30202),
(3020209, 'Phum Dab Muoy', 30202),
(3020210, 'Phum Sam Bei', 30202),
(3020211, 'Phum Mphey Pir', 30202),
(3020212, 'Ta Prok', 30202),
(3020213, 'Phum Lekh Muoy', 30202),
(3020214, 'Sahak Kreas', 30202),
(3020215, 'Sahak Kroan', 30202),
(3020216, 'Sraong Chan', 30202),
(3020217, 'Roung Chakr', 30202),
(3020218, 'Kromhun', 30202),
(3020301, 'Spueu Ka', 30203),
(3020302, 'Cheyyou', 30203),
(3020303, 'Ou Peh', 30203),
(3020304, 'Trapeang Ruessei', 30203),
(3020305, 'Trapeang Lpov', 30203),
(3020401, 'Kbal Hong Thmei', 30204),
(3020402, 'Kbal Hong Chas', 30204),
(3020403, 'Kralaeng Kaeut', 30204),
(3020404, 'Kralaeng Lech', 30204),
(3020405, 'Lvea Cheung', 30204),
(3020406, 'Lvea Tboung', 30204),
(3020407, 'Phum Bei', 30204),
(3020501, 'Banteay Chey', 30205),
(3020502, 'Popreng', 30205),
(3020503, 'Ou Veay', 30205),
(3020504, 'Peaeng Meas Cheung', 30205),
(3020505, 'Peaeng Meas Tboung', 30205),
(3020506, 'Spueu Lech', 30205),
(3020507, 'Spueu Kaeut', 30205),
(3020508, 'Veal', 30205),
(3020601, 'Trapeang Beng', 30206),
(3020602, 'Pramat Dei', 30206),
(3020603, 'Veal Ri Lech', 30206),
(3020604, 'Svay Teab', 30206),
(3020605, 'Proeks', 30206),
(3020606, 'Thnal Baek Lech', 30206),
(3020607, 'Tang Krang', 30206),
(3020608, 'Moha', 30206),
(3020609, 'Bos Thlan', 30206),
(3020610, 'Srae Preal', 30206),
(3020611, 'Ou Da', 30206),
(3020612, 'Thnal Baek Kaeut', 30206),
(3020613, 'Veal Ri Kaeut', 30206),
(3020614, 'Phum Chetseb Prampir', 30206),
(3020701, 'Ta Ong', 30207),
(3020702, 'Sampoar', 30207),
(3020703, 'Tuol Prak', 30207),
(3020704, 'Tuol Meas', 30207),
(3020705, 'Tuol Paen', 30207),
(3020706, 'Chamraeun Phal', 30207),
(3020707, 'Trapeang Chhuk', 30207),
(3020708, 'Tuol Srov', 30207),
(3020709, 'Phum Samseb', 30207),
(3020710, 'Phum Sammuoy', 30207),
(3020711, 'Phum Sampir', 30207),
(3020712, 'Phum Sambei', 30207),
(3020713, 'Phum Sambuon', 30207),
(3020801, 'Srae Prang', 30208),
(3020802, 'Rumchek', 30208),
(3020803, 'Neang Leung', 30208),
(3020804, 'Svay Teab', 30208),
(3020805, 'Ou Ta Saeng', 30208),
(3020806, 'Chhuk', 30208),
(3020807, 'Phlak', 30208),
(3030101, 'Rovieng', 30301),
(3030102, 'Khnor Dambang', 30301),
(3030103, 'Veal', 30301),
(3030201, 'Kouk Rovieng', 30302),
(3030202, 'Totoul', 30302),
(3030203, 'Ba Krong', 30302),
(3030204, 'Chhuk', 30302),
(3030301, 'Phdau Chum Lech', 30303),
(3030302, 'Phdau Chum Kaeut', 30303),
(3030303, 'Chheu Teal', 30303),
(3030304, 'Cham Neang', 30303),
(3030401, 'Pnov Lech', 30304),
(3030402, 'Pnov Kaeut', 30304),
(3030403, 'Prey Char Krau', 30304),
(3030404, 'Siem Baoy', 30304),
(3030405, 'Bati', 30304),
(3030406, 'Prey Char Knong', 30304),
(3030501, 'Pring Chrum', 30305),
(3030502, 'Trapeang Tuem', 30305),
(3030503, 'Trapeang Phav', 30305),
(3030504, 'Ta Ni', 30305),
(3030505, 'Kaoh Champa', 30305),
(3030601, 'Chambak', 30306),
(3030602, 'Trapeang Sla', 30306),
(3030603, 'Trapeang Trom', 30306),
(3030604, 'Ampil Tvear', 30306),
(3030605, 'Kakaoh', 30306),
(3030606, 'Bos Ta Mom', 30306),
(3030607, 'Trapeang Chhuk', 30306),
(3030608, 'Pou', 30306),
(3030609, 'Bakham', 30306),
(3030610, 'Sampong Chey', 30306),
(3030611, 'Svay Meas', 30306),
(3030612, 'Komar', 30306),
(3030613, 'Doun Tao', 30306),
(3030614, 'Sandaek', 30306),
(3030701, 'Pongro', 30307),
(3030702, 'Sdaeung Chey', 30307),
(3030703, 'Pra Boeng', 30307),
(3030704, 'Khnar', 30307),
(3030705, 'Sangkae', 30307),
(3030706, 'Kdoy', 30307),
(3030707, 'Damnak Ampil', 30307),
(3030801, 'Pana', 30308),
(3030802, 'Skon', 30308),
(3030803, 'Thmei', 30308),
(3030804, 'Ta Saen', 30308),
(3030805, 'Ngoung', 30308),
(3030806, 'Doun Dom', 30308),
(3030807, 'Boeng Chrouy', 30308),
(3030808, 'Soutib', 30308),
(3030901, 'Sram Lech', 30309),
(3030902, 'Sram Kaeut', 30309),
(3030903, 'Sram Cheung', 30309),
(3030904, 'PhumThmei', 30309),
(3030905, 'Sramar', 30309),
(3030906, 'Sangkae Pong', 30309),
(3030907, 'Pra Khnaor', 30309),
(3030908, 'Kralanh', 30309),
(3030909, 'Pratheat', 30309),
(3030910, 'Trapeang Tmat', 30309),
(3030911, 'Sram Angkam', 30309),
(3030912, 'Andoung Treang', 30309),
(3030913, 'Trapeang Snao', 30309),
(3031001, 'Trapeang Thma', 30310),
(3031002, 'Sang', 30310),
(3031003, 'Angk', 30310),
(3031004, 'Praten', 30310),
(3031005, 'Tumpor', 30310),
(3031006, 'Tnaot Bak', 30310),
(3031007, 'Kandal', 30310),
(3031008, 'Areaks', 30310),
(3031009, 'Trapeang Kor', 30310),
(3031010, 'Kngaok', 30310),
(3050101, 'Boeng Kok Ti Muoy', 30501),
(3050102, 'Boeng Kok Ti Pir', 30501),
(3050103, 'Chong Thnal Ti Muoy', 30501),
(3050104, 'Chong Thnal Ti Pir', 30501),
(3050105, 'La Edth', 30501),
(3050106, 'Chrouy Thma', 30501),
(3050107, 'Memay', 30501),
(3050201, 'Phum Ti Prampir', 30502),
(3050202, 'Phum Ti Prambei', 30502),
(3050203, 'Phum Ti Prambuon', 30502),
(3050204, 'Phum Ti Dab', 30502),
(3050205, 'Phum Ti Dabmuoy', 30502),
(3050206, 'Phum Ti Dabpir', 30502),
(3050207, 'Phum Ti Dabbei', 30502),
(3050208, 'Phum Ti Dabbuon', 30502),
(3050209, 'Phum Ti Dabpram', 30502),
(3050301, 'Roka Leu', 30503),
(3050302, 'Roka Kraom', 30503),
(3050303, 'Neang Konghing', 30503),
(3050304, 'Boeng Basak', 30503),
(3050305, 'Chamkar Khpob', 30503),
(3050306, 'Boeng Snay', 30503),
(3050307, 'Preaek Daeum Chan', 30503),
(3050308, 'Preaek Chik', 30503),
(3050309, 'Kampong Roling', 30503),
(3050310, 'Ta Neng', 30503),
(3050401, 'Phum Ti Muoy', 30504),
(3050402, 'Phum Ti Pir', 30504),
(3050403, 'Phum Ti Bei', 30504),
(3050404, 'Phum Ti Buon', 30504),
(3050405, 'Phum Ti Pram', 30504),
(3050406, 'Phum Ti Prammuoy', 30504),
(3060101, 'Andoung Chroh', 30601),
(3060102, 'Ampil Leu', 30601),
(3060103, 'Ampil Kraom', 30601),
(3060104, 'Cheung Kouk', 30601),
(3060105, 'Roliek', 30601),
(3060106, 'Romeas', 30601),
(3060107, 'Banteay Thma', 30601),
(3060108, 'Sralau', 30601),
(3060109, 'Krala', 30601),
(3060110, 'Chonghuk', 30601),
(3060111, 'Veal Sbov', 30601),
(3060112, 'Sya', 30601),
(3060201, 'Hanchey', 30602),
(3060202, 'Krouch Saeuch', 30602),
(3060203, 'Lvea Te', 30602),
(3060204, 'Moan Haeur', 30602),
(3060301, 'Preaek Yuon', 30603),
(3060302, 'Enteak Nel', 30603),
(3060303, 'Spean Thmei', 30603),
(3060304, 'Boeng Baboh', 30603),
(3060305, 'Kien Chrey Krau', 30603),
(3060306, 'Kien Chrey Knong', 30603),
(3060401, 'Kokor Muoy', 30604),
(3060402, 'Kokor Pir', 30604),
(3060403, 'Chamkar Samseb', 30604),
(3060404, 'Kampong Krabei', 30604),
(3060501, 'Kaoh Paen Ka', 30605),
(3060502, 'Kaoh Paen Kha', 30605),
(3060503, 'Kaoh Paen Kho', 30605),
(3060505, 'Kaoh Dach', 30605),
(3060506, 'Kaoh Prolung', 30605),
(3060507, 'Svay Chrum', 30605),
(3060508, 'Kaoh Chas', 30605),
(3060509, 'Kampong Trom Kraom', 30605),
(3060510, 'Kampong Trom Leu', 30605),
(3060601, 'Kaoh Roka Krau', 30606),
(3060602, 'Kaoh Roka Knong', 30606),
(3060603, 'Dambang Daek', 30606),
(3060604, 'Ou Chhleung', 30606),
(3060605, 'Ta Meang', 30606),
(3060606, 'Thmei', 30606),
(3060607, 'Kaoh Kol', 30606),
(3060701, 'Phum Ti Muoy', 30607),
(3060702, 'Phum Ti Pir', 30607),
(3060703, 'Phum Ti Bei', 30607),
(3060704, 'Phum Ti Buon', 30607),
(3060705, 'Phum Ti Pram', 30607),
(3060706, 'Phum Ti Prammuoy', 30607),
(3060707, 'Phum Ti Prampir', 30607),
(3060708, 'Phum Ti Prambei', 30607),
(3060801, 'Kaoh Kok Ka', 30608),
(3060802, 'Kaoh Kok Kha', 30608),
(3060803, 'Kaoh Prak Kraom', 30608),
(3060804, 'Kaoh Prak Knong', 30608),
(3060805, 'Kaoh Prak Leu', 30608),
(3060901, 'Sdach Non', 30609),
(3060902, 'Tuol Beng', 30609),
(3060903, 'Andoung Pou', 30609),
(3060904, 'Tuol Popel', 30609),
(3060905, 'Trapeang Chrey', 30609),
(3060906, 'Trapeang Tras', 30609),
(3060907, 'Trapeang Ruessei', 30609),
(3060908, 'Angkuonh Dei', 30609),
(3060909, 'Ampil Chrum', 30609),
(3060910, 'Thmei', 30609),
(3060911, 'Trapeang Thma', 30609),
(3060912, 'Trapeang Char', 30609),
(3060913, 'Trakuon', 30609),
(3061001, 'Prey Chakkrei', 30610),
(3061002, 'Anlong Snouk', 30610),
(3061003, 'Ampil Kranhanh', 30610),
(3061004, 'Ou Svay', 30610),
(3061005, 'Trapeang Kak', 30610),
(3061006, 'Ou Thnong', 30610),
(3061007, 'Khael Chey', 30610),
(3061101, 'Thma Koul', 30611),
(3061102, 'Veal Khsach', 30611),
(3061103, 'Prasam', 30611),
(3061104, 'Pongro', 30611),
(3061105, 'Romul', 30611),
(3061106, 'Tuol Roka', 30611),
(3061107, 'Roang Leu', 30611),
(3061108, 'Roang Kraom', 30611),
(3061201, 'Chheu Teal Srot Leu', 30612),
(3061202, 'Chheu Teal Srot Kraom', 30612),
(3061203, 'Rumlech', 30612),
(3061204, 'Thmei', 30612),
(3061301, 'Lpeak', 30613),
(3061302, 'Prey Kuy', 30613),
(3061303, 'Srak', 30613),
(3061304, 'Ta Mau', 30613),
(3061401, 'Chrak Sdau', 30614),
(3061402, 'Veal Kriel', 30614),
(3061403, 'Trean', 30614),
(3061404, 'Trapeang Ta Sokh', 30614),
(3061405, 'Prathang', 30614),
(3061406, 'Paen', 30614),
(3061407, 'Tuol Chambak', 30614),
(3061408, 'Chranieng', 30614),
(3061409, 'Trapeang Ampil', 30614),
(3061410, 'Ta Khong', 30614),
(3061411, 'Tuol Trach', 30614),
(3061412, 'Poun', 30614),
(3061501, 'Prey Phdau', 30615),
(3061502, 'Andoung Svay', 30615),
(3061503, 'Kouk Kream', 30615),
(3061504, 'Kdei Boeng', 30615),
(3061505, 'Pongro', 30615),
(3061506, 'Prasat', 30615),
(3061507, 'Kouk Totea', 30615),
(3061508, 'Vihear', 30615),
(3061509, 'Kong Moha', 30615),
(3070101, 'Angkor Ban Ti Muoy', 30701),
(3070102, 'Angkor Ban Ti Pir', 30701),
(3070103, 'Angkor Ban Ti Bei', 30701),
(3070104, 'Angkor Ban Ti Buon', 30701),
(3070105, 'Angkor Ban Ti Pram', 30701),
(3070106, 'Angkor Ban Ti Prammuoy', 30701),
(3070107, 'Angkor Ban Ti Prampir', 30701),
(3070108, 'Angkor Ban Ti Prambei', 30701),
(3070109, 'Angkor Ban Ti Prambuon', 30701),
(3070201, 'Kang Ta Noeng Ti Muoy', 30702),
(3070202, 'Kang Ta Noeng Ti Pir', 30702),
(3070203, 'Kang Ta Noeng Ti Bei', 30702),
(3070204, 'Kang Ta Noeng Ti Buon', 30702),
(3070205, 'Kang Ta Noeng Ti Pram', 30702),
(3070206, 'Kang Ta Noeng Ti Prammuoy', 30702),
(3070207, 'Kang Ta Noeng Ti Prampir', 30702),
(3070208, 'Kang Ta Noeng Ti Prambei', 30702),
(3070209, 'Kang Ta Noeng Ti Prambuon', 30702),
(3070301, 'Thlok Chrov', 30703),
(3070302, 'Svay Poan Ti Muoy', 30703),
(3070303, 'Svay Poan Ti Pir', 30703),
(3070304, 'Ou Popel', 30703),
(3070305, 'Khchau Ti Muoy', 30703),
(3070306, 'Khchau Ti Pir', 30703),
(3070307, 'Khchau Ti Bei', 30703),
(3070308, 'Varint Ti Muoy', 30703),
(3070309, 'Varint Ti Pir', 30703),
(3070310, 'Varint Ti Bei', 30703),
(3070401, 'Damnak Chrey', 30704),
(3070402, 'Damnak Snay', 30704),
(3070403, 'Peam Chi Kang', 30704),
(3070404, 'Sach Sour', 30704),
(3070405, 'Sambuor Meas Ka', 30704),
(3070406, 'Sambuor Meas Kha', 30704),
(3070407, 'Kaoh Touch', 30704),
(3070501, 'Preaek Koy', 30705),
(3070502, 'Anlong Kokir', 30705),
(3070503, 'Kong Chey', 30705),
(3070504, 'Koher', 30705),
(3070505, 'Me Sar', 30705),
(3070506, 'Ou Svay Lech', 30705),
(3070507, 'Ou Svay Kaeut', 30705),
(3070601, 'Pou Sala Ti Muoy', 30706),
(3070602, 'Pou Sala Ti Pir', 30706),
(3070603, 'Peam Knong', 30706),
(3070604, 'Preaek Andoung', 30706),
(3070605, 'Preaek Krabau', 30706),
(3070606, 'Ou Kandaol', 30706),
(3070607, 'Andoung Ta Ong', 30706),
(3070608, 'Andoung Dai', 30706),
(3070609, 'Tuek Chenh', 30706),
(3070610, 'Chamkar Ovloek', 30706),
(3070701, 'Kanlaeng Run', 30707),
(3070702, 'Boeng Totea', 30707),
(3070703, 'Tuol Vihear', 30707),
(3070704, 'Tuol Bei', 30707),
(3070705, 'Reay Pay Leu', 30707),
(3070706, 'Reay Pay Kraom', 30707),
(3070707, 'Preaek Pranak', 30707),
(3070708, 'Kok Krabei', 30707),
(3070801, 'Preaek Liv Ti Muoy', 30708),
(3070802, 'Preaek Liv Ti Pir', 30708),
(3070803, 'Preaek Liv Ti Bei', 30708),
(3070804, 'Preaek Liv Ti Buon', 30708),
(3070805, 'Chrouy Krabau Ti Muoy', 30708),
(3070806, 'Chrouy Krabau Ti Pir', 30708),
(3070807, 'Svay Sranaoh Ti Muoy', 30708),
(3070808, 'Svay Sranaoh Ti Pir', 30708),
(3070809, 'Roka Ar', 30708),
(3070901, 'Roka Koy Ka', 30709),
(3070902, 'Roka Koy Kha', 30709),
(3070903, 'Phum Thmei Ka', 30709),
(3070904, 'PhumThmei Kha', 30709),
(3070905, 'Pongro', 30709),
(3070906, 'Svay Ta Haen', 30709),
(3070907, 'Damnak Let', 30709),
(3071001, 'Khpob Leu', 30710),
(3071002, 'Khpob Kraom', 30710),
(3071003, 'Sdau', 30710),
(3071004, 'Lvea Leu', 30710),
(3071005, 'Lvea Kraom', 30710),
(3071006, 'Anlong Kokir', 30710),
(3071101, 'Kaoh Ta Ngao Ti Muoy', 30711),
(3071102, 'Kaoh Ta Ngao Ti Pir', 30711),
(3071103, 'Kaoh Ta Ngao Ti Bei', 30711),
(3071104, 'Boeng Sang Kaeut', 30711),
(3071105, 'Boeng Sang Lech', 30711),
(3071106, 'Kdei', 30711),
(3071107, 'Sourken', 30711),
(3071108, 'Boeng Trav', 30711),
(3071109, 'Preaek Kruos', 30711),
(3071110, 'Anlong Ak Lech', 30711),
(3071111, 'Anlong Ak Kaeut', 30711),
(3080101, 'Kaoh Chen Kraom', 30801),
(3080102, 'Kaoh Chen Leu', 30801),
(3080103, 'Kampong Reab Leu', 30801),
(3080104, 'Kampong Reab Kraom', 30801),
(3080105, 'Kampong Sdei Leu', 30801),
(3080106, 'Kampong Sdei Kraom', 30801),
(3080107, 'Kampong Sdei Kandal', 30801),
(3080108, 'Kampong Sdei Knong', 30801),
(3080201, 'Phum Ti Muoy', 30802),
(3080202, 'Phum Ti Pir', 30802),
(3080203, 'Phum Ti Bei', 30802),
(3080204, 'Phum Ti Buon', 30802),
(3080205, 'Phum Ti Pram', 30802),
(3080206, 'Phum Ti Prammuoy', 30802),
(3080207, 'Phum Ti Prampir', 30802),
(3080208, 'Phum Ti Prambei', 30802),
(3080209, 'Phum Ti Prambuon', 30802),
(3080210, 'Phum Ti Dab', 30802),
(3080211, 'Phum Ti Dabmuoy', 30802),
(3080212, 'Phum Ti Dabpir', 30802),
(3080213, 'Phum Ti Dabbei', 30802),
(3080214, 'Phum Ti Dabbuon', 30802),
(3080301, 'Damnak Svay', 30803),
(3080302, 'Roka Kaong', 30803),
(3080303, 'Preaek Kol', 30803),
(3080304, 'Bat Srei Tontueng', 30803),
(3080305, 'Ambaeng Cheh', 30803),
(3080306, 'Lve Leu', 30803),
(3080307, 'Lve Kraom', 30803),
(3080308, 'Tumpoung', 30803),
(3080309, 'Preaek Ta Kae', 30803),
(3080310, 'Preaek Changkran', 30803),
(3080401, 'Chong Preaek', 30804),
(3080402, 'Moha Leaph Cheung', 30804),
(3080403, 'Moha Leaph Tboung', 30804),
(3080404, 'Roka Kaong Tboung', 30804),
(3080405, 'Roka Kaong Cheung', 30804),
(3080406, 'Damnak Pring Kaeut', 30804),
(3080407, 'Damnak Pring Lech', 30804),
(3080408, 'Roat Muni', 30804),
(3080409, 'Chrouy Saset', 30804),
(3080410, 'Preaek', 30804),
(3080501, 'Khpob', 30805),
(3080502, 'Mohasiek Leu', 30805),
(3080503, 'Mohasiek Kraom', 30805),
(3080504, 'Kampong Chamlang', 30805),
(3080505, 'Khnhoung Leu', 30805),
(3080506, 'Kandal Khnhoung', 30805),
(3080507, 'Chong Khnhoung', 30805),
(3080508, 'Angkor Chey Leu', 30805),
(3080509, 'Angkor Chey Kraom', 30805),
(3080601, 'Phsar Thmei', 30806),
(3080602, 'Peam', 30806),
(3080603, 'Thmei', 30806),
(3080604, 'Krapeu Korm', 30806),
(3080605, 'Pak Nam', 30806),
(3080606, 'Chihae', 30806),
(3080607, 'Samraong', 30806),
(3080608, 'Moha Leaph', 30806),
(3080609, 'Pongro', 30806),
(3080610, 'Tuol Kdol', 30806),
(3080611, 'Veal', 30806),
(3080612, 'Tuol Kampot', 30806),
(3080613, 'Tuol Theat', 30806),
(3080701, 'Kampong Ov Chrueng', 30807),
(3080702, 'Preaek Rumdeng Kaeut', 30807),
(3080703, 'Preaek Rumdeng Lech', 30807),
(3080704, 'Pongro Kaeut', 30807),
(3080705, 'Pongro Lech', 30807),
(3080706, 'Daeum Sdau', 30807),
(3080707, 'Pak Nam', 30807),
(3080708, 'Anlong Doung', 30807),
(3080801, 'Phum Ti Muoy', 30808),
(3080802, 'Phum Ti Pir', 30808),
(3080803, 'Phum Ti Bei', 30808),
(3080804, 'Phum Ti Buon', 30808),
(3080805, 'Phum Ti Pram', 30808),
(3080806, 'Phum Ti Prammuoy', 30808),
(3080807, 'Phum Ti Prampir', 30808),
(3080808, 'Phum Ti Prambei', 30808),
(3080809, 'Phum Ti Prambuon', 30808),
(3080810, 'Phum Ti Dab', 30808),
(3080811, 'Phum Ti Dabmuoy', 30808),
(3080812, 'Phum Ti Dabpir', 30808),
(3080813, 'Phum Ti Dabbei', 30808),
(3130101, 'Prey Khchay', 31301),
(3130102, 'Tuol Chambak', 31301),
(3130103, 'Trapeang Beng', 31301),
(3130104, 'Leang Khsach', 31301),
(3130105, 'Trapeang Bei', 31301),
(3130106, 'Ou Kambaor', 31301),
(3130107, 'Kouk Sralau', 31301),
(3130108, 'Roung Kou', 31301),
(3130109, 'Voat Chas', 31301),
(3130110, 'Roul Chruk', 31301),
(3130111, 'Prey Rumdeng', 31301),
(3130112, 'Samnak Cheung', 31301),
(3130113, 'Samnak Tboung', 31301),
(3130201, 'Komar Reach', 31302),
(3130202, 'Trapeang Anhchanh', 31302),
(3130203, 'Thma Da', 31302),
(3130204, 'Thma Koul', 31302),
(3130205, 'Trapeang Bet', 31302),
(3130206, 'Boeng Nay', 31302),
(3130207, 'Trapeang Thum', 31302),
(3130208, 'Pravas', 31302),
(3130209, 'Neak Ta Snoeng', 31302),
(3130210, 'Ta Ok', 31302),
(3130211, 'Kbal Damrei', 31302),
(3130212, 'Tuol Khvav', 31302),
(3130213, 'Chhuk Sa', 31302),
(3130214, 'Chheu Bak', 31302),
(3130215, 'Traeung', 31302),
(3130216, 'Chonloat Dai', 31302),
(3130217, 'Voat Chas', 31302),
(3130301, 'Dai Buon', 31303),
(3130302, 'Doun Dei', 31303),
(3130303, 'Trapeang Tuk', 31303),
(3130304, 'Slaeng', 31303),
(3130305, 'Banteay Rueng', 31303),
(3130306, 'Tuol Ta Kao', 31303),
(3130307, 'Kralaong', 31303),
(3130308, 'Ou Kambot', 31303),
(3130309, 'Khvet Touch', 31303),
(3130310, 'Chrey Vien', 31303),
(3130311, 'Trapeang Ampil', 31303),
(3130312, 'Ta Ream', 31303),
(3130313, 'Klaeng Poar', 31303),
(3130314, 'Tuek Nuem', 31303),
(3130315, 'Tuol Bak Koam', 31303),
(3130316, 'Trapeang Sangkae', 31303),
(3130317, 'Prey Totueng', 31303),
(3130318, 'Trapeang Pnov', 31303),
(3130401, 'Khvet Thum', 31304),
(3130402, 'Baray', 31304),
(3130403, 'Angkrang', 31304),
(3130404, 'Ta Ngal', 31304),
(3130405, 'Ampil Thum', 31304),
(3130406, 'Dangkao', 31304),
(3130407, 'Pratheat', 31304),
(3130408, 'Kabbas', 31304),
(3130501, 'Doun Lei', 31305),
(3130502, 'Mrenh', 31305),
(3130503, 'Ta Meas', 31305),
(3130504, 'Ta Kaev', 31305),
(3130505, 'Ta Ley', 31305),
(3130506, 'Ta Mout', 31305),
(3130507, 'Rumduol', 31305),
(3130508, 'Svay Pen', 31305),
(3130509, 'Kraoy Voat', 31305),
(3130510, 'Trapeang Poun', 31305),
(3130601, 'Ou Chrok', 31306),
(3130602, 'Prey Sak', 31306),
(3130603, 'Tuol Khpos', 31306),
(3130604, 'Krasang Ta Mang', 31306),
(3130605, 'Krouch', 31306),
(3130606, 'Thmei', 31306),
(3130607, 'Samraong', 31306),
(3130701, 'Kok', 31307),
(3130702, 'Trapeang Chi Neang', 31307),
(3130703, 'Kouk Trea Kaeut', 31307),
(3130704, 'Kouk Trea Lech', 31307),
(3130705, 'Sdok Antong', 31307),
(3130706, 'Ta Chak', 31307),
(3130707, 'Me Meang', 31307),
(3130708, 'Tang Kouk', 31307),
(3130709, 'Lvea', 31307),
(3130710, 'Tang Trapeang', 31307),
(3130801, 'Tuol Prich', 31308),
(3130802, 'Ou Sangkae', 31308),
(3130803, 'Keh', 31308),
(3130804, 'Trapeang Chhuk', 31308),
(3130805, 'Nam Ken', 31308),
(3130806, 'Mien', 31308),
(3130807, 'Tuol Poun', 31308),
(3130808, 'Phkay Proek', 31308),
(3130809, 'Kampong Samret', 31308),
(3130810, 'Krasang Pul', 31308),
(3130811, 'Damnak Pongro', 31308),
(3130812, 'Kampong Samnanh', 31308),
(3130813, 'Ou Ta Nov', 31308),
(3130814, 'Dei Kraham', 31308),
(3130815, 'Khlouy Ti Muoy', 31308),
(3130816, 'Khlouy Ti Pir', 31308),
(3130817, 'Khlouy Ti Bei', 31308),
(3130818, 'Khlouy Ti Buon', 31308),
(3130819, 'Traeung', 31308),
(3130901, 'Prey Chhor', 31309),
(3130902, 'Sek Yum', 31309),
(3130903, 'Chres', 31309),
(3130904, 'Sangkae', 31309),
(3131001, 'Sour Saen', 31310),
(3131002, 'Andoung', 31310),
(3131003, 'Trapeang Reang', 31310),
(3131004, 'Trapeang Tnaot', 31310),
(3131005, 'Traeuy Ou', 31310),
(3131006, 'Trapeang Tbal', 31310),
(3131007, 'Chambak Thma', 31310),
(3131008, 'Svay Reaks', 31310),
(3131101, 'Banteay Thmei', 31311),
(3131102, 'Ta Kret', 31311),
(3131103, 'Kandaol Kaong', 31311),
(3131104, 'Ruessei', 31311),
(3131105, 'Svay Prey', 31311),
(3131106, 'Samraong', 31311),
(3131107, 'Soudei', 31311),
(3131108, 'Thmei', 31311),
(3131109, 'Veal', 31311),
(3131110, 'Smer', 31311),
(3131111, 'Prey Khchay', 31311),
(3131201, 'Srangae Cheung', 31312),
(3131202, 'Srangae Tboung', 31312),
(3131203, 'Senson Tboung', 31312),
(3131204, 'Senson Cheung', 31312),
(3131205, 'Ta Sar', 31312),
(3131206, 'Ta Koch', 31312),
(3131207, 'Trapeang Thum', 31312),
(3131208, 'Trapeang Rung', 31312),
(3131301, 'Trang', 31313),
(3131302, 'Andoung Ta Pech', 31313),
(3131303, 'Trapeang Boeng', 31313),
(3131304, 'Tuol Thma', 31313),
(3131305, 'Lech Voat', 31313),
(3131306, 'Andoung Phdau', 31313),
(3131307, 'Thma Pun Kandal', 31313),
(3131308, 'Andoung Ta Loeng', 31313),
(3131309, 'Ou Ta Thok', 31313),
(3131401, 'Tong Rong', 31314),
(3131402, 'Phteah Khpos', 31314),
(3131403, 'Thnong', 31314),
(3131404, 'Prasat', 31314),
(3131405, 'Samraong', 31314),
(3131406, 'Preah Srok', 31314),
(3131407, 'Kok Kandal', 31314),
(3131408, 'Tro Mukh Ti Muoy', 31314),
(3131409, 'Tro Mukh Ti Pir', 31314),
(3131410, 'Doung', 31314),
(3131501, 'Kaoh Svay', 31315),
(3131502, 'Pring Bei Daeum', 31315),
(3131503, 'Chachak', 31315),
(3131504, 'Prey Sralau', 31315),
(3131505, 'Puon Pramat', 31315),
(3131506, 'Kur', 31315),
(3131507, 'Sbaeng', 31315),
(3131508, 'Prey Sralanh', 31315),
(3131509, 'Trapeang Leak', 31315),
(3131510, 'Ou Da', 31315),
(3131511, 'Trapeang Reang', 31315),
(3131512, 'Tuol Ampil', 31315),
(3131513, 'Ta Lon', 31315),
(3131514, 'Kaoh Kaphem', 31315),
(3131515, 'Trapeang svay', 31315),
(3131516, 'Ang', 31315),
(3131517, 'Doung', 31315),
(3131518, 'Tonle Sa', 31315),
(3131519, 'Kakaoh', 31315),
(3131520, 'Ou Doun Nhea', 31315),
(3131521, 'Khvav', 31315),
(3131522, 'Dei Lou', 31315),
(3131523, 'Roluos', 31315),
(3131524, 'Trapeang Krasang', 31315),
(3140101, 'Sya Boeng Veaeng', 31401),
(3140102, 'Sya Ampil', 31401),
(3140103, 'Banteay', 31401),
(3140104, 'Kamphlak', 31401),
(3140201, 'Khnor Doung', 31402),
(3140202, 'Slaeng', 31402),
(3140203, 'Chi Bal', 31402),
(3140204, 'Tang Krang', 31402),
(3140205, 'Khyaong', 31402),
(3140301, 'Ang', 31403),
(3140302, 'Kngaok', 31403),
(3140303, 'Trea Sa', 31403),
(3140304, 'Khnar', 31403),
(3140305, 'Ampil', 31403),
(3140401, 'Kbal Kaoh', 31404),
(3140402, 'Kokir', 31404),
(3140403, 'Chong Kaoh', 31404),
(3140404, 'Krouch Saeuch', 31404),
(3140501, 'Veal', 31405),
(3140502, 'Moan Dab Leu', 31405),
(3140503, 'Moan Dab Kraom', 31405),
(3140504, 'Kaoh Kou', 31405),
(3140505, 'Chey', 31405),
(3140506, 'Samraong', 31405),
(3140507, 'Pok Paen', 31405),
(3140601, 'Ou Leav', 31406),
(3140602, 'Phteah Kandal Leu', 31406),
(3140603, 'Phteah Kandal Kraom', 31406),
(3140604, 'Chong Boeng Krau', 31406),
(3140701, 'Pram Yam', 31407),
(3140702, 'Kdei Thka', 31407),
(3140703, 'Cheung Doek', 31407),
(3140704, 'Chi Pray', 31407),
(3140801, 'Ta Kay', 31408),
(3140802, 'Ta Meun', 31408),
(3140803, 'Ta Mol', 31408),
(3140804, 'Chong Boeng Knong', 31408),
(3140805, 'Preaek Dambouk Kraom', 31408),
(3140806, 'Preaek Dambouk Leu', 31408),
(3140807, 'Svay Mou', 31408),
(3140808, 'Ampil', 31408),
(3140809, 'Phteah Veal', 31408),
(3140901, 'Roka Tvear', 31409),
(3140902, 'Preaek Pou Leu', 31409),
(3140903, 'Preaek Pou Kraom', 31409),
(3140904, 'Chras', 31409),
(3140905, 'Prathnal', 31409),
(3140906, 'Kouk Char', 31409),
(3140907, 'Santey', 31409),
(3140908, 'Thma Da', 31409),
(3140909, 'Turi Leu', 31409),
(3140910, 'Turi Kandal', 31409),
(3140911, 'Turi Kraom', 31409),
(3140912, 'Prey Tbeh', 31409),
(3141001, 'Kser', 31410),
(3141002, 'Ou Leng', 31410),
(3141003, 'Tnaot Ka', 31410),
(3141004, 'Tnaot Kha', 31410),
(3141005, 'Preaek Rumdeng Ka', 31410),
(3141006, 'Preaek Rumdeng Kha', 31410),
(3141007, 'Preaek Rumdeng Kho', 31410),
(3141008, 'Preaek Ouv Chrueng Ka', 31410),
(3141009, 'Preaek Ouv Chrueng Kha', 31410),
(3141010, 'Svay Ta Noan Ka', 31410),
(3141011, 'Svay Ta Noan Kha', 31410),
(3141012, 'Kampong Pnov', 31410),
(3141013, 'Ta Koch', 31410),
(3141014, 'Ta Ngak Thmei', 31410),
(3141101, 'Tnaot Kraom', 31411),
(3141102, 'Prey Totueng', 31411),
(3141103, 'Ruessei Srok', 31411),
(3141104, 'Tnaot Leu', 31411),
(3141201, 'Pou', 31412),
(3141202, 'Svay', 31412),
(3141203, 'Chi Pao', 31412),
(3141204, 'Tea Hea', 31412),
(3141205, 'Trea', 31412),
(3141206, 'Khvet', 31412),
(3141301, 'Svay Leu', 31413),
(3141302, 'Svay Kandal', 31413),
(3141303, 'Svay Tboung', 31413),
(3141304, 'Svay Kraom', 31413),
(3141401, 'Tong Tralach', 31414),
(3141402, 'Boeng Ting', 31414),
(3141403, 'Khtueng', 31414),
(3141404, 'Chonloat Dai', 31414),
(3150101, 'Areaks Tnaot', 31501),
(3150102, 'Lvea', 31501),
(3150103, 'Kilou Prampir', 31501),
(3150104, 'Kilou Dab', 31501),
(3150105, 'Baek Anlung', 31501),
(3150301, 'Santich Kaeut', 31503),
(3150302, 'Santich Lech', 31503),
(3150303, 'Santich Kandal', 31503),
(3150304, 'Hong Prama', 31503),
(3150305, 'Chrey Hay', 31503),
(3150306, 'Thmei', 31503),
(3150307, 'Srae Rumduol', 31503),
(3150308, 'Ta Riem', 31503),
(3150309, 'Sdau', 31503),
(3150310, 'Ou Pir', 31503),
(3150401, 'Ou Run', 31504),
(3150402, 'Anlong Samlei', 31504),
(3150403, 'Preaek Tok', 31504),
(3150404, 'Khpob Ta Nguon', 31504),
(3150405, 'Chheu Teu', 31504),
(3150406, 'Veal Bampong', 31504),
(3150501, 'Ou Leu', 31505),
(3150502, 'Kbal Ou', 31505),
(3150503, 'Bos Pou', 31505),
(3150504, 'Ou Beng', 31505),
(3150505, 'Trapeang Chhuk', 31505),
(3150601, 'Khtuoy Ti Muoy', 31506),
(3150602, 'Khtuoy Ti Pir', 31506),
(3150603, 'Khtuoy Ti Bei', 31506),
(3150604, 'Khtuoy Ti Buon', 31506),
(3150605, 'Ou Pralaoh', 31506),
(3150606, 'Ou Kab Moan', 31506),
(3150607, 'Ou Ruessei', 31506),
(3150608, 'Ou Ta Sek', 31506),
(3150609, 'Samraong', 31506),
(3150610, 'Pratong', 31506),
(3150611, 'Bet Thnu', 31506),
(3150612, 'Spong Sakha Thmei', 31506),
(3150613, 'Spong Sakha Chas', 31506),
(3150701, 'Peam Krau', 31507),
(3150702, 'Peam Knong', 31507),
(3150703, 'Dei Leu', 31507),
(3150704, 'Tuol Rokar', 31507),
(3150705, 'Dei Doh', 31507),
(3150706, 'Preaek Sangkae Kaeut', 31507),
(3150707, 'Preaek Sangkae Lech', 31507),
(3150708, 'Kaoh Kandal', 31507),
(3150709, 'Srae Sangkae', 31507),
(3150801, 'Preaek Sdei', 31508),
(3150802, 'Preah Andoung Ti Muoy', 31508),
(3150803, 'Preah Andoung Ti Pir', 31508),
(3150901, 'Preaek Bak', 31509),
(3150902, 'Preaek Kak', 31509),
(3150903, 'Preaek Roluos', 31509),
(3150904, 'Preaek Preah Angk', 31509),
(3151001, 'Andoung Pech', 31510),
(3151002, 'Meakh Muoy', 31510),
(3151003, 'Meakh Pir', 31510),
(3151004, 'Tnaot Ta Say', 31510),
(3151005, 'Boeng Kachout', 31510),
(3151006, 'Ou Pram Ti Pir', 31510),
(3151007, 'Tuol Pou', 31510),
(3151008, 'Preah', 31510),
(3151009, 'Phnum Montir', 31510),
(3151010, 'Preaek Barang', 31510),
(3151011, 'Boeng Daeng', 31510),
(3151012, 'Phnum Ampil', 31510),
(3151013, 'Boeng Ket Leu', 31510),
(3151014, 'Boeng Ket Kraom', 31510),
(3151015, 'Phum Haprammuoy', 31510),
(3151016, 'Chek Chvea', 31510),
(3151017, 'Ou Chak', 31510),
(3151018, 'Phum Kilou Bei', 31510),
(3151019, 'Phum Sampram', 31510),
(3151020, 'Phum Chetseb', 31510),
(3151021, 'Ou Pram Ti Muoy', 31510),
(3151022, 'Meakh Bei', 31510),
(3151023, 'Andoung Svay', 31510),
(3151201, 'Soupheas', 31512),
(3151202, 'Angkaol', 31512),
(3151203, 'Srab', 31512),
(3151204, 'Paprak', 31512),
(3151205, 'Sambour', 31512),
(3151206, 'Dei Kraham', 31512),
(3151207, 'Toap', 31512),
(3151301, 'Thum', 31513),
(3151302, 'Thmei', 31513),
(3151303, 'Ta Meung', 31513),
(3151304, 'Voat', 31513),
(3151305, 'Doun Tor', 31513),
(3151306, 'Sampieng Leu', 31513),
(3151307, 'Sampieng Kraom', 31513),
(3151401, 'Tuol Sambuor', 31514),
(3151402, 'Poun', 31514),
(3151403, 'Srae Ampov', 31514),
(3151404, 'Veal Preah', 31514);
