CREATE TABLE IF NOT EXISTS `op_communes` (
  `id` int(20) NOT NULL,
  `name` text,
  `district_id` int(20) DEFAULT NULL,
  PRIMARY KEY (`id`),
  KEY `FK_tcommune` (`district_id`)
) ENGINE=InnoDB DEFAULT CHARSET=utf8;

--
-- Dumping data for table `op_communes`
--

INSERT INTO `op_communes` (`id`, `name`, `district_id`) VALUES
(70101, 'Angk Phnum Touch', 701),
(70102, 'Ankor Chey', 701),
(70103, 'Champei', 701),
(70104, 'Dambouk Khpos', 701),
(70105, 'Dan Koum', 701),
(70106, 'Daeum Doung', 701),
(70107, 'Mroum', 701),
(70108, 'Phnum Kong', 701),
(70109, 'Praphnum', 701),
(70110, 'Samlanh', 701),
(70111, 'Tani', 701),
(70201, 'Banteay Meas Khang Kaeut', 702),
(70202, 'Banteay Meas Khang lech', 702),
(70203, 'Prey Tonle', 702),
(70204, 'Samraong Kraom', 702),
(70205, 'Samraong Leu', 702),
(70206, 'Sdach Kong Khang Cheung', 702),
(70207, 'Sdach Kong Khang lech', 702),
(70208, 'Sdach Kong Khang Tboung', 702),
(70209, 'Tnoat Chong Srang', 702),
(70210, 'Trapeang Sala Khang Kaeut', 702),
(70211, 'Trapeang Sala Khang Lech', 702),
(70212, 'Tuk Meas Khang Kaeut', 702),
(70213, 'Tuk Meas Khang Lech', 702),
(70214, 'Voat Angk Khang Cheung', 702),
(70215, 'Voat Angk Khang Tboung', 702),
(70301, 'Baniev', 703),
(70302, 'Takaen', 703),
(70303, 'Boeng Nimol', 703),
(70304, 'Chhuk', 703),
(70305, 'Doun Yay', 703),
(70306, 'Krang Sbov', 703),
(70307, 'Krang Snay', 703),
(70308, 'Lbaeuk', 703),
(70309, 'Trapeang Phleang', 703),
(70310, 'Mean Chey', 703),
(70311, 'Neareay', 703),
(70312, 'Satv Pong', 703),
(70313, 'Trapeang Bei', 703),
(70314, 'Tramaeng', 703),
(70315, 'Dechou Akphivoadth', 703),
(70401, 'Chres', 704),
(70402, 'Chumpu Voan', 704),
(70403, 'Snay Anhchit', 704),
(70404, 'Srae Chaeng', 704),
(70405, 'Srae Knong', 704),
(70406, 'Srae Samraong', 704),
(70407, 'Trapeang Reang', 704),
(70501, 'Damnak Sokram', 705),
(70502, 'Dang Tong', 705),
(70503, 'Khcheay Khang Cheung', 705),
(70504, 'Khcheay Khang Tboung', 705),
(70505, 'Mean Ritth', 705),
(70506, 'Srae Chea Khang Cheung', 705),
(70507, 'Srae Chea Khang Tboung', 705),
(70508, 'Totung', 705),
(70509, 'Angk  Romeas', 705),
(70510, 'Lang', 705),
(70601, 'Boeng Sala Khang Cheung', 706),
(70602, 'Boeng Sala Khang Tboung', 706),
(70603, 'Damnak Kantuot Khang Cheung', 706),
(70604, 'Damnak Kantuot Khang Tboung', 706),
(70605, 'Kampong Trach Khang Kaeut', 706),
(70606, 'Kampong Trach Khang Lech', 706),
(70607, 'Prasat Phnom Khyang', 706),
(70608, 'Phnom Prasat', 706),
(70609, 'Ang Sophy', 706),
(70612, 'Preaek Kroes', 706),
(70613, 'Ruessei Srok Khang Kaeut', 706),
(70614, 'Ruessei Srok Khang Lech', 706),
(70615, 'Svay Tong Khang Cheung', 706),
(70616, 'Svay Tong Khang Tboung', 706),
(70701, 'Boeng Tuk', 707),
(70702, 'Chum Kriel', 707),
(70703, 'Kampong Kraeng', 707),
(70704, 'Kampong Samraong', 707),
(70705, 'Kandaol', 707),
(70707, 'Kaoh Touch', 707),
(70708, 'Koun Satv', 707),
(70709, 'Makprang', 707),
(70711, 'Preaek Tnoat', 707),
(70712, 'Prey Khmum', 707),
(70713, 'Prey Thnang', 707),
(70715, 'Stueng Kaev', 707),
(70716, 'Thmei', 707),
(70717, 'Trapeang Pring', 707),
(70718, 'Trapeang Sangkae', 707),
(70719, 'Trapeang Thum', 707),
(70801, 'Kampong Kandal', 708),
(70802, 'Krang Ampil', 708),
(70803, 'Kampong Bay', 708),
(70804, 'Andoung Khmer', 708),
(70805, 'Traeuy Kaoh', 708);

-- --------------------------------------------------------

--
-- Table structure for table `op_districts`
--

CREATE TABLE IF NOT EXISTS `op_districts` (
  `id` int(20) NOT NULL,
  `name` text,
  `provinces_id` int(20) DEFAULT NULL,
  PRIMARY KEY (`id`),
  KEY `FK_tdistrict` (`provinces_id`)
) ENGINE=InnoDB DEFAULT CHARSET=utf8;

--
-- Dumping data for table `op_districts`
--

INSERT INTO `op_districts` (`id`, `name`, `provinces_id`) VALUES
(701, 'Angkor Chey', 7),
(702, 'Banteay Meas', 7),
(703, 'Chhuk', 7),
(704, 'Chum Kiri', 7),
(705, 'Dang Tong', 7),
(706, 'Kampong Trach', 7),
(707, 'Tuek Chhou', 7),
(708, 'Kampot', 7);

-- --------------------------------------------------------

--
-- Table structure for table `op_provinces`
--

CREATE TABLE IF NOT EXISTS `op_provinces` (
  `id` varchar(20) NOT NULL,
  `name` text,
  PRIMARY KEY (`id`)
) ENGINE=InnoDB DEFAULT CHARSET=utf8;

--
-- Dumping data for table `op_provinces`
--

INSERT INTO `op_provinces` (`id`, `name`) VALUES
('7', 'Kampot');

-- --------------------------------------------------------

--
-- Table structure for table `op_villages`
--

CREATE TABLE IF NOT EXISTS `op_villages` (
  `id` int(20) NOT NULL,
  `name` text NOT NULL,
  `commune_id` int(20) NOT NULL
) ENGINE=InnoDB DEFAULT CHARSET=latin1;

--
-- Dumping data for table `op_villages`
--

INSERT INTO `op_villages` (`id`, `name`, `commune_id`) VALUES
(7010101, 'Trapeang Kamphleanh', 70101),
(7010102, 'Trapeang Khyang', 70101),
(7010103, 'Trapeang Veaeng', 70101),
(7010104, 'Peaeng Thum', 70101),
(7010105, 'Prey Thum', 70101),
(7010201, 'Sameakki', 70102),
(7010202, 'Trapeang Srae', 70102),
(7010203, 'Angkor Chey Leu', 70102),
(7010204, 'Angkor Chey Kraom', 70102),
(7010205, 'Prey Chheu Teal', 70102),
(7010206, 'Angk Rumduol', 70102),
(7010301, 'Khvav', 70103),
(7010302, 'Krasang', 70103),
(7010303, 'Tonle Neam', 70103),
(7010304, 'Nang Sa Het', 70103),
(7010305, 'Champei', 70103),
(7010306, 'Srae Chea', 70103),
(7010307, 'Ang Chorti', 70103),
(7010308, 'Daeum Pou', 70103),
(7010401, 'Trapeang Trakiet', 70104),
(7010402, 'Sbov Andaet', 70104),
(7010403, 'Chak Chrum', 70104),
(7010404, 'Ta Kao', 70104),
(7010405, 'Dang Tong', 70104),
(7010406, 'Trapeang Tnaot', 70104),
(7010407, 'Robaoh Khtum', 70104),
(7010408, 'Dambouk Khpos', 70104),
(7010409, 'Trapeang Kamnab', 70104),
(7010410, 'Trapeang Run', 70104),
(7010411, 'Ou Mkak', 70104),
(7010501, 'Ponley', 70105),
(7010502, 'Dan Koum Khang Cheung', 70105),
(7010503, 'Dan Koum Khang Tboung', 70105),
(7010504, 'Angk Khcheay Khang Cheung', 70105),
(7010505, 'Angk Khcheay Khang Tboung', 70105),
(7010506, 'Prey Khcheay', 70105),
(7010601, 'Daeum Doung', 70106),
(7010602, 'Chrab', 70106),
(7010603, 'Ou Rumchek', 70106),
(7010604, 'Sa Dambang', 70106),
(7010701, 'Preah Aongkar', 70107),
(7010702, 'Mroum', 70107),
(7010703, 'Trapeang Phnael', 70107),
(7010704, 'Chheu Teal', 70107),
(7010705, 'Kok', 70107),
(7010706, 'Phnum Chhmar', 70107),
(7010801, 'Srae Roung', 70108),
(7010802, 'Skor Tung', 70108),
(7010803, 'Trapeang Chak', 70108),
(7010804, 'Prey Phkoam', 70108),
(7010805, 'Pou', 70108),
(7010806, 'Pech Changva', 70108),
(7010807, 'Prey Phdau', 70108),
(7010808, 'Phnum Trael', 70108),
(7010809, 'Trapeang Khva', 70108),
(7010810, 'Sangkae Bangvaer', 70108),
(7010901, 'Pra Phnum', 70109),
(7010902, 'Trapeang Thngan', 70109),
(7010903, 'Prey Chheu Teal', 70109),
(7010904, 'Prey Skor', 70109),
(7010905, 'Pong Tuek', 70109),
(7010906, 'Krang Thkov', 70109),
(7010907, 'Damnak Krasang', 70109),
(7010908, 'Ruessei Dom', 70109),
(7010909, 'Tuol Khpos', 70109),
(7011001, 'Kaksekar', 70110),
(7011002, 'Sdok', 70110),
(7011003, 'Kammeakkar', 70110),
(7011004, 'Trapeang Sla', 70110),
(7011005, 'Prasrae', 70110),
(7011006, 'Smaong', 70110),
(7011007, 'Trabiet', 70110),
(7011101, 'Trapeang Reang', 70111),
(7011102, 'Ta Pream', 70111),
(7011103, 'Kan Trong', 70111),
(7011104, 'Ta Kok', 70111),
(7011105, 'Ruessei', 70111),
(7011106, 'Trapeang Run', 70111),
(7011107, 'Pral', 70111),
(7020101, 'Pechonea', 70201),
(7020102, 'Krasang Kraom', 70201),
(7020103, 'Krasang Leu', 70201),
(7020104, 'Trapeang Poun', 70201),
(7020105, 'Prey Bantoam', 70201),
(7020106, 'Srae Thlok', 70201),
(7020107, 'Pou', 70201),
(7020108, 'Thnong', 70201),
(7020201, 'Lum Tumpung', 70202),
(7020202, 'Kandanh', 70202),
(7020203, 'Kansaom Ak', 70202),
(7020204, 'Tong Leang', 70202),
(7020205, 'Tbal Ken', 70202),
(7020206, 'Prey Leu', 70202),
(7020207, 'Hong Suy', 70202),
(7020208, 'Banteay Meas', 70202),
(7020209, 'Krang Banteay', 70202),
(7020301, 'Prey Tonle', 70203),
(7020302, 'Tuol Krasang', 70203),
(7020303, 'Preaek Ruessei', 70203),
(7020304, 'Samraong Chen', 70203),
(7020305, 'Meun Dam', 70203),
(7020401, 'Trapeang Montrei', 70204),
(7020402, 'Ta Iek', 70204),
(7020403, 'Saen Ponlung', 70204),
(7020404, 'Samraong', 70204),
(7020405, 'Ta Ten', 70204),
(7020406, 'Krang Doung', 70204),
(7020501, 'Bariveas', 70205),
(7020502, 'Damnak Chambak', 70205),
(7020503, 'Damnak Trayueng', 70205),
(7020504, 'Tram Sasar', 70205),
(7020505, 'Praphong', 70205),
(7020601, 'Chrung Sralau', 70206),
(7020602, 'Kanlang', 70206),
(7020603, 'Traeng', 70206),
(7020604, 'Pong Tuek', 70206),
(7020701, 'Prey Po Prich', 70207),
(7020702, 'Rumpeun', 70207),
(7020703, 'Chamlang Chrey', 70207),
(7020704, 'Chheu Teal', 70207),
(7020705, 'Daeum Chamriek', 70207),
(7020801, 'Sangkae Duoch', 70208),
(7020802, 'Ruessei Chuor', 70208),
(7020803, 'Phnum Touch', 70208),
(7020804, 'Sdach Kong', 70208),
(7020901, 'Ta Lang', 70209),
(7020902, 'Kouk Veaeng', 70209),
(7020903, 'Tnaot', 70209),
(7020904, 'Doun Teav', 70209),
(7020905, 'Ruessei Chum', 70209),
(7020906, 'Khnay', 70209),
(7020907, 'Souriya', 70209),
(7020908, 'Angkunh', 70209),
(7021001, 'Toap Sdach', 70210),
(7021002, 'Ta Ngeut', 70210),
(7021003, 'Poun', 70210),
(7021004, 'Lieb', 70210),
(7021005, 'Khyaeum', 70210),
(7021101, 'Trapeang Kdol', 70211),
(7021102, 'Keatha Vong Kraom', 70211),
(7021103, 'Keatha Vong Leu', 70211),
(7021104, 'Sampoar', 70211),
(7021105, 'Prey Sralau', 70211),
(7021201, 'Trapeang Pring', 70212),
(7021202, 'Srae Kan Chen', 70212),
(7021203, 'Chrak Sdau', 70212),
(7021204, 'Srae Kan Khang Kaeut', 70212),
(7021205, 'Srae Kan Khang Lech', 70212),
(7021206, 'Angk Mli', 70212),
(7021301, 'Tuk Meas', 70213),
(7021302, 'Kaoh Tonsae', 70213),
(7021303, 'Chrak Khley', 70213),
(7021304, 'Chamlang Chrey', 70213),
(7021305, 'Prey Thum', 70213),
(7021306, 'Prey Chek', 70213),
(7021307, 'Prey Krala Khang Kaeut', 70213),
(7021308, 'Prey Krala Khang Lech', 70213),
(7021401, 'Srae Traeng', 70214),
(7021402, 'Tnaot Roleung', 70214),
(7021403, 'Ponhea Angkor', 70214),
(7021404, 'Svay Phaem', 70214),
(7021405, 'Sou Peng', 70214),
(7021501, 'Kandal', 70215),
(7021502, 'Khnach', 70215),
(7021503, 'Theay', 70215),
(7021504, 'Totuem', 70215),
(7021505, 'Srae Prey', 70215),
(7030101, 'Ta Lang', 70301),
(7030102, 'Prey Chheu Nieng', 70301),
(7030103, 'Ta Mom', 70301),
(7030104, 'Prey Phchum', 70301),
(7030105, 'Trapeang Ta Sek', 70301),
(7030201, 'Chamkar Morn', 70302),
(7030203, 'Veal Krasang', 70302),
(7030204, 'Chey Ta Svay', 70302),
(7030205, 'Damnak Trayueng', 70302),
(7030206, 'Trapeang Bei', 70302),
(7030207, 'Sraka Neak', 70302),
(7030208, 'Khpob', 70302),
(7030209, 'Chey Sena', 70302),
(7030210, 'Trapeang Kdei', 70302),
(7030211, 'Trapeang Run', 70302),
(7030212, 'Phnum Preal', 70302),
(7030213, 'Monou Sokh', 70302),
(7030301, 'Srangae', 70303),
(7030302, 'Prech', 70303),
(7030303, 'Pou Doh', 70303),
(7030304, 'Boeng', 70303),
(7030401, 'Krasang', 70304),
(7030402, 'Chheu Teal', 70304),
(7030403, 'Trapeang Chrey', 70304),
(7030404, 'Krahung', 70304),
(7030501, 'Prey Khmum', 70305),
(7030502, 'Krasang Mean Chey', 70305),
(7030503, 'Trapeang Kakaoh', 70305),
(7030504, 'Kandal', 70305),
(7030505, 'Doun Yay', 70305),
(7030601, 'Choar Dom', 70306),
(7030602, 'Trapeang Leuk', 70306),
(7030603, 'Krang Mdeng', 70306),
(7030604, 'Krang Sbov', 70306),
(7030605, 'Mon', 70306),
(7030701, 'Touch', 70307),
(7030702, 'Ta Noan', 70307),
(7030703, 'Damnak Toap Khang Cheung', 70307),
(7030704, 'Damnak Toap Khang Tboung', 70307),
(7030705, 'Lve', 70307),
(7030706, 'Krang Roluos', 70307),
(7030801, 'Srae Chrov', 70308),
(7030802, 'Tuol', 70308),
(7030803, 'Trapeang Kuy', 70308),
(7030804, 'Trapeang Thma', 70308),
(7030805, 'Trapeang Kokir', 70308),
(7030901, 'Kaoh Sla', 70309),
(7030902, 'Dom Phdau', 70309),
(7030903, 'Prey Peay', 70309),
(7030904, 'Tuol Doun Tei', 70309),
(7030905, 'Srae Leav', 70309),
(7030906, 'Trapeang Sdau', 70309),
(7031001, 'Angk Svay', 70310),
(7031002, 'Ta Prum', 70310),
(7031003, 'Tul', 70310),
(7031004, 'Prey Trang', 70310),
(7031005, 'Veal Tbal', 70310),
(7031101, 'Neareay', 70311),
(7031102, 'Pos Pong', 70311),
(7031103, 'Prey Sbov', 70311),
(7031104, 'Khnach Romeas', 70311),
(7031201, 'Satv Pong', 70312),
(7031202, 'Prey Baen', 70312),
(7031203, 'Trapeang Andoung', 70312),
(7031204, 'Chrey', 70312),
(7031301, 'Damnak Chhnuol', 70313),
(7031302, 'Trapeang Lbaeuk', 70313),
(7031303, 'Trapeang Bei', 70313),
(7031304, 'Kaoh Ruessei', 70313),
(7031401, 'Chheu Teal Chrum', 70314),
(7031402, 'Tramaeng', 70314),
(7031403, 'Pramoul', 70314),
(7031404, 'Ang Khley', 70314),
(7031405, 'Trapeang Boeng', 70314),
(7031501, 'Te Chour Apiwat', 70315),
(7031502, 'Te Chour Kbal Damrey', 70315),
(7031503, 'Te Chour Angkanh', 70315),
(7031504, 'Te Chour Pongrok', 70315),
(7031505, 'Te Chour Chreybak', 70315),
(7031506, 'Te Chour Anlong Kmeng Leng', 70315),
(7040101, 'Ta Teaen', 70401),
(7040102, 'Trapeang Chheu Teal', 70401),
(7040103, 'Thmea', 70401),
(7040104, 'Chres', 70401),
(7040201, 'Khley', 70402),
(7040202, 'Monou Nob', 70402),
(7040203, 'Kandal', 70402),
(7040204, 'Chheu Teal', 70402),
(7040205, 'Chek', 70402),
(7040206, 'Damrei Koun', 70402),
(7040207, 'Thmei', 70402),
(7040301, 'Snay Anhchit', 70403),
(7040302, 'Doun Ov', 70403),
(7040303, 'Ta Phol', 70403),
(7040304, 'Prey Khcheay', 70403),
(7040305, 'Damnak Chheu Kram', 70403),
(7040401, 'Kamnab', 70404),
(7040402, 'Khpob Run', 70404),
(7040403, 'Prey Khley', 70404),
(7040404, 'Pong Tuek', 70404),
(7040405, 'Srae Chaeng', 70404),
(7040501, 'Doung', 70405),
(7040502, 'Prey Veaeng', 70405),
(7040503, 'Prey Khmau', 70405),
(7040504, 'Prey Yav', 70405),
(7040505, 'Damnak Chhnuol', 70405),
(7040506, 'Tbaeng Pok', 70405),
(7040601, 'Thlok Yul', 70406),
(7040602, 'Srae Samraong', 70406),
(7040603, 'Trapeang Prei', 70406),
(7040604, 'Roka Thmei', 70406),
(7040605, 'Pou', 70406),
(7040701, 'Trapeang Veaeng', 70407),
(7040702, 'Rovieng', 70407),
(7040703, 'Ta Reach', 70407),
(7040704, 'Trapeang Skon', 70407),
(7040705, 'Ou', 70407),
(7050101, 'Trapeang Ta Meas', 70501),
(7050102, 'Angk Ropeak', 70501),
(7050103, 'Khcheay Khang Lech', 70501),
(7050104, 'Trapeang Ruessei', 70501),
(7050105, 'Krang Ampov', 70501),
(7050201, 'Thum Thmei', 70502),
(7050202, 'Chrak Kaes', 70502),
(7050203, 'Trapeang Mnoas', 70502),
(7050204, 'Khcheay Khang Cheung', 70502),
(7050205, 'Trapeang Veaeng Khang Kaeut', 70502),
(7050206, 'Trapeang Veaeng Khang Lech', 70502),
(7050207, 'Srov Leu', 70502),
(7050208, 'Khcheay Khang Tboung', 70502),
(7050209, 'Prey Pok', 70502),
(7050210, 'Prey Kokir', 70502),
(7050211, 'Srov Kraom', 70502),
(7050301, 'Prey Khmum', 70503),
(7050302, 'Prey Samnang Leu', 70503),
(7050303, 'Prey Samnang Kraom', 70503),
(7050304, 'Kamraeng Krasang', 70503),
(7050305, 'Damnak', 70503),
(7050401, 'Damnak Trayueng', 70504),
(7050402, 'Chhlit Kraom', 70504),
(7050403, 'Chhlit Leu', 70504),
(7050404, 'Trapeang Andoung', 70504),
(7050501, 'Prey Krang Khang Cheung', 70505),
(7050502, 'Prey Krang Khang Tboung', 70505),
(7050503, 'Krang Leav', 70505),
(7050504, 'Trapeang Chhuk', 70505),
(7050601, 'Sophi', 70506),
(7050602, 'Prei Pir', 70506),
(7050603, 'Prean Tum', 70506),
(7050604, 'Trapeang Chranieng', 70506),
(7050701, 'Trapeang Kdar', 70507),
(7050702, 'Khpos', 70507),
(7050703, 'Ou Ruessei', 70507),
(7050801, 'Phnum Touch', 70508),
(7050802, 'Tuol Khpos', 70508),
(7050803, 'Changkieng Khang Kaeut', 70508),
(7050804, 'Changkieng Khang Lech', 70508),
(7050805, 'Sdok Thlok', 70508),
(7050806, 'Damrei Leng', 70508),
(7050807, 'Trapeang Niel', 70508),
(7050808, 'Ou Kandal', 70508),
(7050809, 'Khcheay Khang Kaeut', 70508),
(7050901, 'Trapeang Reang', 70509),
(7050902, 'Antong Baek', 70509),
(7050903, 'Snaor Touch', 70509),
(7050904, 'Ponley', 70509),
(7050905, 'Bar Knong', 70509),
(7051001, 'Trapeang Seh', 70510),
(7051002, 'Baeun', 70510),
(7051003, 'Damnak Ampil', 70510),
(7051004, 'Lang', 70510),
(7060101, 'Kaoh Tromung', 70601),
(7060102, 'Das Skor', 70601),
(7060103, 'Kaoh Makprang', 70601),
(7060104, 'Prey Tob', 70601),
(7060201, 'Kaoh Chamkar', 70602),
(7060202, 'Chres', 70602),
(7060203, 'Svay Phaem', 70602),
(7060301, 'Ou Slaeng', 70603),
(7060302, 'Prey Kes', 70603),
(7060303, 'Ou Popul', 70603),
(7060304, 'Phnum Damrei', 70603),
(7060401, 'Damnak Kantuot', 70604),
(7060402, 'Ou Roluos', 70604),
(7060403, 'Angkor Chey Ti  Muoy', 70604),
(7060404, 'Angkor Chey  Ti  Pir', 70604),
(7060405, 'Trapeang Chrey', 70604),
(7060501, 'Kampong Trach Ti  Muoy', 70605),
(7060502, 'Kaoh Khlout', 70605),
(7060503, 'Kaoh Ta Chan', 70605),
(7060504, 'Robang Kras', 70605),
(7060601, 'Kandal Tuol', 70606),
(7060602, 'Angkrong', 70606),
(7060603, 'Phnum Salei', 70606),
(7060604, 'Daeum Char', 70606),
(7060605, 'Kaoh Phdau', 70606),
(7060606, 'Ou Chranieng', 70606),
(7060607, 'Kampong Trach Ti  Pir', 70606),
(7060701, 'Prey Koek', 70607),
(7060702, 'Phnum Khyang', 70607),
(7060703, 'Chruoh Ta Saom', 70607),
(7060801, 'Chranieng Te', 70608),
(7060802, 'Bang Bat', 70608),
(7060803, 'Phnom Prasat', 70608),
(7060804, 'Khleang', 70608),
(7060805, 'Damnak Kralanh', 70608),
(7060806, 'Spean Thom', 70608),
(7060807, 'Chong Suong', 70608),
(7060901, 'Daeum Pou', 70609),
(7060902, 'Ang Sophy', 70609),
(7060903, 'Prey Totueng', 70609),
(7060904, 'Snam Kur', 70609),
(7060905, 'Boeng Thum Khang Lech', 70609),
(7060906, 'Boeng Thum Khang Kaeut', 70609),
(7061201, 'Preaek Kroes', 70612),
(7061202, 'Prey Pruos', 70612),
(7061203, 'Leak Chea', 70612),
(7061204, 'Daeum Snay', 70612),
(7061205, 'Kaoh Ta Kov', 70612),
(7061206, 'Preah Trohueng', 70612),
(7061207, 'Kaoh Tnaot', 70612),
(7061301, 'Ruessei Srok', 70613),
(7061302, 'Kaoh Snouk', 70613),
(7061303, 'Thnong', 70613),
(7061304, 'Anlong Thngan', 70613),
(7061401, 'Thkov', 70614),
(7061402, 'Lok', 70614),
(7061403, 'Kaoh Kruesna', 70614),
(7061404, 'Trapeang Niel', 70614),
(7061405, 'Damnak Trabaek', 70614),
(7061406, 'Kampul Meas', 70614),
(7061501, 'Doung', 70615),
(7061502, 'Chheu Teal Roam', 70615),
(7061503, 'Bay Tea', 70615),
(7061504, 'Phnum Kngab', 70615),
(7061601, 'Kaoh Trach', 70616),
(7061602, 'Kaoh Chhveang', 70616),
(7061603, 'Ta Khvay', 70616),
(7061604, 'Slab Ta Aon', 70616),
(7061605, 'Svay Tong', 70616),
(7070101, 'Roluos', 70701),
(7070102, 'Kaeb Thmei', 70701),
(7070103, 'Totueng Thngai', 70701),
(7070201, 'Trapeang Thum', 70702),
(7070202, 'Chum Kriel', 70702),
(7070203, 'Samraong', 70702),
(7070204, 'Kampong Kandal', 70702),
(7070302, 'Andoung Chi Meun', 70703),
(7070303, 'Prey Tnaot', 70703),
(7070304, 'Kampong Kraeng', 70703),
(7070305, 'Kampong Krong', 70703),
(7070306, 'Makprang', 70703),
(7070401, 'Trapeang Kanhchhaet', 70704),
(7070402, 'Kampong Samraong Khang Cheung', 70704),
(7070403, 'Kampong Samraong Khang Tboung', 70704),
(7070501, 'Phnum Touch', 70705),
(7070502, 'Anlong Kokir', 70705),
(7070503, 'Tuek Kraham', 70705),
(7070504, 'Mean Ritth', 70705),
(7070505, 'Damnak Trach', 70705),
(7070701, 'Kilou Dabpir', 70707),
(7070702, 'Preaek Chek', 70707),
(7070703, 'Kandal', 70707),
(7070704, 'Preaek Ampil', 70707),
(7070801, 'Bos Nhinh', 70708),
(7070802, 'Koun Satv', 70708),
(7070803, 'Kampong Nong', 70708),
(7070804, 'Kampong Tnaot', 70708),
(7070901, 'Snam Prampir', 70709),
(7070902, 'Bat Kbal Damrei', 70709),
(7070903, 'Moat Peam', 70709),
(7071101, 'Trapeang Ropov', 70711),
(7071102, 'Preaek Kraeng', 70711),
(7071103, 'Preaek Tnaot', 70711),
(7071104, 'Changhaon', 70711),
(7071201, 'Prey Tomh', 70712),
(7071202, 'Boeng Ta Raung', 70712),
(7071203, 'Prey Khmum', 70712),
(7071204, 'Voat Angk', 70712),
(7071301, 'Chakkrei Ting', 70713),
(7071302, 'Damnak Luong', 70713),
(7071303, 'Prey Thnang', 70713),
(7071304, 'Tvear Thmei', 70713),
(7071305, 'Chbar Ampov', 70713),
(7071501, 'Kampong Chen', 70715),
(7071502, 'Trapeang Kak', 70715),
(7071503, 'Doung', 70715),
(7071504, 'Mlich Kol', 70715),
(7071505, 'Anlong Makprang', 70715),
(7071601, 'Trasek Kaong', 70716),
(7071602, 'Trapeang Chrab', 70716),
(7071603, 'Thmei', 70716),
(7071604, 'Voat Pou', 70716),
(7071605, 'Doun Soy', 70716),
(7071606, 'Kou Chen Laeng', 70716),
(7071701, 'Trapeang Pring Khang Cheung', 70717),
(7071702, 'Trapeang Pring Khang Tboung', 70717),
(7071703, 'Bos Trabaek', 70717),
(7071704, 'Angk', 70717),
(7071801, 'Trapeang Sangkae', 70718),
(7071802, 'Kampong Kaes', 70718),
(7071803, 'Trapeang Thum', 70718),
(7071901, 'Trapeang Chrey', 70719),
(7071902, 'Krang', 70719),
(7071903, 'Trapeang Thum', 70719),
(7071904, 'Svay Thum', 70719),
(7080101, 'Sovann Sakor', 70801),
(7080102, 'Phum  Muoy Ousaphea', 70801),
(7080201, 'Krang', 70802),
(7080202, 'Svay Thum', 70802),
(7080301, 'Kampong Bay Khang Cheung', 70803),
(7080302, 'Kampong Bay Khang Tboung', 70803),
(7080401, 'Tvi Khang Cheung', 70804),
(7080402, 'Tvi Khang Tboung', 70804),
(7080403, 'Ou Touch', 70804),
(7080404, 'Andoung Khmer', 70804),
(7080405, 'Ta Doeb', 70804),
(7080501, 'Doun Kaot', 70805),
(7080502, 'Ta Angk', 70805),
(7080503, 'Boeng Ta Pream', 70805),
(7080504, 'Srae', 70805);
