-- phpMyAdmin SQL Dump
-- version 4.0.10deb1
-- http://www.phpmyadmin.net
--
-- Host: localhost
-- Generation Time: Feb 11, 2015 at 10:49 AM
-- Server version: 5.5.41-0ubuntu0.14.04.1
-- PHP Version: 5.5.9-1ubuntu4.5

SET SQL_MODE = "NO_AUTO_VALUE_ON_ZERO";
SET time_zone = "+00:00";


/*!40101 SET @OLD_CHARACTER_SET_CLIENT=@@CHARACTER_SET_CLIENT */;
/*!40101 SET @OLD_CHARACTER_SET_RESULTS=@@CHARACTER_SET_RESULTS */;
/*!40101 SET @OLD_COLLATION_CONNECTION=@@COLLATION_CONNECTION */;
/*!40101 SET NAMES utf8 */;

--
-- Database: `khetkrung`
--

-- --------------------------------------------------------

--
-- Table structure for table `op_communes`
--

CREATE TABLE IF NOT EXISTS `op_communes` (
  `id` int(20) NOT NULL,
  `name` text,
  `district_id` int(20) DEFAULT NULL,
  PRIMARY KEY (`id`),
  KEY `FK_tcommune` (`district_id`)
) ENGINE=InnoDB DEFAULT CHARSET=utf8;

--
-- Dumping data for table `op_communes`
--

INSERT INTO `op_communes` (`id`, `name`, `district_id`) VALUES
(50101, 'Basedth', 501),
(50102, 'Kat Phluk', 501),
(50103, 'Nitean', 501),
(50104, 'Pheakdei', 501),
(50105, 'Pheari Mean Chey', 501),
(50106, 'Phong', 501),
(50107, 'Pou Angkrang', 501),
(50108, 'Pou Chamraeun', 501),
(50109, 'Pou Mreal', 501),
(50110, 'Svay Chacheb', 501),
(50111, 'Tuol Ampil', 501),
(50112, 'Tuol Sala', 501),
(50113, 'Kak', 501),
(50114, 'Svay Rumpear', 501),
(50115, 'Preah Khae', 501),
(50201, 'Chbar Mon', 502),
(50202, 'Kandaol Dom', 502),
(50203, 'Rokar Thum', 502),
(50204, 'Sopoar Tep', 502),
(50205, 'Svay Kravan', 502),
(50301, 'Angk Popel', 503),
(50302, 'Chongruk', 503),
(50303, 'Moha Ruessei', 503),
(50304, 'Pechr Muni', 503),
(50305, 'Preah Nipean', 503),
(50306, 'Prey Nheat', 503),
(50307, 'Prey Vihear', 503),
(50308, 'Roka Kaoh', 503),
(50309, 'Sdok', 503),
(50310, 'Snam Krapeu', 503),
(50311, 'Srang', 503),
(50312, 'Tuek Lak', 503),
(50313, 'Veal', 503),
(50401, 'Haong Samnam', 504),
(50402, 'Reaksmei Sameakki', 504),
(50403, 'Trapeang Chour', 504),
(50404, 'Sangkae Satob', 504),
(50405, 'Ta Sal', 504),
(50501, 'Chan Saen', 505),
(50502, 'Cheung Roas', 505),
(50503, 'Chumpu Proeks', 505),
(50504, 'Khsem Khsant', 505),
(50505, 'Krang Chek', 505),
(50506, 'Mean Chey', 505),
(50507, 'Preah Srae', 505),
(50508, 'Prey Krasang', 505),
(50509, 'Trach Tong', 505),
(50510, 'Veal Pong', 505),
(50511, 'Veang Chas', 505),
(50512, 'Yutth Sameakki', 505),
(50513, 'Damnak Reang', 505),
(50514, 'Peang Lvea', 505),
(50515, 'Phnom Touch', 505),
(50601, 'Chambak', 506),
(50602, 'Choam Sangkae', 506),
(50603, 'Dambouk Rung', 506),
(50604, 'Kiri Voan', 506),
(50605, 'Krang Dei Vay', 506),
(50606, 'Moha Sang', 506),
(50607, 'Ou', 506),
(50608, 'Prey Rumduol', 506),
(50609, 'Prey Kmeng', 506),
(50610, 'Tang Samraong', 506),
(50611, 'Tang Sya', 506),
(50613, 'Traeng Trayueng', 506),
(50701, 'Roleang Chak', 507),
(50702, 'Kahaeng', 507),
(50703, 'Khtum Krang', 507),
(50704, 'Krang Ampil', 507),
(50705, 'Pneay', 507),
(50706, 'Roleang Kreul', 507),
(50707, 'Samrong Tong', 507),
(50708, 'Sambour', 507),
(50709, 'Saen Dei', 507),
(50710, 'Skuh', 507),
(50711, 'Tang Krouch', 507),
(50712, 'Thummoda Ar', 507),
(50713, 'Trapeang Kong', 507),
(50714, 'Tumpoar Meas', 507),
(50715, 'Voa Sar', 507),
(50801, 'Amleang', 508),
(50802, 'Monourom', 508),
(50804, 'Prambei Mum', 508),
(50805, 'Rung Roeang', 508),
(50806, 'Toap Mean', 508),
(50807, 'Veal Pon', 508),
(50808, 'Yea Angk', 508);

-- --------------------------------------------------------

--
-- Table structure for table `op_districts`
--

CREATE TABLE IF NOT EXISTS `op_districts` (
  `id` int(20) NOT NULL,
  `name` text,
  `provinces_id` int(20) DEFAULT NULL,
  PRIMARY KEY (`id`),
  KEY `FK_tdistrict` (`provinces_id`)
) ENGINE=InnoDB DEFAULT CHARSET=utf8;

--
-- Dumping data for table `op_districts`
--

INSERT INTO `op_districts` (`id`, `name`, `provinces_id`) VALUES
(501, 'Basedth', 5),
(502, 'Chbar Mon', 5),
(503, 'Kong Pisei', 5),
(504, 'Aoral', 5),
(505, 'Odongk', 5),
(506, 'Phnum Sruoch', 5),
(507, 'Samraong Tong', 5),
(508, 'Thpong', 5);

-- --------------------------------------------------------

--
-- Table structure for table `op_provinces`
--

CREATE TABLE IF NOT EXISTS `op_provinces` (
  `id` varchar(20) NOT NULL,
  `name` text,
  PRIMARY KEY (`id`)
) ENGINE=InnoDB DEFAULT CHARSET=utf8;

--
-- Dumping data for table `op_provinces`
--

INSERT INTO `op_provinces` (`id`, `name`) VALUES
('5', 'Kampong Speu');

-- --------------------------------------------------------

--
-- Table structure for table `op_villages`
--

CREATE TABLE IF NOT EXISTS `op_villages` (
  `id` int(20) NOT NULL,
  `name` text NOT NULL,
  `commune_id` int(20) NOT NULL
) ENGINE=InnoDB DEFAULT CHARSET=latin1;

--
-- Dumping data for table `op_villages`
--

INSERT INTO `op_villages` (`id`, `name`, `commune_id`) VALUES
(5010101, 'Prey Chheu Teal', 50101),
(5010102, 'Prey Kouk Trab', 50101),
(5010103, 'Prey Khley', 50101),
(5010104, 'Trapeang Chhuk', 50101),
(5010105, 'Boeng Sdok', 50101),
(5010106, 'Boeng Sangkae', 50101),
(5010107, 'Srae Traok', 50101),
(5010108, 'Tmat Leng', 50101),
(5010109, 'Sampoar', 50101),
(5010110, 'Chamkar Tuol', 50101),
(5010111, 'Prey Rumduol  khang Kaeut', 50101),
(5010112, 'Prey Rumduol khang Tboung', 50101),
(5010113, 'Boeng Thnong', 50101),
(5010114, 'Prey Rumduol khang Lech', 50101),
(5010115, 'Prey Rumduol khang Cheung', 50101),
(5010116, 'Tuol Khcheay', 50101),
(5010117, 'Khpob Veaeng', 50101),
(5010118, 'Kanlang', 50101),
(5010119, 'Chas', 50101),
(5010120, 'Trapeang Phong', 50101),
(5010121, 'Kromhun', 50101),
(5010122, 'Ta Prach', 50101),
(5010201, 'Kraol Krasang', 50102),
(5010202, 'Roka Kaong', 50102),
(5010203, 'Prey Sampoar', 50102),
(5010204, 'Thlok Bei', 50102),
(5010205, 'Veal Lveang', 50102),
(5010206, 'Youl Toung', 50102),
(5010207, 'Roka Thum', 50102),
(5010208, 'Phnum Kob', 50102),
(5010209, 'Chambak', 50102),
(5010210, 'Ou', 50102),
(5010211, 'Trapeang Peuk', 50102),
(5010301, 'Dei Kraham', 50103),
(5010302, 'Trapeang Tuk', 50103),
(5010303, 'Tram Kang', 50103),
(5010304, 'Hangs', 50103),
(5010305, 'Trapeang Sdau', 50103),
(5010306, 'Trapeang Chhuk', 50103),
(5010307, 'Noreay', 50103),
(5010308, 'Trapeang Khyang', 50103),
(5010309, 'Trapeang Khnar', 50103),
(5010310, 'Trapeang Sala', 50103),
(5010311, 'Pou Tbaeng', 50103),
(5010312, 'Krasang Ta Kong', 50103),
(5010313, 'Trapeang Andoung', 50103),
(5010314, 'Trapeang Rumdenh', 50103),
(5010315, 'Serei Andaet', 50103),
(5010401, 'Chrak Preal', 50104),
(5010402, 'Prey Rumdael', 50104),
(5010403, 'Prey Khla', 50104),
(5010404, 'Chhuk Roadth', 50104),
(5010405, 'Kouk Kandal', 50104),
(5010406, 'Sahakkom Khang Kaeut', 50104),
(5010407, 'Sahakkom Khang Lech', 50104),
(5010408, 'Ou Ta Pung', 50104),
(5010409, 'Ta Nok', 50104),
(5010501, 'Preah Mlob', 50105),
(5010502, 'Thmei', 50105),
(5010503, 'Prey Kanhchan', 50105),
(5010504, 'Das Skor', 50105),
(5010505, 'Prey Ngoung', 50105),
(5010506, 'Piri', 50105),
(5010507, 'Ta Thomm', 50105),
(5010508, 'Trapeang Phlong', 50105),
(5010509, 'Prey Roung', 50105),
(5010510, 'Ta Saom Ak', 50105),
(5010511, 'Samraong Pong Tuek', 50105),
(5010512, 'Sach Trei', 50105),
(5010513, 'Tuek Thla', 50105),
(5010601, 'Boeng Ta Mom', 50106),
(5010602, 'Tuol', 50106),
(5010603, 'Thmei', 50106),
(5010604, 'Sambuor Meas', 50106),
(5010605, 'Kanlang Chum', 50106),
(5010606, 'Prey Mnou', 50106),
(5010607, 'Trapeang Tuek Chrov', 50106),
(5010608, 'Trapeang Veaeng', 50106),
(5010609, 'Chhuk Kieb', 50106),
(5010610, 'Trapeang Leab', 50106),
(5010611, 'Dambouk Khpos', 50106),
(5010612, 'Tuol Phngeas', 50106),
(5010613, 'Srae Roluos', 50106),
(5010701, 'Trapeang Prei', 50107),
(5010702, 'Sangkom Mean chey', 50107),
(5010703, 'Trapeang Chhuk', 50107),
(5010704, 'Kandaol', 50107),
(5010705, 'Pou Thum', 50107),
(5010706, 'Pou Kandal', 50107),
(5010707, 'Prey Edth', 50107),
(5010708, 'Chranieng Chas', 50107),
(5010709, 'Chranieng Thmei', 50107),
(5010710, 'Prey Khla', 50107),
(5010711, 'Trapeang Kak', 50107),
(5010712, 'Serei Chuob Chum', 50107),
(5010713, 'Trakuon', 50107),
(5010714, 'Trapeang Trokiet', 50107),
(5010715, 'Kranhung', 50107),
(5010716, 'Serei Phoat', 50107),
(5010717, 'Prey Sroul', 50107),
(5010718, 'Noreay', 50107),
(5010719, 'Prey Ta Phem', 50107),
(5010801, 'Khley Chas', 50108),
(5010802, 'Khley Thmei', 50108),
(5010803, 'Trapeang Samraong', 50108),
(5010804, 'Sakkarak', 50108),
(5010805, 'Phnum Touch', 50108),
(5010806, 'Angk Ta Am', 50108),
(5010807, 'Srae Kuy', 50108),
(5010808, 'Trapeang Trayueng', 50108),
(5010809, 'Leang Chey Thmei', 50108),
(5010810, 'Trapeang Tuntuem', 50108),
(5010811, 'Leang Chey Chas', 50108),
(5010812, 'Prey Tbaeng', 50108),
(5010813, 'Prey Khlong', 50108),
(5010814, 'Khpob Run', 50108),
(5010901, 'Angk Daek Kandal', 50109),
(5010902, 'Chambak Run Tboung', 50109),
(5010903, 'Srae Khnher', 50109),
(5010904, 'Chambak Run Cheung', 50109),
(5010905, 'Mreal Thum', 50109),
(5010906, 'Mreal Tnaot  Cheung', 50109),
(5010907, 'Mreal Tnaot  Tboung', 50109),
(5010908, 'Ou Char', 50109),
(5010909, 'Pou', 50109),
(5010910, 'Salam', 50109),
(5010911, 'Trapeang Khnar', 50109),
(5010912, 'Thmei', 50109),
(5010913, 'Chamraeun Phal', 50109),
(5010914, 'Ta Daeng Thmei', 50109),
(5010915, 'Ta Nuon', 50109),
(5010916, 'Ta Daeng Chas', 50109),
(5010917, 'Prey Tbaeng', 50109),
(5010918, 'Prey Khle', 50109),
(5011001, 'Sdok', 50110),
(5011002, 'Popul', 50110),
(5011003, 'Chacheb', 50110),
(5011004, 'Chek', 50110),
(5011005, 'Anlong Leak', 50110),
(5011006, 'Ruessei Yul', 50110),
(5011007, 'Andoung Lvea', 50110),
(5011008, 'Char', 50110),
(5011009, 'Trapeang Khtum', 50110),
(5011010, 'Trapeang Thlok', 50110),
(5011011, 'Khnach Kantuot', 50110),
(5011012, 'Chrey', 50110),
(5011013, 'Pongro', 50110),
(5011014, 'Troyueng Te', 50110),
(5011015, 'Sangkae Leak', 50110),
(5011101, 'Sangkream Bour', 50111),
(5011102, 'Roka Pok', 50111),
(5011103, 'Trapeang Chumrov', 50111),
(5011104, 'Trapeang Khyang', 50111),
(5011105, 'Prey Peay', 50111),
(5011106, 'Prey Khla', 50111),
(5011107, 'Angk Kdei', 50111),
(5011108, 'Trapeang Tonloab', 50111),
(5011109, 'Damnak Trach', 50111),
(5011110, 'Prey Sralaeng', 50111),
(5011111, 'Angk Rongeang', 50111),
(5011112, 'Mi Leav', 50111),
(5011113, 'Kae Sraeng', 50111),
(5011114, 'Phan', 50111),
(5011115, 'Ta Meun', 50111),
(5011201, 'Tuol Sala', 50112),
(5011202, 'Ta Am', 50112),
(5011203, 'Kaoh Chheu Teal', 50112),
(5011204, 'Svay Rumpea', 50112),
(5011205, 'Doun Penh', 50112),
(5011206, 'Rumluek', 50112),
(5011207, 'Prey Rongeang', 50112),
(5011208, 'Pring', 50112),
(5011209, 'Ta Tov', 50112),
(5011210, 'Ou', 50112),
(5011211, 'Thlok', 50112),
(5011212, 'Srae Khle', 50112),
(5011213, 'Tnaot', 50112),
(5011214, 'Changriek', 50112),
(5011215, 'Veal', 50112),
(5011216, 'Khla Chol', 50112),
(5011217, 'Trapeang Kak', 50112),
(5011301, 'Ta Reach', 50113),
(5011302, 'Toap Mreak', 50113),
(5011303, 'Krang Traok', 50113),
(5011304, 'Trapeang Teab', 50113),
(5011305, 'Trapeang Krasang', 50113),
(5011306, 'Prey Snuol', 50113),
(5011307, 'Ruessei Veal', 50113),
(5011308, 'Kbal Thnal', 50113),
(5011309, 'Trapeang Pring', 50113),
(5011310, 'Trapeang Chhuk', 50113),
(5011311, 'Khna', 50113),
(5011312, 'Cheung Phnum', 50113),
(5011313, 'Prech', 50113),
(5011314, 'Phchoek', 50113),
(5011401, 'Tram Sasar', 50114),
(5011402, 'Kbier', 50114),
(5011403, 'Phsar Slab; Leaeng', 50114),
(5011404, 'Ou Preal', 50114),
(5011405, 'Prey Dob', 50114),
(5011406, 'Slaeng', 50114),
(5011407, 'Trapeang Sya', 50114),
(5011408, 'Srae Pring', 50114),
(5011409, 'Thlok', 50114),
(5011410, 'Slab Leaeng', 50114),
(5011411, 'Kreul', 50114),
(5011412, 'Tuol', 50114),
(5011413, 'Khna Ta Nong', 50114),
(5011414, 'Kandieng', 50114),
(5011501, 'Tnaot Mdaeum', 50115),
(5011502, 'Prey Ba Krong', 50115),
(5011503, 'Boeng', 50115),
(5011504, 'Trapeang Veaeng', 50115),
(5011505, 'Khnang Phum', 50115),
(5011506, 'Thnal Dach', 50115),
(5011507, 'Thnal', 50115),
(5011508, 'Khlouk', 50115),
(5011509, 'Trapeang Prei', 50115),
(5020101, 'Ta Mol', 50201),
(5020102, 'Phkong', 50201),
(5020103, 'Trapeang Leuk', 50201),
(5020104, 'Pech Sangvar', 50201),
(5020105, 'Angk Prasat', 50201),
(5020106, 'Roluos', 50201),
(5020108, 'Borei Kammeakkar', 50201),
(5020109, 'Chamkar Doung', 50201),
(5020110, 'Sambuor', 50201),
(5020111, 'Phnum Dei', 50201),
(5020112, 'Prey Sloek', 50201),
(5020113, 'Sampov', 50201),
(5020114, 'Khtum Krang', 50201),
(5020201, 'Thmei', 50202),
(5020202, 'Kaoh Vien', 50202),
(5020203, 'Rumloung', 50202),
(5020204, 'Pongro', 50202),
(5020205, 'Phsar Sameakki', 50202),
(5020206, 'Nhor', 50202),
(5020207, 'Kandaol Dom', 50202),
(5020208, 'Trapeang Preah', 50202),
(5020209, 'Kab Tuk', 50202),
(5020210, 'Srae Thnal', 50202),
(5020301, 'Krang Pol Tep', 50203),
(5020302, 'Peanicheakkam', 50203),
(5020303, 'Borei Kammeakkar', 50203),
(5020304, 'Samnang', 50203),
(5020305, 'Mukh Khett', 50203),
(5020306, 'Snao Ti Muoy', 50203),
(5020307, 'Angk Serei', 50203),
(5020308, 'Thmei', 50203),
(5020309, 'Tuol Thnong', 50203),
(5020310, 'Khaob', 50203),
(5020311, 'Rokar Thum', 50203),
(5020312, 'Trapeang Leuk', 50203),
(5020401, 'Tang Tonle', 50204),
(5020402, 'Rumloung', 50204),
(5020403, 'Thlok Chheu Teal', 50204),
(5020404, 'Trach Chrum', 50204),
(5020405, 'Pael Hael', 50204),
(5020406, 'Krang Phka', 50204),
(5020407, 'Runloung Prakhleah', 50204),
(5020408, 'Prey Kanteach', 50204),
(5020409, 'Snao Ti Pir', 50204),
(5020410, 'Roleang Sangkae', 50204),
(5020501, 'Skuh', 50205),
(5020502, 'Dak Por', 50205),
(5020503, 'Svay Kravan', 50205),
(5020504, 'Tuol Kouk', 50205),
(5020505, 'Phsar Chas', 50205),
(5020506, 'Thnal Bambaek', 50205),
(5020507, 'Prey Kdei', 50205),
(5020508, 'Tras', 50205),
(5020509, 'Ampeae Phnum', 50205),
(5020510, 'Tras Sala', 50205),
(5020511, 'Kamnab', 50205),
(5030101, 'Lvea', 50301),
(5030102, 'Saok Maok', 50301),
(5030103, 'Krasang Phaem', 50301),
(5030104, 'Angk Popel', 50301),
(5030105, 'Samraong Chas', 50301),
(5030106, 'Sampov Lun', 50301),
(5030107, 'Thlok Yol', 50301),
(5030108, 'Kamnab', 50301),
(5030109, 'Tram Roneab', 50301),
(5030110, 'Angkrong', 50301),
(5030111, 'Tuol Sotin', 50301),
(5030112, 'Samraong Reaksmei', 50301),
(5030113, 'Svay Teab', 50301),
(5030201, 'Angk Krasang', 50302),
(5030202, 'Prey Ta Mean', 50302),
(5030203, 'Angk Sangkream', 50302),
(5030204, 'Thma Kdar', 50302),
(5030205, 'Bang Na', 50302),
(5030206, 'Angk Ta Lei', 50302),
(5030207, 'Kan Damra', 50302),
(5030208, 'Chrey', 50302),
(5030209, 'Thlok', 50302),
(5030210, 'Kayiev', 50302),
(5030211, 'Reang', 50302),
(5030212, 'Prey Sbov', 50302),
(5030213, 'Prey Ta Luem', 50302),
(5030214, 'Krang Lang', 50302),
(5030215, 'Angk Romeas', 50302),
(5030216, 'Sandol', 50302),
(5030217, 'Ta Mem', 50302),
(5030218, 'Chum Srok', 50302),
(5030219, 'Chongruk', 50302),
(5030220, 'Prey Roung', 50302),
(5030221, 'Boeng Toap Pyuh', 50302),
(5030222, 'Prey Kdei', 50302),
(5030223, 'Trapeang Roneah', 50302),
(5030224, 'Pong Tuek', 50302),
(5030225, 'Krabei Tram', 50302),
(5030301, 'Tuol Veasna', 50303),
(5030302, 'Angk Sokonthea', 50303),
(5030303, 'Ta Reach', 50303),
(5030304, 'Angk Sa Khnay', 50303),
(5030305, 'Snuol', 50303),
(5030306, 'Prey Khlouy', 50303),
(5030307, 'Kak Thum', 50303),
(5030308, 'Chheu Lum', 50303),
(5030309, 'Krang Sbov', 50303),
(5030310, 'Kbal Romeas', 50303),
(5030311, 'Krang Ruessei', 50303),
(5030312, 'Tuol Prich', 50303),
(5030313, 'Trapeang Teab', 50303),
(5030314, 'Krang Ta Lat', 50303),
(5030315, 'Prey Tumnob', 50303),
(5030316, 'Trapeang Chak', 50303),
(5030317, 'Trach Koh', 50303),
(5030318, 'Angk Roung', 50303),
(5030319, 'Samraong Khpos', 50303),
(5030320, 'Trapeang Ampil', 50303),
(5030321, 'Krang Chheu Neang', 50303),
(5030322, 'Angkor meas', 50303),
(5030401, 'Ponlueu Khae', 50304),
(5030402, 'Kanlaeng Romeas', 50304),
(5030403, 'Trapeang Snuol', 50304),
(5030404, 'Trapeang Thnal', 50304),
(5030405, 'Pechr Muni', 50304),
(5030406, 'Trapeang Roka', 50304),
(5030407, 'Thnal Bat', 50304),
(5030408, 'Tuol Pring', 50304),
(5030409, 'Tuol Mam', 50304),
(5030410, 'Kouk Dangkao', 50304),
(5030411, 'Kokruos', 50304),
(5030412, 'Chas', 50304),
(5030413, 'Phchoek Chrum', 50304),
(5030501, 'Dot Kambaor', 50305),
(5030502, 'Kanhchrab', 50305),
(5030503, 'Prey Khla', 50305),
(5030504, 'Kor', 50305),
(5030505, 'Kok', 50305),
(5030506, 'Damnak Mean chey', 50305),
(5030507, 'Chamkar Sbov', 50305),
(5030508, 'Chrab Tboung', 50305),
(5030509, 'Chrab Cheung', 50305),
(5030510, 'Prey Lvea', 50305),
(5030511, 'Trapeang Sla', 50305),
(5030512, 'Boeng Kak', 50305),
(5030513, 'Tuol Thnong', 50305),
(5030514, 'Sala Kruos', 50305),
(5030515, 'Sayav', 50305),
(5030516, 'Krang Trea', 50305),
(5030517, 'Liek', 50305),
(5030518, 'Pheansa', 50305),
(5030519, 'Prey Thkov', 50305),
(5030520, 'Krabau', 50305),
(5030521, 'Thlok Preal', 50305),
(5030522, 'Trapeang Chambak', 50305),
(5030523, 'Ruessei', 50305),
(5030524, 'Ta Aong', 50305),
(5030525, 'Dak Por', 50305),
(5030526, 'Prey Totueng', 50305),
(5030527, 'Prey Dang Tuek', 50305),
(5030601, 'Khlaeng Poar Tboung', 50306),
(5030602, 'Doung', 50306),
(5030603, 'Srae Char', 50306),
(5030604, 'Trapeang Kanthao', 50306),
(5030605, 'Dam Daek', 50306),
(5030606, 'Haong', 50306),
(5030607, 'Prey Nheat', 50306),
(5030608, 'Svay', 50306),
(5030609, 'Ta Ney', 50306),
(5030610, 'Svay Char', 50306),
(5030611, 'Bak Kar', 50306),
(5030612, 'Boeng Prasrae', 50306),
(5030613, 'Angk Samraong', 50306),
(5030614, 'Prey Chor', 50306),
(5030615, 'Tboung Angk', 50306),
(5030616, 'Prey Kuk', 50306),
(5030617, 'Chhuk Sa', 50306),
(5030618, 'Phlov Damrei', 50306),
(5030619, 'Khlaeng Poar Cheung', 50306),
(5030620, 'Pnov', 50306),
(5030621, 'Prey Rongieng', 50306),
(5030622, 'Trapeang Kralanh', 50306),
(5030623, 'Samdach Ov', 50306),
(5030624, 'Chas', 50306),
(5030625, 'Prey Teu', 50306),
(5030701, 'Trapeang Thnong', 50307),
(5030702, 'Damnak Pongro', 50307),
(5030703, 'Thmei', 50307),
(5030704, 'Angk Khcheay', 50307),
(5030705, 'Boeng Roneal', 50307),
(5030706, 'Trapeang Svay', 50307),
(5030707, 'Aekak Pheap', 50307),
(5030708, 'Damrei Slab', 50307),
(5030709, 'Prey Chheu Teal', 50307),
(5030710, 'Tuol Tbaeng', 50307),
(5030711, 'Prey Smach', 50307),
(5030712, 'Ta Phouk', 50307),
(5030713, 'Prey Kaes', 50307),
(5030714, 'Chamkar Doung', 50307),
(5030715, 'Prey Damnak', 50307),
(5030716, 'Boeng Changriek', 50307),
(5030717, 'Chrey Vear', 50307),
(5030718, 'Chek Sraton', 50307),
(5030719, 'Trapeang Chrey', 50307),
(5030801, 'Dei Kraham', 50308),
(5030802, 'Pring Tuek', 50308),
(5030803, 'Doun Iet', 50308),
(5030804, 'Prey Ta Ouk', 50308),
(5030805, 'Prey Pongro', 50308),
(5030806, 'Ta Roung', 50308),
(5030807, 'Ou Ta Pung', 50308),
(5030808, 'Srae Thlok', 50308),
(5030809, 'Prey Khvav', 50308),
(5030810, 'Dam Daek', 50308),
(5030811, 'Roka Kaoh', 50308),
(5030812, 'Chey Ta Kuon', 50308),
(5030901, 'Krang Khlong', 50309),
(5030902, 'Trapeang Leuk', 50309),
(5030903, 'Prey Changva', 50309),
(5030904, 'Sdok', 50309),
(5030905, 'Chek', 50309),
(5030906, 'Prey Char', 50309),
(5030907, 'Boeng Trav', 50309),
(5030908, 'Tram Kang', 50309),
(5030909, 'Prey Khvav', 50309),
(5030910, 'Pok Tang', 50309),
(5030911, 'Prey Anteav', 50309),
(5030912, 'Trapeang Kakaoh', 50309),
(5030913, 'Beng', 50309),
(5030914, 'Doung', 50309),
(5030915, 'Thmei', 50309),
(5030916, 'Boeng Poat', 50309),
(5030917, 'Trapeang Proluet', 50309),
(5030918, 'Trapeang Sras', 50309),
(5031001, 'Tram Khnar', 50310),
(5031002, 'Trapeang Da', 50310),
(5031003, 'Trapeang Stong', 50310),
(5031004, 'Trapeang Thlok', 50310),
(5031005, 'Snuol', 50310),
(5031006, 'Soukong', 50310),
(5031007, 'Samraong', 50310),
(5031008, 'Ruessei Srok', 50310),
(5031009, 'Krang Ponley', 50310),
(5031010, 'Krang Kandal', 50310),
(5031011, 'Angk Kantorch', 50310),
(5031012, 'Thma Sa', 50310),
(5031013, 'Prey Ta Muoch', 50310),
(5031014, 'Prey Nuk', 50310),
(5031015, 'Kak Krapeu', 50310),
(5031016, 'Krang Kruos', 50310),
(5031017, 'Ballangk Reachea', 50310),
(5031018, 'Prey Kambaor', 50310),
(5031019, 'Trapeang Veaeng', 50310),
(5031020, 'Andoung Chroh', 50310),
(5031021, 'Trapeang Mean', 50310),
(5031022, 'Traeuy Trak', 50310),
(5031023, 'Thlok Mean', 50310),
(5031024, 'Mkak', 50310),
(5031101, 'Ou Pongro', 50311),
(5031102, 'Andoung Prang', 50311),
(5031103, 'Ou Ta Vam', 50311),
(5031104, 'Roleang Tuek', 50311),
(5031105, 'Thlok Doun Sa', 50311),
(5031106, 'Trapeang Thma', 50311),
(5031107, 'Srang', 50311),
(5031108, 'Svay', 50311),
(5031109, 'Trabaek Tung', 50311),
(5031110, 'Krang Khnong', 50311),
(5031111, 'Angk Doun Tei', 50311),
(5031112, 'Sla', 50311),
(5031113, 'Svay Chrum', 50311),
(5031114, 'Veal', 50311),
(5031115, 'Trapeang Trach', 50311),
(5031116, 'Srae Moan', 50311),
(5031117, 'Pheaek', 50311),
(5031118, 'Pongro', 50311),
(5031201, 'Chres', 50312),
(5031202, 'Chambak Kaer', 50312),
(5031203, 'Sanlang', 50312),
(5031204, 'Angk Doun Pis', 50312),
(5031205, 'Pravuek Pong', 50312),
(5031206, 'Kbal Damrei', 50312),
(5031207, 'Boeng Ngoung', 50312),
(5031208, 'Prey Kantouch', 50312),
(5031209, 'Ta Ngov', 50312),
(5031210, 'Snuol Chrum', 50312),
(5031211, 'Kor', 50312),
(5031212, 'Trav', 50312),
(5031301, 'Tboung Phnum', 50313),
(5031302, 'Trav', 50313),
(5031303, 'Krasang Chi Meae', 50313),
(5031304, 'Prey Sdach', 50313),
(5031305, 'Prey Khlong', 50313),
(5031306, 'Prey Khmer', 50313),
(5031307, 'Prey Totueng Khang Lech', 50313),
(5031308, 'Trapeang Pou', 50313),
(5031309, 'Prey Totueng Khang Kaeut', 50313),
(5031310, 'Thma Bang', 50313),
(5031311, 'Ta Yang', 50313),
(5031312, 'Prey Chrey', 50313),
(5031313, 'Trapeang Veaeng', 50313),
(5031314, 'Tuol Lvea', 50313),
(5031315, 'Chheu Teal Chrum', 50313),
(5031316, 'Prey Sbat', 50313),
(5031317, 'Tuol Khpos', 50313),
(5031318, 'Tboung Boeng', 50313),
(5031319, 'Krang Teav', 50313),
(5031320, 'Lech Boeng', 50313),
(5031321, 'Prey Sbov', 50313),
(5031322, 'Cham', 50313),
(5040101, 'Tang Robang', 50401),
(5040102, 'Champei', 50401),
(5040103, 'Dei Chhnang', 50401),
(5040104, 'Krang Ta Va', 50401),
(5040105, 'Krang Kokir', 50401),
(5040106, 'Krang', 50401),
(5040107, 'Prey Totueng', 50401),
(5040108, 'Monourom', 50401),
(5040109, 'Tuol Thnong', 50401),
(5040201, 'Reaksmei', 50402),
(5040202, 'Sameakki', 50402),
(5040203, 'Prey Mean', 50402),
(5040204, 'Ou Phdau', 50402),
(5040205, 'Peam Ros', 50402),
(5040206, 'Prey Thum', 50402),
(5040207, 'Pos Vaek', 50402),
(5040208, 'Sangkae Chrum', 50402),
(5040301, 'Prey Phdau', 50403),
(5040302, 'Phlov Kou', 50403),
(5040303, 'Chrak Tiek', 50403),
(5040304, 'Peam Lvea', 50403),
(5040306, 'Lnguem', 50403),
(5040311, 'Trapeang Angkrong', 50403),
(5040312, 'Chheu Tealchhum', 50403),
(5040313, 'Ou Taong', 50403),
(5040314, 'Svay Teab', 50403),
(5040315, 'Kraviek', 50403),
(5040316, 'Samraong', 50403),
(5040317, 'Kbal Damrei', 50403),
(5040318, 'Cham Bok', 50403),
(5040319, 'Traing', 50403),
(5040320, 'Ta Nil', 50403),
(5040321, 'Koa Doun Tei', 50403),
(5040322, 'Putrea', 50403),
(5040323, 'Kraing Thnung', 50403),
(5040401, 'Chumnoab', 50404),
(5040402, 'Peam', 50404),
(5040403, 'Pring Kaong', 50404),
(5040404, 'Yang Pis', 50404),
(5040405, 'Tang Sroeng', 50404),
(5040406, 'Tuol Chheu Neang', 50404),
(5040407, 'Ta Minh', 50404),
(5040408, 'Kantuot', 50404),
(5040409, 'Ta Daes', 50404),
(5040410, 'Dambang Vinh', 50404),
(5040411, 'Kouk', 50404),
(5040412, 'Krang Pongro', 50404),
(5040413, 'Phsar Kantuot', 50404),
(5040414, 'Srae Vien', 50404),
(5040415, 'Trapeang Kong', 50404),
(5040501, 'Ta Sal', 50405),
(5040502, 'Anlong Sangkae', 50405),
(5040503, 'Kaoh Run', 50405),
(5040504, 'Knong Ay', 50405),
(5040505, 'Roung Masin', 50405),
(5040506, 'Trapeang Chhmea', 50405),
(5040507, 'Doung', 50405),
(5040508, 'Kampeh', 50405),
(5040509, 'Tang Bampong', 50405),
(5040510, 'Keh', 50405),
(5040511, 'Choam', 50405),
(5040512, 'Sorya', 50405),
(5040513, 'Kreal Pong', 50405),
(5040514, 'Doun Chun', 50405),
(5040515, 'Thmei', 50405),
(5040516, 'Romeang Sor', 50405),
(5040517, 'Ou Ancha', 50405),
(5050101, 'Krang Tumnob', 50501),
(5050102, 'Sdok Taol Thmei', 50501),
(5050103, 'Sdok Taol Chas', 50501),
(5050104, 'Thmei Tumloab', 50501),
(5050105, 'Tuol Vihear', 50501),
(5050106, 'Trapeang Ampil', 50501),
(5050107, 'Prey Toan', 50501),
(5050108, 'Anlong Chamnar', 50501),
(5050109, 'Chanteak Saen', 50501),
(5050110, 'Trapeang Antong', 50501),
(5050111, 'Tumnob Tuek', 50501),
(5050112, 'Trapeang Kou', 50501),
(5050113, 'Ampil Tuek', 50501),
(5050114, 'Sdok Ak', 50501),
(5050115, 'Pal Hal', 50501),
(5050201, 'Yos Chour', 50502),
(5050202, 'Ta Sal', 50502),
(5050203, 'Sarekar Kaev', 50502),
(5050204, 'Ta Yos', 50502),
(5050205, 'Phnum Totueng', 50502),
(5050206, 'Suos Ney', 50502),
(5050207, 'Banteay Khmer', 50502),
(5050208, 'Trapeang Rokar', 50502),
(5050209, 'Angk Serei', 50502),
(5050210, 'Phnum Bat', 50502),
(5050211, 'Chek', 50502),
(5050212, 'Sambuor', 50502),
(5050213, 'Angk Ta Pok', 50502),
(5050214, 'Srangae', 50502),
(5050215, 'Chres', 50502),
(5050216, 'Kamnab', 50502),
(5050301, 'Chumpu Proeks', 50503),
(5050302, 'Krang Ta Saom', 50503),
(5050303, 'Prey Ampil', 50503),
(5050304, 'Chrak Popul', 50503),
(5050305, 'Trach Khpos', 50503),
(5050306, 'Prey Ansae', 50503),
(5050307, 'Trapeang Leab', 50503),
(5050401, 'Ou Samrae', 50504),
(5050402, 'Dambouk Sa', 50504),
(5050403, 'Trapeang Kraloung', 50504),
(5050404, 'kandal', 50504),
(5050405, 'Trapeang Thma', 50504),
(5050406, 'Ta Ling', 50504),
(5050407, 'Prey Totueng', 50504),
(5050408, 'Trapeang Prei', 50504),
(5050409, 'Trapeang Kansaeng', 50504),
(5050410, 'Kakab', 50504),
(5050411, 'Ta Lak', 50504),
(5050412, 'Bat Doeng', 50504),
(5050413, 'Baek Khlouk', 50504),
(5050414, 'Damnak Trach', 50504),
(5050415, 'Sdok Lpov', 50504),
(5050416, 'Trapeang Krasang', 50504),
(5050417, 'Ta Lok', 50504),
(5050418, 'Trach Tong', 50504),
(5050419, 'Prey Ta Chey', 50504),
(5050501, 'Kouk Sandaek', 50505),
(5050502, 'Rumpoat Chruk', 50505),
(5050503, 'Tuol Baray', 50505),
(5050504, 'Angk', 50505),
(5050505, 'Ak Yum', 50505),
(5050506, 'Tnaot', 50505),
(5050507, 'Kbal Keay', 50505),
(5050508, 'Sambok Kriel', 50505),
(5050509, 'Trapeang Sangkae', 50505),
(5050510, 'Kruos', 50505),
(5050511, 'Tuol Sdau', 50505),
(5050512, 'Chbar Chroh', 50505),
(5050513, 'Trapeang Mean', 50505),
(5050514, 'Kaoh', 50505),
(5050515, 'Ta Ni', 50505),
(5050516, 'Krang Chek', 50505),
(5050517, 'Krang Chongruk', 50505),
(5050518, 'Kouk Roveay', 50505),
(5050519, 'Tuol Kaes', 50505),
(5050520, 'Trapeang Kak', 50505),
(5050521, 'Trapeang Kroem', 50505),
(5050522, 'Sdau Aem', 50505),
(5050523, 'Danlang', 50505),
(5050524, 'Ampil Phaem', 50505),
(5050601, 'Krang Sotin', 50506),
(5050602, 'Svay', 50506),
(5050603, 'Tuek Ruessei', 50506),
(5050604, 'Romeang Slab', 50506),
(5050605, 'Tumpung', 50506),
(5050606, 'Veal Tonsay', 50506),
(5050607, 'Prey Chongruk', 50506),
(5050608, 'Sdok', 50506),
(5050609, 'Sdok Sat', 50506),
(5050610, 'Kandal', 50506),
(5050611, 'Trapeang Chambak', 50506),
(5050612, 'Prey Smet', 50506),
(5050613, 'Tumnob Angk', 50506),
(5050614, 'Phleung Chheh', 50506),
(5050701, 'Angk Sandan', 50507),
(5050702, 'Pou Kaong', 50507),
(5050703, 'Ta Chiel', 50507),
(5050704, 'Chhuk Sa', 50507),
(5050705, 'Srae Chenda', 50507),
(5050706, 'Svay Pok', 50507),
(5050707, 'Trapeang Sangkae', 50507),
(5050708, 'Kbal ou', 50507),
(5050709, 'Ampil Rung', 50507),
(5050710, 'Damnak Pring', 50507),
(5050711, 'Tuol Pongro', 50507),
(5050712, 'Prey Phdiek', 50507),
(5050713, 'Rumlech', 50507),
(5050714, 'Tuol Ta Ra', 50507),
(5050715, 'Angkrong', 50507),
(5050716, 'Pravuek Pong', 50507),
(5050717, 'Trapeang Chhuk', 50507),
(5050718, 'Prakel', 50507),
(5050801, 'La Khtom Khpos', 50508),
(5050802, 'Tuol', 50508),
(5050803, 'Kong Lueng', 50508),
(5050804, 'Chrak', 50508),
(5050805, 'Trapeang Lean', 50508),
(5050806, 'Krang Slaeng', 50508),
(5050807, 'Prey Krasang', 50508),
(5050808, 'Kandak', 50508),
(5050809, 'Trapeang Bangruh', 50508),
(5050810, 'Prey Phdau', 50508),
(5050811, 'Krang Doung', 50508),
(5050812, 'Trapeang Chrov', 50508),
(5050813, 'Krang Krouch', 50508),
(5050814, 'Kouk Char', 50508),
(5050815, 'Svay Phluoh', 50508),
(5050901, 'Ta Dung', 50509),
(5050902, 'Ruessei Muoy Kum', 50509),
(5050903, 'Krang Trab', 50509),
(5050904, 'Trapeang Kdol', 50509),
(5050905, 'Boeng', 50509),
(5050906, 'Andoung Chroh', 50509),
(5050907, 'Trapeang Leuk', 50509),
(5050908, 'Trapeang Angkrong', 50509),
(5050909, 'Krasang Phaem', 50509),
(5050910, 'Srah Sdach', 50509),
(5050911, 'Khleang', 50509),
(5050912, 'Tuol Khlong', 50509),
(5050913, 'Ra', 50509),
(5050914, 'Boeng Va', 50509),
(5050915, 'Trapeang Khchau', 50509),
(5050916, 'Thmei', 50509),
(5050917, 'Trapeang Lpeak', 50509),
(5051002, 'Prey Chrab Lech', 50510),
(5051003, 'Prey Totueng', 50510),
(5051004, 'Phkor', 50510),
(5051005, 'Khnor Ampil', 50510),
(5051006, 'Trapeang Kaek', 50510),
(5051007, 'Thal', 50510),
(5051008, 'Khsach Puon', 50510),
(5051009, 'Khchas', 50510),
(5051010, 'Kralanh', 50510),
(5051011, 'Tuol', 50510),
(5051012, 'Thlea Chas', 50510),
(5051013, 'Souvongs Kraom', 50510),
(5051014, 'Krang Ponhea', 50510),
(5051015, 'Trapeang Pou', 50510),
(5051016, 'Trapeang Khtum', 50510),
(5051017, 'Damnak Smach', 50510),
(5051018, 'Chamkar Doung', 50510),
(5051019, 'Sdok Kraol', 50510),
(5051020, 'Veal Pong', 50510),
(5051021, 'Souvongs Leu', 50510),
(5051022, 'Snam Puk', 50510),
(5051023, 'Pou', 50510),
(5051024, 'Andoung Chambak', 50510),
(5051025, 'Voat Kdei', 50510),
(5051026, 'Boureirom', 50510),
(5051027, 'Sameakkipheap', 50510),
(5051001, 'Prey Chrab Kaeut', 50510),
(5051101, 'Oudong', 50511),
(5051102, 'OKarong', 50511),
(5051103, 'Chamkar Luong', 50511),
(5051104, 'Vihear Khpos', 50511),
(5051105, 'Khlang Pram', 50511),
(5051106, 'Knong Veang', 50511),
(5051107, 'Chen Dam Mlou', 50511),
(5051108, 'Srah Keo', 50511),
(5051109, 'Krang Ponley', 50511),
(5051110, 'Voat Pou', 50511),
(5051201, 'Prey Thum', 50512),
(5051202, 'Trach Kaong', 50512),
(5051203, 'Angkor Ban', 50512),
(5051204, 'Roung Kou', 50512),
(5051205, 'Prey Chum', 50512),
(5051206, 'Thommeak Tey', 50512),
(5051207, 'Trapeang Khna', 50512),
(5051208, 'Prey Tean', 50512),
(5051209, 'Trapeang Thum', 50512),
(5051210, 'Rung', 50512),
(5051211, 'Reang Te', 50512),
(5051212, 'Krang Kdei', 50512),
(5051213, 'Krang Chres', 50512),
(5051214, 'Trapeang Lpeak', 50512),
(5051215, 'Srah Thul', 50512),
(5051301, 'Krang Knor', 50513),
(5051302, 'Chumtob Moan', 50513),
(5051303, 'Chambak Ron', 50513),
(5051304, 'Sdok', 50513),
(5051305, 'Tuol Samnang', 50513),
(5051306, 'Trapeang Smach', 50513),
(5051307, 'Khsach Poun', 50513),
(5051308, 'Damnak Reang', 50513),
(5051309, 'Trapeang Veaeng', 50513),
(5051310, 'Angkrong', 50513),
(5051311, 'Pong Tuek', 50513),
(5051312, 'Tuol Sambour', 50513),
(5051313, 'Pou', 50513),
(5051314, 'Trapeang Run', 50513),
(5051315, 'Tumnob Bak', 50513),
(5051316, 'Pingpong', 50513),
(5051317, 'Doek Peang', 50513),
(5051318, 'Trapeang Phlong', 50513),
(5051401, 'Peang Lvea', 50514),
(5051402, 'Ayean', 50514),
(5051403, 'Kongrut', 50514),
(5051404, 'Srae Ou', 50514),
(5051405, 'Yea Phlang', 50514),
(5051406, 'Saram', 50514),
(5051407, 'Traok', 50514),
(5051408, 'Anlong Phe', 50514),
(5051409, 'Suor Sdei', 50514),
(5051410, 'Trapeang Rumchek', 50514),
(5051411, 'Khvet', 50514),
(5051412, 'Chvek', 50514),
(5051413, 'Trapeang Skon', 50514),
(5051414, 'Kandal', 50514),
(5051415, 'Trapeang Andoung', 50514),
(5051416, 'Trapeang Pou', 50514),
(5051417, 'Chen Thmei', 50514),
(5051418, 'Moat Ou', 50514),
(5051501, 'Krabei Prey', 50515),
(5051502, 'Roung Damrei', 50515),
(5051503, 'Sdok Slat', 50515),
(5051504, 'Cha Aok', 50515),
(5051505, 'Angk Ta Aek', 50515),
(5051506, 'Damnak Khla', 50515),
(5051507, 'Prey Kduoch', 50515),
(5051508, 'Krang Arei', 50515),
(5051509, 'Trapeang Touk', 50515),
(5051510, 'Ponnor', 50515),
(5051511, 'Trapeang Souphi', 50515),
(5051512, 'Trapeang Kampaoh', 50515),
(5051513, 'Prey Preal', 50515),
(5051514, 'Prey Rong', 50515),
(5051515, 'Trapeang Kraloeng', 50515),
(5051516, 'Prey Ta Trou', 50515),
(5051517, 'Trapeang Pou', 50515),
(5051518, 'Voat Phnom', 50515),
(5060101, 'Krang Chek', 50601),
(5060102, 'Beng', 50601),
(5060103, 'Thmei', 50601),
(5060104, 'Chambak Dangkum', 50601),
(5060201, 'Kbal Tuek Leu', 50602),
(5060202, 'Doung', 50602),
(5060203, 'Ta Ney', 50602),
(5060204, 'Prey Ruessei', 50602),
(5060205, 'Kbal Tuek Kraom', 50602),
(5060206, 'Thmei', 50602),
(5060207, 'Sala', 50602),
(5060301, 'Peam Khvav', 50603),
(5060302, 'Sambuor', 50603),
(5060303, 'Damnak Trach', 50603),
(5060304, 'Mean Chey', 50603),
(5060305, 'Dambouk Rung', 50603),
(5060306, 'Trapeang Khlong', 50603),
(5060401, 'Trapeang Kraloeng', 50604),
(5060402, 'Trapeang At Tuek', 50604),
(5060403, 'Krang Chres', 50604),
(5060404, 'Krang Prasrok', 50604),
(5060405, 'Krang Serei', 50604),
(5060406, 'Krang Khvav', 50604),
(5060407, 'Krang Ponley', 50604),
(5060408, 'Phsar Trapeang Kraloeng', 50604),
(5060409, 'Krang Sya', 50604),
(5060501, 'Banteay Rokar', 50605),
(5060502, 'Krasang Khpos', 50605),
(5060503, 'Trapeang Prei', 50605),
(5060504, 'Krang Kor', 50605),
(5060505, 'Krang Krouch', 50605),
(5060506, 'Dak Por', 50605),
(5060507, 'Prey Totueng', 50605),
(5060508, 'Doung', 50605),
(5060509, 'Prey Kahiech', 50605),
(5060601, 'Phok', 50606),
(5060602, 'Bantoab', 50606),
(5060603, 'Trapeang Aob', 50606),
(5060604, 'Krang Thnal', 50606),
(5060605, 'Anlong Thloeng', 50606),
(5060606, 'Krang Chachat', 50606),
(5060607, 'Kralanh', 50606),
(5060608, 'Krang Kdei', 50606),
(5060609, 'Krang Chreae', 50606),
(5060610, 'Ta Preah', 50606),
(5060611, 'Chrak Trach', 50606),
(5060612, 'Ta Menh', 50606),
(5060613, 'Trapeang Kralanh', 50606),
(5060614, 'Prey Sdok', 50606),
(5060615, 'Slaeng', 50606),
(5060616, 'Kandal', 50606),
(5060617, 'Sambuor', 50606),
(5060618, 'Tuol Serei', 50606),
(5060619, 'Tang Rongieng', 50606),
(5060620, 'Tuol Thmei', 50606),
(5060621, 'Prasat', 50606),
(5060622, 'Krang Doung', 50606),
(5060623, 'Tuol', 50606),
(5060624, 'Kbal Thnal', 50606),
(5060625, 'Sereivoan', 50606),
(5060626, 'Krang Lhong', 50606),
(5060701, 'Krang Ta Tan', 50607),
(5060702, 'Ampov', 50607),
(5060703, 'Koun Trom', 50607),
(5060704, 'Krang Pnov', 50607),
(5060705, 'Krang Chaot', 50607),
(5060706, 'Prey Totueng', 50607),
(5060707, 'Roluos', 50607),
(5060708, 'Rumduol Paetprambei', 50607),
(5060709, 'Ou Lvea', 50607),
(5060710, 'Svay Chrum', 50607),
(5060711, 'Prey Chres', 50607),
(5060712, 'Ta Lat Chas', 50607),
(5060713, 'Chek', 50607),
(5060714, 'Phsar Ta Lat', 50607),
(5060715, 'Krang Samrae', 50607),
(5060716, 'Ta Lat Thmei', 50607),
(5060717, 'Ta Va', 50607),
(5060718, 'Prey Sraong', 50607),
(5060719, 'Krang Pou', 50607),
(5060720, 'Komar Pet', 50607),
(5060721, 'Trapaeng Stock Kru', 50607),
(5060722, 'Krang Roluos', 50607),
(5060801, 'Chonlong Mlu', 50608),
(5060802, 'Kiri Reaksmei', 50608),
(5060803, 'Prum Taos', 50608),
(5060804, 'Rumduol Thmei', 50608),
(5060805, 'Kab Tuk', 50608),
(5060806, 'Ou Mukh Tuek', 50608),
(5060807, 'Prey Romiet', 50608),
(5060901, 'Prei', 50609),
(5060902, 'Sre Trapang', 50609),
(5060903, 'Kriel Buos', 50609),
(5060904, 'Dei Kraham', 50609),
(5060905, 'Prey Chheu Teal', 50609),
(5060906, 'Prey Kbong', 50609),
(5060907, 'Chey Thmei', 50609),
(5060908, 'Kandal', 50609),
(5061001, 'Krang Thum', 50610),
(5061002, 'Krang Boeng', 50610),
(5061003, 'Srae Chrov', 50610),
(5061004, 'Tang Samraong', 50610),
(5061005, 'Khnang Krang', 50610),
(5061006, 'Thmei', 50610),
(5061007, 'Sdok Chrey', 50610),
(5061008, 'Kandal', 50610),
(5061009, 'Ta Youv', 50610),
(5061101, 'Chheu Neang Khpos', 50611),
(5061102, 'Chrak Khla', 50611),
(5061103, 'Kandaol Kaong', 50611),
(5061104, 'Tang Sya', 50611),
(5061105, 'Kiri Reaksmei', 50611),
(5061106, 'Tang Sralau', 50611),
(5061107, 'Chreae', 50611),
(5061108, 'Krang Ta Kan', 50611),
(5061109, 'Krang Khcheay', 50611),
(5061110, 'Prum Rolok', 50611),
(5061111, 'Pongro', 50611),
(5061112, 'Sambuor', 50611),
(5061113, 'Dei Doh', 50611),
(5061114, 'Moat Say', 50611),
(5061115, 'Tnaot Preaek', 50611),
(5061116, 'Kaek Pong', 50611),
(5061117, 'Krang Slaeng', 50611),
(5061301, 'Ti Muoy', 50613),
(5061302, 'Ti Pir', 50613),
(5061303, 'Ti Bei', 50613),
(5061304, 'Ti Buon', 50613),
(5061305, 'Ti Pram', 50613),
(5061306, 'Ti Prammuoy', 50613),
(5070101, 'Ampil Phaem', 50701),
(5070102, 'Veal', 50701),
(5070103, 'Bak Thmenh', 50701),
(5070104, 'Pring', 50701),
(5070105, 'Leak Anlung', 50701),
(5070106, 'Ta Ker', 50701),
(5070107, 'Krang Spueu', 50701),
(5070108, 'Krang Thum', 50701),
(5070109, 'Srae Chaeng', 50701),
(5070110, 'Saukae', 50701),
(5070111, 'Thmei', 50701),
(5070112, 'Pou', 50701),
(5070113, 'Mohaleaph', 50701),
(5070114, 'Prey Kdei', 50701),
(5070115, 'Andoung Preng', 50701),
(5070116, 'Srae Kak', 50701),
(5070117, 'Trapeang Thma', 50701),
(5070118, 'Banla Set', 50701),
(5070119, 'Chrolong Thkov', 50701),
(5070201, 'Prey Kampoung', 50702),
(5070202, 'Prey Kdei', 50702),
(5070203, 'Trach', 50702),
(5070204, 'Trapeang Ang', 50702),
(5070205, 'Preah Khae', 50702),
(5070206, 'Trapeang Chrov', 50702),
(5070207, 'Voa Preng', 50702),
(5070208, 'Pongro Thum', 50702),
(5070209, 'Tumpung', 50702),
(5070210, 'Roleang Chrey', 50702),
(5070211, 'Kouk Rumlich', 50702),
(5070212, 'Kahaeng', 50702),
(5070213, 'Bos Ta Ney', 50702),
(5070214, 'Ou Veaeng', 50702),
(5070215, 'La', 50702),
(5070301, 'Srei Sampoung', 50703),
(5070302, 'Kbal Tralach', 50703),
(5070303, 'Pech Sangva', 50703),
(5070304, 'Sangkae Chrum', 50703),
(5070305, 'Khvan', 50703),
(5070306, 'Sab Nga', 50703),
(5070307, 'Sovann Kiri', 50703),
(5070308, 'Yos Chour', 50703),
(5070309, 'Chrak Ban Sokh', 50703),
(5070310, 'Kahon', 50703),
(5070311, 'Thlok Reang', 50703),
(5070312, 'Prey Norea', 50703),
(5070313, 'Ek Pheap', 50703),
(5070314, 'Ta Sal', 50703),
(5070401, 'Roluos', 50704),
(5070402, 'Thnal Bat', 50704),
(5070403, 'Ta Nong', 50704),
(5070404, 'Thlok Doun Sokh', 50704),
(5070405, 'Srae Phsa', 50704),
(5070406, 'Kdol', 50704),
(5070407, 'Prey Chheu Teal', 50704),
(5070408, 'Angvae', 50704),
(5070409, 'Chamkar Veal', 50704),
(5070410, 'Anlong Popeay', 50704),
(5070411, 'Trapeang Krasang', 50704),
(5070412, 'Ou Tumneab', 50704),
(5070413, 'Ou Sambuor', 50704),
(5070414, 'Trapeang Kak', 50704),
(5070415, 'Ta Neang', 50704),
(5070501, 'Tang Krasang', 50705),
(5070502, 'Bati', 50705),
(5070503, 'Trapeang Oul', 50705),
(5070504, 'Krang Snuol', 50705),
(5070505, 'Trapeang Ta Moan', 50705),
(5070506, 'Tang Ta Lat', 50705),
(5070507, 'Tnaot Chrum', 50705),
(5070508, 'Ou Leu', 50705),
(5070509, 'Ou Kraom', 50705),
(5070510, 'Trea', 50705),
(5070511, 'Damloung Khya', 50705),
(5070512, 'Prey Sambok', 50705),
(5070513, 'Pou', 50705),
(5070514, 'Krang Ta Roatn', 50705),
(5070515, 'Kouk Mean Chey', 50705),
(5070516, 'Angkor Chea', 50705),
(5070517, 'Beng', 50705),
(5070518, 'Sampov Ngo', 50705),
(5070519, 'Pneay', 50705),
(5070601, 'Roleang Kreul', 50706),
(5070602, 'Kandaol Phaeum', 50706),
(5070603, 'Kamnab', 50706),
(5070604, 'Chambak Phaem', 50706),
(5070605, 'Chamkar Bos', 50706),
(5070606, 'Sambuor', 50706),
(5070607, 'Trapeang Sab', 50706),
(5070608, 'Trapeang Khyang', 50706),
(5070609, 'Chheu Teal Kraom', 50706),
(5070610, 'Prey Sala', 50706),
(5070611, 'Angk Ta Non', 50706),
(5070612, 'Krang Svay', 50706),
(5070613, 'Daek Phleung', 50706),
(5070614, 'Chheu Teal Leu', 50706),
(5070615, 'Trapeang Ta Aek', 50706),
(5070616, 'Ruessei Srok', 50706),
(5070617, 'Roleang Chak', 50706),
(5070618, 'Angk Metrei', 50706),
(5070619, 'Sroul', 50706),
(5070620, 'Rumlich', 50706),
(5070621, 'Spean Tao', 50706),
(5070622, 'Trapeang Trav', 50706),
(5070623, 'Doun Tri Ti Muoy', 50706),
(5070624, 'Doun Tri Ti Pir', 50706),
(5070625, 'Trapeang Kakaoh', 50706),
(5070626, 'Roveang', 50706),
(5070701, 'Trapeang Léng', 50707),
(5070702, 'Tonle Kantil', 50707),
(5070703, 'Robang Chroh', 50707),
(5070704, 'Rorng Kou', 50707),
(5070705, 'Angkor Chea', 50707),
(5070706, 'Trapeang Tras', 50707),
(5070707, 'Angk Tonloab', 50707),
(5070708, 'Samrong Tong Kandal', 50707),
(5070709, 'Trapeang Chuon', 50707),
(5070710, 'Samrong Tong Kraom', 50707),
(5070711, 'Samrong Tong Leu', 50707),
(5070712, 'Trapeang Ta Lat', 50707),
(5070713, 'Changkran Daek', 50707),
(5070714, 'Sophy', 50707),
(5070715, 'Chong Boeng', 50707),
(5070716, 'Trapeang Prous', 50707),
(5070717, 'Keo Mony', 50707),
(5070718, 'Andoung', 50707),
(5070801, 'Angk Ta Loek', 50708),
(5070802, 'Krang Leav', 50708),
(5070803, 'Sdok Pring', 50708),
(5070804, 'Thma Koul', 50708),
(5070805, 'Kab Chen', 50708),
(5070806, 'Trapeang Ruessei', 50708),
(5070807, 'Ta Por', 50708),
(5070808, 'Ampil Tuek', 50708),
(5070809, 'Angk Khmau', 50708),
(5070810, 'Prey Ta Chab', 50708),
(5070811, 'Trapeang Veaeng Ti Muoy', 50708),
(5070812, 'Trapeang Veaeng Ti Pir', 50708),
(5070813, 'Kor', 50708),
(5070814, 'Bangkaeuy', 50708),
(5070815, 'Trapeang Noan', 50708),
(5070816, 'Prey Pongro', 50708),
(5070817, 'La Thyung', 50708),
(5070818, 'Trapeang Kantuot', 50708),
(5070901, 'Prey Sya', 50709),
(5070902, 'Svay Ta Vong', 50709),
(5070903, 'Saen Dei', 50709),
(5070904, 'Srah Srang', 50709),
(5070905, 'Phlov Chruk', 50709),
(5070906, 'Doun Kaev', 50709),
(5070907, 'Tuol Ta Sokh', 50709),
(5070908, 'Prey Rumduol', 50709),
(5070909, 'Trapeang Prei', 50709),
(5070910, 'Traok Veaeng', 50709),
(5070911, 'Trapeang Damrei', 50709),
(5070912, 'Ou Rumchek', 50709),
(5070913, 'Moha Lumpeang Ti Muoy', 50709),
(5070914, 'Tumnob', 50709),
(5070915, 'Thlok Kandal', 50709),
(5070916, 'Samraong Cheung Phnum', 50709),
(5070917, 'Moha Lumpeang Ti Pir', 50709),
(5070918, 'Srae Traok', 50709),
(5070919, 'Veal Vong', 50709),
(5070920, 'Trapeang Kaes', 50709),
(5070921, 'Prey Chreav', 50709),
(5071001, 'Bel', 50710),
(5071002, 'Krang', 50710),
(5071003, 'Kouk Rongieng', 50710),
(5071004, 'Krang Metrei', 50710),
(5071005, 'Ou Snao', 50710),
(5071006, 'Svay Dangkum', 50710),
(5071007, 'Doun At', 50710),
(5071008, 'Krang Kruoch', 50710),
(5071009, 'Krang Tralach', 50710),
(5071010, 'Prey Pongro', 50710),
(5071011, 'Trapeang Angk', 50710),
(5071012, 'Anlong Snao', 50710),
(5071013, 'Reung Peung', 50710),
(5071014, 'Krang Ampil', 50710),
(5071015, 'Trapeang Srang', 50710),
(5071016, 'Tuek Lich', 50710),
(5071017, 'Prey Beng', 50710),
(5071018, 'Prey Trach', 50710),
(5071019, 'Trapeang Ta Luong', 50710),
(5071020, 'Prey Rongieng', 50710),
(5071021, 'Tonloab', 50710),
(5071101, 'Andoung Sla', 50711),
(5071102, 'Anlong Thomm', 50711),
(5071103, 'Krang Spueu', 50711),
(5071104, 'Samret', 50711),
(5071105, 'Sampan', 50711),
(5071106, 'Thmei', 50711),
(5071107, 'Krang Mkak', 50711),
(5071108, 'Tumpeam', 50711),
(5071109, 'Krues Thum', 50711),
(5071110, 'Tuek Lak', 50711),
(5071111, 'Pongro', 50711),
(5071112, 'Chamkar Slaeng', 50711),
(5071113, 'Phdau Pen', 50711),
(5071114, 'Champei', 50711),
(5071115, 'Angk Ta Mau', 50711),
(5071116, 'Chong Thnal', 50711),
(5071117, 'O koki', 50711),
(5071201, 'Prey Veav', 50712),
(5071202, 'Pongro', 50712),
(5071203, 'Tang Ruessei', 50712),
(5071204, 'Prey Kantrong', 50712),
(5071205, 'Dei Kraham', 50712),
(5071206, 'Prey Kdei', 50712),
(5071207, 'Trapeang Sar', 50712),
(5071208, 'Trapeang Leap', 50712),
(5071209, 'Krang Svay', 50712),
(5071210, 'Cheung Kdei', 50712),
(5071211, 'Thlok Dangkao', 50712),
(5071212, 'Mkak', 50712),
(5071213, 'Chrak Ruessei', 50712),
(5071214, 'Prey Kampok', 50712),
(5071215, 'Prey Pradak', 50712),
(5071216, 'Cheung Phnum', 50712),
(5071217, 'Krang', 50712),
(5071218, 'Mon', 50712),
(5071219, 'Dei La', 50712),
(5071220, 'Srae Traeng', 50712),
(5071221, 'Srei Prasaeur', 50712),
(5071301, 'Thmar Bang', 50713),
(5071302, 'Trakiet', 50713),
(5071303, 'Bak Chenhchien', 50713),
(5071304, 'Lumpeaeng Preah Ream', 50713),
(5071305, 'Ou Krang Ambel', 50713),
(5071306, 'Anlong Kong', 50713),
(5071307, 'Trapeang Khyang', 50713),
(5071308, 'Prey Phdau', 50713),
(5071309, 'Srae Ambel', 50713),
(5071310, 'Banh Kangkaeb', 50713),
(5071311, 'Trapeang Kong', 50713),
(5071312, 'Trapeang Vaeng', 50713),
(5071313, 'Soben', 50713),
(5071314, 'Sangkruoh Cheat', 50713),
(5071315, 'Trapeang Sang Chiek', 50713),
(5071316, 'Trapeang Rokar', 50713),
(5071317, 'Trapeang Ampil', 50713),
(5071318, 'Tuol Prich', 50713),
(5071319, 'Prey Kuy', 50713),
(5071320, 'Thlok', 50713),
(5071321, 'Thma Samlieng', 50713),
(5071322, 'Thkov', 50713),
(5071323, 'Pnov', 50713),
(5071324, 'Samraong', 50713),
(5071325, 'Oknha Tep', 50713),
(5071326, 'Stueng', 50713),
(5071327, 'Kaev Otdom', 50713),
(5071328, 'Rumduol', 50713),
(5071329, 'Prey Sophi', 50713),
(5071401, 'Tang Kumpir', 50714),
(5071402, 'Tumpoar Meas', 50714),
(5071403, 'Krang Sdok', 50714),
(5071404, 'Tuek Soy', 50714),
(5071405, 'Phnhea Aong', 50714),
(5071406, 'Bay Sra', 50714),
(5071407, 'Tang Kantuot', 50714),
(5071408, 'Tang Snao', 50714),
(5071409, 'Haong Khvav', 50714),
(5071410, 'Chrolong Nhous', 50714),
(5071411, 'Kampong Lvea', 50714),
(5071412, 'Peam Khley', 50714),
(5071413, 'Prachiev Bat', 50714),
(5071501, 'Chambak', 50715),
(5071502, 'Voa Sar', 50715),
(5071503, 'Prey Kaoh', 50715),
(5071504, 'Rumloung', 50715),
(5071505, 'Sla', 50715),
(5071506, 'Tbaes', 50715),
(5071507, 'Chamkar Rodth', 50715),
(5071508, 'Chak Kambet', 50715),
(5071509, 'Dak Por', 50715),
(5071510, 'Kouk Pnov', 50715),
(5071511, 'Rumlich Tnaot', 50715),
(5071512, 'Pong Tuek', 50715),
(5071513, 'Trapeang Pou', 50715),
(5071514, 'Ta Koam', 50715),
(5071515, 'Tuol Samnang', 50715),
(5071516, 'Prey Tuol', 50715),
(5071517, 'Kandal', 50715),
(5071518, 'Krang Pongro', 50715),
(5071519, 'Chamkar Bos', 50715),
(5071520, 'Boeng Tonloab', 50715),
(5071521, 'Roka Banh', 50715),
(5071522, 'Trapeang Sangkae', 50715),
(5071523, 'Trapeang Khtum', 50715),
(5080101, 'Thma Kob', 50801),
(5080102, 'Tumneab', 50801),
(5080103, 'Komar Meas', 50801),
(5080104, 'Krang Chambak', 50801),
(5080105, 'Ta Kaong', 50801),
(5080106, 'Thnal Bambaek', 50801),
(5080107, 'Ou Angkum', 50801),
(5080108, 'Krang Doung', 50801),
(5080109, 'Snuol', 50801),
(5080110, 'Kouk', 50801),
(5080111, 'Pis', 50801),
(5080112, 'Preaek', 50801),
(5080113, 'Prey Chrouv', 50801),
(5080114, 'Taing Hoang', 50801),
(5080115, 'Thnal', 50801),
(5080116, 'Taing Samrong', 50801),
(5080117, 'Tuek Chenh', 50801),
(5080201, 'Tang Sdok', 50802),
(5080202, 'Monourom', 50802),
(5080203, 'Koul', 50802),
(5080204, 'Thnal', 50802),
(5080205, 'Chrak Khlong', 50802),
(5080206, 'Tang Roleang', 50802),
(5080207, 'Chambak Phaem', 50802),
(5080208, 'Veal Pon', 50802),
(5080209, 'Champear', 50802),
(5080210, 'Ta Mom', 50802),
(5080401, 'Prey Veaeng', 50804),
(5080402, 'La', 50804),
(5080403, 'Tang Pou', 50804),
(5080404, 'Tbaeng Prachoab', 50804),
(5080405, 'Trapeang Traok', 50804),
(5080406, 'Tranh Veaeng', 50804),
(5080407, 'Chambak Thum', 50804),
(5080408, 'Doun Tip', 50804),
(5080409, 'Trapeang Kraeunh', 50804),
(5080410, 'Anlong Chrey', 50804),
(5080411, 'Thnal Kaeng', 50804),
(5080412, 'Thnal Totueng', 50804),
(5080501, 'Keammoni', 50805),
(5080502, 'Trapeang Trabaek', 50805),
(5080503, 'Tuek Long Ti Muoy', 50805),
(5080504, 'Tuek Long Ti Pir', 50805),
(5080505, 'Tbaeng', 50805),
(5080506, 'Angk', 50805),
(5080507, 'Thmei', 50805),
(5080508, 'Roleang Thlaeung', 50805),
(5080509, 'Chambak Sar', 50805),
(5080510, 'Krang Ta Char', 50805),
(5080601, 'Svay Prey', 50806),
(5080602, 'Prey Samraong', 50806),
(5080603, 'Trapeang Dang Tuek', 50806),
(5080604, 'Anhaseh', 50806),
(5080605, 'Sdau Vossa', 50806),
(5080606, 'Srae Andoung', 50806),
(5080607, 'Ou Snuol', 50806),
(5080701, 'Ou Krasar', 50807),
(5080702, 'Dom Khvet', 50807),
(5080703, 'Tep Phirum', 50807),
(5080704, 'Totueng Thngai', 50807),
(5080705, 'Banteay Lveu', 50807),
(5080706, 'Kanthoam', 50807),
(5080707, 'Ream Kandal', 50807),
(5080708, 'Tang Banteay', 50807),
(5080709, 'Ampil Kdar', 50807),
(5080710, 'Prey Mich', 50807),
(5080711, 'Sya', 50807),
(5080712, 'Prey Mich 1', 50807),
(5080713, 'Tevea Mean Chey', 50807),
(5080801, 'Lvea Te', 50808),
(5080802, 'Thmei Chongruk', 50808),
(5080803, 'Svay', 50808),
(5080804, 'Prey Thum', 50808),
(5080805, 'Tuol Thmei', 50808),
(5080806, 'Traok Leak', 50808),
(5080807, 'Roleang Baeng', 50808),
(5080808, 'Krang Rumpeak', 50808),
(5080809, 'Prey Tituy', 50808),
(5080810, 'Peanich', 50808),
(5080811, 'Rumchek', 50808),
(5080812, 'Prich Khpos', 50808),
(5080813, 'Kraviek', 50808),
(5080814, 'Sya', 50808);

/*!40101 SET CHARACTER_SET_CLIENT=@OLD_CHARACTER_SET_CLIENT */;
/*!40101 SET CHARACTER_SET_RESULTS=@OLD_CHARACTER_SET_RESULTS */;
/*!40101 SET COLLATION_CONNECTION=@OLD_COLLATION_CONNECTION */;
