CREATE TABLE IF NOT EXISTS `op_communes` (
  `id` int(20) NOT NULL,
  `name` text,
  `district_id` int(20) DEFAULT NULL,
  PRIMARY KEY (`id`),
  KEY `FK_tcommune` (`district_id`)
) ENGINE=InnoDB DEFAULT CHARSET=utf8;

--
-- Dumping data for table `op_communes`
--

INSERT INTO `op_communes` (`id`, `name`, `district_id`) VALUES
(120101, 'Tonle Basak', 1201),
(120102, 'Boeng Keng Kang Ti Muoy', 1201),
(120103, 'Boeng Keng Kang Ti Pir', 1201),
(120104, 'Boeng Keng Kang Ti Bei', 1201),
(120105, 'Olympic', 1201),
(120106, 'Tuol Svay Prey Ti Muoy', 1201),
(120107, 'Tuol Svay Prey Ti Pir', 1201),
(120108, 'Tumnob Tuek', 1201),
(120109, 'Tuol Tumpung Ti Pir', 1201),
(120110, 'Tuol Tumpung Ti Muoy', 1201),
(120111, 'Boeng Trabaek', 1201),
(120112, 'Phsar Daeum Thkov', 1201),
(120201, 'Phsar Thmei Ti Muoy', 1202),
(120202, 'Phsar Thmei Ti Pir', 1202),
(120203, 'Phsar Thmei Ti Bei', 1202),
(120204, 'Boeng Reang', 1202),
(120205, 'Phsar Kandal Ti Muoy', 1202),
(120206, 'Phsar Kandal Ti Pir', 1202),
(120207, 'Chakto Mukh', 1202),
(120208, 'Chey Chummeah', 1202),
(120209, 'Phsar Chas', 1202),
(120210, 'Srah Chak', 1202),
(120211, 'Voat Phnum', 1202),
(120301, 'Ou Ruessei Ti Muoy', 1203),
(120302, 'Ou Ruessei Ti Pir', 1203),
(120303, 'Ou Ruessei Ti Bei', 1203),
(120304, 'Ou Ruessei Ti Buon', 1203),
(120305, 'Monourom', 1203),
(120306, 'Mittapheap', 1203),
(120307, 'Veal Vong', 1203),
(120308, 'Boeng Proluet', 1203),
(120401, 'Phsar Depou Ti Muoy', 1204),
(120402, 'Phsar Depou Ti Pir', 1204),
(120403, 'Phsar Depou Ti Bei', 1204),
(120404, 'Tuek Lak Ti Muoy', 1204),
(120405, 'Tuek Lak Ti Pir', 1204),
(120406, 'Tuek Lak Ti Bei', 1204),
(120407, 'Boeng Kak Ti Muoy', 1204),
(120408, 'Boeng Kak Ti Pir', 1204),
(120409, 'Phsar Daeum Kor', 1204),
(120410, 'Boeng Salang', 1204),
(120501, 'Dangkao', 1205),
(120507, 'Pong Tuek', 1205),
(120508, 'Prey Veaeng', 1205),
(120510, 'Prey Sa', 1205),
(120512, 'Krang Pongro', 1205),
(120513, 'Prateah Lang', 1205),
(120514, 'Sak Sampov', 1205),
(120515, 'Cheung Aek', 1205),
(120516, 'Kong Noy', 1205),
(120517, 'Preaek Kampues', 1205),
(120518, 'Roluos', 1205),
(120519, 'Spean Thma', 1205),
(120520, 'Tien', 1205),
(120601, 'Stueng Mean chey', 1206),
(120602, 'Boeng Tumpun', 1206),
(120606, 'Chak Angrae Leu', 1206),
(120607, 'Chak Angrae Kraom', 1206),
(120702, 'Tuol Sangke', 1207),
(120703, 'Svay Pak', 1207),
(120704, 'Kilomaetr Lekh Prammuoy', 1207),
(120706, 'Ruessei Kaev', 1207),
(120711, 'Chrang Chamreh Ti Muoy', 1207),
(120712, 'Chrang Chamreh Ti Pir', 1207),
(120801, 'Phnom Penh Thmei', 1208),
(120802, 'Tuek Thla', 1208),
(120803, 'Khmuonh', 1208),
(120807, 'Krang Thnong', 1208),
(120901, 'Trapeang Krasang', 1209),
(120903, 'Phleung Chheh Roteh', 1209),
(120904, 'Chaom Chau', 1209),
(120905, 'Kakab', 1209),
(120906, 'Samraong Kraom', 1209),
(120908, 'Boeng Thum', 1209),
(120909, 'Kamboul', 1209),
(120910, 'Kantaok', 1209),
(120911, 'Ovlaok', 1209),
(120913, 'Snaor', 1209),
(121001, 'Chrouy Changvar', 1210),
(121002, 'Preaek Lieb', 1210),
(121003, 'Preaek Ta Sek', 1210),
(121004, 'Kaoh Dach', 1210),
(121005, 'Bak Kaeng', 1210),
(121101, 'Preaek Phnov', 1211),
(121102, 'Ponhea Pon', 1211),
(121103, 'Samraong', 1211),
(121104, 'Kouk Roka', 1211),
(121105, 'Ponsang', 1211),
(121201, 'Chhbar Ampov Ti Muoy', 1212),
(121202, 'Chbar Ampov Ti Pir', 1212),
(121203, 'Nirouth', 1212),
(121204, 'Preaek Pra', 1212),
(121205, 'Veal Sbov', 1212),
(121206, 'Preaek Aeng', 1212),
(121207, 'Kbal Kaoh', 1212),
(121208, 'Preaek Thmei', 1212);

-- --------------------------------------------------------

--
-- Table structure for table `op_districts`
--

CREATE TABLE IF NOT EXISTS `op_districts` (
  `id` int(20) NOT NULL,
  `name` text,
  `provinces_id` int(20) DEFAULT NULL,
  PRIMARY KEY (`id`),
  KEY `FK_tdistrict` (`provinces_id`)
) ENGINE=InnoDB DEFAULT CHARSET=utf8;

--
-- Dumping data for table `op_districts`
--

INSERT INTO `op_districts` (`id`, `name`, `provinces_id`) VALUES
(1201, 'Chamkar Mon', 12),
(1202, 'Doun Penh', 12),
(1203, 'Prampir Meakkakra', 12),
(1204, 'Tuol Kouk', 12),
(1205, 'Dangkao', 12),
(1206, 'Mean Chey', 12),
(1207, 'Russey Keo', 12),
(1208, 'Saensokh', 12),
(1209, 'Pur SenChey', 12),
(1210, 'Chraoy Chongvar', 12),
(1211, 'Praek Pnov', 12),
(1212, 'Chbar Ampov', 12);

-- --------------------------------------------------------

--
-- Table structure for table `op_provinces`
--

CREATE TABLE IF NOT EXISTS `op_provinces` (
  `id` varchar(20) NOT NULL,
  `name` text,
  PRIMARY KEY (`id`)
) ENGINE=InnoDB DEFAULT CHARSET=utf8;

--
-- Dumping data for table `op_provinces`
--

INSERT INTO `op_provinces` (`id`, `name`) VALUES
('12', 'Phnom Penh');

-- --------------------------------------------------------

--
-- Table structure for table `op_villages`
--

CREATE TABLE IF NOT EXISTS `op_villages` (
  `id` int(20) NOT NULL,
  `name` text NOT NULL,
  `commune_id` int(20) NOT NULL
) ENGINE=InnoDB DEFAULT CHARSET=latin1;

--
-- Dumping data for table `op_villages`
--

INSERT INTO `op_villages` (`id`, `name`, `commune_id`) VALUES
(12010101, 'Phum 1', 120101),
(12010102, 'Phum 2', 120101),
(12010103, 'Phum 3', 120101),
(12010104, 'Phum 4', 120101),
(12010105, 'Phum 5', 120101),
(12010106, 'Phum 6', 120101),
(12010107, 'Phum 7', 120101),
(12010108, 'Phum 8', 120101),
(12010109, 'Phum 9', 120101),
(12010110, 'Phum 10', 120101),
(12010111, 'Phum 11', 120101),
(12010112, 'Phum 12', 120101),
(12010113, 'Phum 13', 120101),
(12010114, 'Phum 14', 120101),
(12010115, 'Phum 15', 120101),
(12010116, 'Phum 16', 120101),
(12010201, 'Phum 1', 120102),
(12010202, 'Phum 2', 120102),
(12010203, 'Phum 3', 120102),
(12010204, 'Phum 4', 120102),
(12010205, 'Phum 5', 120102),
(12010206, 'Phum 6', 120102),
(12010207, 'Phum 7', 120102),
(12010208, 'Phum 8', 120102),
(12010209, 'Phum 9', 120102),
(12010301, 'Phum 1', 120103),
(12010302, 'Phum 2', 120103),
(12010303, 'Phum 3', 120103),
(12010304, 'Phum 4', 120103),
(12010305, 'Phum 5', 120103),
(12010306, 'Phum 6', 120103),
(12010307, 'Phum 7', 120103),
(12010308, 'Phum 8', 120103),
(12010309, 'Phum 9', 120103),
(12010401, 'Phum 1', 120104),
(12010402, 'Phum 2', 120104),
(12010403, 'Phum 3', 120104),
(12010404, 'Phum 4', 120104),
(12010405, 'Phum 5', 120104),
(12010406, 'Phum 6', 120104),
(12010407, 'Phum 7', 120104),
(12010408, 'Phum 8', 120104),
(12010409, 'Phum 9', 120104),
(12010501, 'Phum 1', 120105),
(12010502, 'Phum 2', 120105),
(12010503, 'Phum 3', 120105),
(12010504, 'Phum 4', 120105),
(12010505, 'Phum 5', 120105),
(12010601, 'Phum 1', 120106),
(12010602, 'Phum 2', 120106),
(12010603, 'Phum 3', 120106),
(12010604, 'Phum 4', 120106),
(12010605, 'Phum 5', 120106),
(12010606, 'Phum 6', 120106),
(12010607, 'Phum 7', 120106),
(12010701, 'Phum 1', 120107),
(12010702, 'Phum 2', 120107),
(12010703, 'Phum 3', 120107),
(12010704, 'Phum 4', 120107),
(12010705, 'Phum 5', 120107),
(12010706, 'Phum 6', 120107),
(12010707, 'Phum 7', 120107),
(12010708, 'Phum 8', 120107),
(12010709, 'Phum 9', 120107),
(12010710, 'Phum 10', 120107),
(12010711, 'Phum 11', 120107),
(12010801, 'Phum 1', 120108),
(12010802, 'Phum 2', 120108),
(12010803, 'Phum 3', 120108),
(12010804, 'Phum 4', 120108),
(12010805, 'Phum 5', 120108),
(12010901, 'Phum 1', 120109),
(12010902, 'Phum 2', 120109),
(12010903, 'Phum 3', 120109),
(12010904, 'Phum 4', 120109),
(12011001, 'Phum 1', 120110),
(12011002, 'Phum 2', 120110),
(12011003, 'Phum 3', 120110),
(12011004, 'Phum 4', 120110),
(12011005, 'Phum 5', 120110),
(12011101, 'Phum 1', 120111),
(12011102, 'Phum 2', 120111),
(12011103, 'Phum 3', 120111),
(12011104, 'Phum 4', 120111),
(12011105, 'Phum 5', 120111),
(12011106, 'Phum 6', 120111),
(12011107, 'Phum 7', 120111),
(12011108, 'Phum 8', 120111),
(12011201, 'Phum 1', 120112),
(12011202, 'Phum 2', 120112),
(12011203, 'Phum 3', 120112),
(12011204, 'Phum 4', 120112),
(12011205, 'Phum 5', 120112),
(12011206, 'Phum 6', 120112),
(12011207, 'Phum 7', 120112),
(12020101, 'Phum 1', 120201),
(12020102, 'Phum 2', 120201),
(12020103, 'Phum 3', 120201),
(12020104, 'Phum 4', 120201),
(12020105, 'Phum 5', 120201),
(12020106, 'Phum 6', 120201),
(12020107, 'Phum 7', 120201),
(12020108, 'Phum 8', 120201),
(12020109, 'Phum 9', 120201),
(12020110, 'Phum 10', 120201),
(12020111, 'Phum 11', 120201),
(12020201, 'Phum 1', 120202),
(12020202, 'Phum 2', 120202),
(12020203, 'Phum 3', 120202),
(12020204, 'Phum 4', 120202),
(12020205, 'Phum 5', 120202),
(12020206, 'Phum 6', 120202),
(12020207, 'Phum 7', 120202),
(12020208, 'Phum 8', 120202),
(12020209, 'Phum 9', 120202),
(12020301, 'Phum 1', 120203),
(12020302, 'Phum 2', 120203),
(12020303, 'Phum 3', 120203),
(12020304, 'Phum 4', 120203),
(12020305, 'Phum 5', 120203),
(12020306, 'Phum 6', 120203),
(12020307, 'Phum 7', 120203),
(12020308, 'Phum 8', 120203),
(12020309, 'Phum 9', 120203),
(12020310, 'Phum 10', 120203),
(12020311, 'Phum 11', 120203),
(12020312, 'Phum 12', 120203),
(12020313, 'Phum 13', 120203),
(12020314, 'Phum 14', 120203),
(12020401, 'Phum 1', 120204),
(12020402, 'Phum 2', 120204),
(12020403, 'Phum 3', 120204),
(12020404, 'Phum 4', 120204),
(12020405, 'Phum 5', 120204),
(12020406, 'Phum 6', 120204),
(12020407, 'Phum 7', 120204),
(12020408, 'Phum 8', 120204),
(12020409, 'Phum 9', 120204),
(12020410, 'Phum 10', 120204),
(12020501, 'Phum 1', 120205),
(12020502, 'Phum 2', 120205),
(12020503, 'Phum 3', 120205),
(12020504, 'Phum 4', 120205),
(12020505, 'Phum 5', 120205),
(12020506, 'Phum 6', 120205),
(12020507, 'Phum 7', 120205),
(12020508, 'Phum 8', 120205),
(12020509, 'Phum 9', 120205),
(12020510, 'Phum 10', 120205),
(12020511, 'Phum 11', 120205),
(12020512, 'Phum 12', 120205),
(12020513, 'Phum 13', 120205),
(12020514, 'Phum 14', 120205),
(12020515, 'Phum 15', 120205),
(12020516, 'Phum 16', 120205),
(12020601, 'Phum 1', 120206),
(12020602, 'Phum 2', 120206),
(12020603, 'Phum 3', 120206),
(12020604, 'Phum 4', 120206),
(12020605, 'Phum 5', 120206),
(12020606, 'Phum 6', 120206),
(12020607, 'Phum 7', 120206),
(12020608, 'Phum 8', 120206),
(12020609, 'Phum 9', 120206),
(12020610, 'Phum 10', 120206),
(12020611, 'Phum 11', 120206),
(12020701, 'Phum 1', 120207),
(12020702, 'Phum 2', 120207),
(12020703, 'Phum 3', 120207),
(12020704, 'Phum 4', 120207),
(12020705, 'Phum 5', 120207),
(12020706, 'Phum 6', 120207),
(12020707, 'Phum 7', 120207),
(12020708, 'Phum 8', 120207),
(12020801, 'Phum 1', 120208),
(12020802, 'Phum 2', 120208),
(12020803, 'Phum 3', 120208),
(12020804, 'Phum 4', 120208),
(12020805, 'Phum 5', 120208),
(12020806, 'Phum 6', 120208),
(12020807, 'Phum 7', 120208),
(12020808, 'Phum 8', 120208),
(12020809, 'Phum 9', 120208),
(12020810, 'Phum 10', 120208),
(12020811, 'Phum 11', 120208),
(12020901, 'Phum 1', 120209),
(12020902, 'Phum 2', 120209),
(12020903, 'Phum 3', 120209),
(12020904, 'Phum 4', 120209),
(12020905, 'Phum 5', 120209),
(12020906, 'Phum 6', 120209),
(12020907, 'Phum 7', 120209),
(12020908, 'Phum 8', 120209),
(12020909, 'Phum 9', 120209),
(12020910, 'Phum 10', 120209),
(12021001, 'Phum 1', 120210),
(12021002, 'Phum 2', 120210),
(12021003, 'Phum 3', 120210),
(12021004, 'Phum 4', 120210),
(12021005, 'Phum 5', 120210),
(12021006, 'Phum 6', 120210),
(12021007, 'Phum 7', 120210),
(12021008, 'Phum 8', 120210),
(12021009, 'Phum 9', 120210),
(12021010, 'Phum 10', 120210),
(12021011, 'Phum 11', 120210),
(12021012, 'Phum 12', 120210),
(12021013, 'Phum 13', 120210),
(12021014, 'Phum 14', 120210),
(12021015, 'Phum 15', 120210),
(12021016, 'Phum 16', 120210),
(12021017, 'Phum 17', 120210),
(12021018, 'Phum 18', 120210),
(12021019, 'Phum 19', 120210),
(12021020, 'Phum 20', 120210),
(12021021, 'Phum 21', 120210),
(12021022, 'Phum 22', 120210),
(12021023, 'Phum 23', 120210),
(12021024, 'Phum 24', 120210),
(12021101, 'Phum 1', 120211),
(12021102, 'Phum 2', 120211),
(12021103, 'Phum 3', 120211),
(12021104, 'Phum 4', 120211),
(12021105, 'Phum 5', 120211),
(12021106, 'Phum 6', 120211),
(12021107, 'Phum 7', 120211),
(12021108, 'Phum 8', 120211),
(12021109, 'Phum 9', 120211),
(12021110, 'Phum 10', 120211),
(12030101, 'Phum 1', 120301),
(12030102, 'Phum 2', 120301),
(12030103, 'Phum 3', 120301),
(12030104, 'Phum 4', 120301),
(12030105, 'Phum 5', 120301),
(12030106, 'Phum 6', 120301),
(12030201, 'Phum 1', 120302),
(12030202, 'Phum 2', 120302),
(12030203, 'Phum 3', 120302),
(12030204, 'Phum 4', 120302),
(12030205, 'Phum 5', 120302),
(12030206, 'Phum 6', 120302),
(12030207, 'Phum 7', 120302),
(12030208, 'Phum 8', 120302),
(12030209, 'Phum 9', 120302),
(12030301, 'Phum 1', 120303),
(12030302, 'Phum 2', 120303),
(12030303, 'Phum 3', 120303),
(12030304, 'Phum 4', 120303),
(12030305, 'Phum 5', 120303),
(12030306, 'Phum 6', 120303),
(12030401, 'Phum 1', 120304),
(12030402, 'Phum 2', 120304),
(12030403, 'Phum 3', 120304),
(12030404, 'Phum 4', 120304),
(12030405, 'Phum 5', 120304),
(12030406, 'Phum 6', 120304),
(12030407, 'Phum 7', 120304),
(12030408, 'Phum 8', 120304),
(12030501, 'Phum 1', 120305),
(12030502, 'Phum 2', 120305),
(12030503, 'Phum 3', 120305),
(12030504, 'Phum 4', 120305),
(12030505, 'Phum 5', 120305),
(12030506, 'Phum 6', 120305),
(12030507, 'Phum 7', 120305),
(12030508, 'Phum 8', 120305),
(12030509, 'Phum 9', 120305),
(12030601, 'Phum 1', 120306),
(12030602, 'Phum 2', 120306),
(12030603, 'Phum 3', 120306),
(12030604, 'Phum 4', 120306),
(12030605, 'Phum 5', 120306),
(12030606, 'Phum 6', 120306),
(12030607, 'Phum 7', 120306),
(12030608, 'Phum 8', 120306),
(12030609, 'Phum 9', 120306),
(12030610, 'Phum 10', 120306),
(12030701, 'Phum 1', 120307),
(12030702, 'Phum 2', 120307),
(12030703, 'Phum 3', 120307),
(12030704, 'Phum 4', 120307),
(12030705, 'Phum 5', 120307),
(12030706, 'Phum 6', 120307),
(12030707, 'Phum 7', 120307),
(12030708, 'Phum 8', 120307),
(12030709, 'Phum 9', 120307),
(12030710, 'Phum 10', 120307),
(12030711, 'Phum 11', 120307),
(12030712, 'Phum 12', 120307),
(12030801, 'Phum 1', 120308),
(12030802, 'Phum 2', 120308),
(12030803, 'Phum 3', 120308),
(12030804, 'Phum 4', 120308),
(12030805, 'Phum 5', 120308),
(12030806, 'Phum 6', 120308),
(12040101, 'Phum 1', 120401),
(12040102, 'Phum 2', 120401),
(12040103, 'Phum 3', 120401),
(12040104, 'Phum 4', 120401),
(12040105, 'Phum 5', 120401),
(12040106, 'Phum 6', 120401),
(12040107, 'Phum 7', 120401),
(12040108, 'Phum 8', 120401),
(12040109, 'Phum 9', 120401),
(12040110, 'Phum 10', 120401),
(12040201, 'Phum 1', 120402),
(12040202, 'Phum 2', 120402),
(12040203, 'Phum 3', 120402),
(12040204, 'Phum 4', 120402),
(12040205, 'Phum 5', 120402),
(12040206, 'Phum 6', 120402),
(12040207, 'Phum 7', 120402),
(12040208, 'Phum 8', 120402),
(12040209, 'Phum 9', 120402),
(12040210, 'Phum 10', 120402),
(12040211, 'Phum 11', 120402),
(12040301, 'Phum 1', 120403),
(12040302, 'Phum 2', 120403),
(12040303, 'Phum 3', 120403),
(12040304, 'Phum 4', 120403),
(12040305, 'Phum 5', 120403),
(12040306, 'Phum 6', 120403),
(12040307, 'Phum 7', 120403),
(12040308, 'Phum 8', 120403),
(12040309, 'Phum 9', 120403),
(12040310, 'Phum 10', 120403),
(12040401, 'Phum 1', 120404),
(12040402, 'Phum 2', 120404),
(12040403, 'Phum 3', 120404),
(12040404, 'Phum 4', 120404),
(12040405, 'Phum 5', 120404),
(12040406, 'Phum 6', 120404),
(12040407, 'Phum 7', 120404),
(12040408, 'Phum 8', 120404),
(12040409, 'Phum 9', 120404),
(12040410, 'Phum 10', 120404),
(12040411, 'Phum 11', 120404),
(12040412, 'Phum 12', 120404),
(12040413, 'Phum 13', 120404),
(12040414, 'Phum 14', 120404),
(12040415, 'Phum 15', 120404),
(12040416, 'Phum 16', 120404),
(12040501, 'Phum 1', 120405),
(12040502, 'Phum 2', 120405),
(12040503, 'Phum 3', 120405),
(12040504, 'Phum 4', 120405),
(12040505, 'Phum 5', 120405),
(12040506, 'Phum 6', 120405),
(12040507, 'Phum 7', 120405),
(12040508, 'Phum 8', 120405),
(12040509, 'Phum 9', 120405),
(12040510, 'Phum 10', 120405),
(12040511, 'Phum 11', 120405),
(12040512, 'Phum 12', 120405),
(12040513, 'Phum 13', 120405),
(12040601, 'Phum 1', 120406),
(12040602, 'Phum 2', 120406),
(12040603, 'Phum 3', 120406),
(12040604, 'Phum 4', 120406),
(12040605, 'Phum 5', 120406),
(12040606, 'Phum 6', 120406),
(12040607, 'Phum 7', 120406),
(12040608, 'Phum 8', 120406),
(12040609, 'Phum 9', 120406),
(12040610, 'Phum 10', 120406),
(12040611, 'Phum 11', 120406),
(12040612, 'Phum 12', 120406),
(12040613, 'Phum 13', 120406),
(12040701, 'Phum 1', 120407),
(12040702, 'Phum 2', 120407),
(12040703, 'Phum 3', 120407),
(12040704, 'Phum 4', 120407),
(12040705, 'Phum 5', 120407),
(12040706, 'Phum 6', 120407),
(12040707, 'Phum 7', 120407),
(12040708, 'Phum 8', 120407),
(12040709, 'Phum 9', 120407),
(12040710, 'Phum 10', 120407),
(12040711, 'Phum 11', 120407),
(12040712, 'Phum 12', 120407),
(12040713, 'Phum 13', 120407),
(12040714, 'Phum 14', 120407),
(12040801, 'Phum 1', 120408),
(12040802, 'Phum 2', 120408),
(12040803, 'Phum 3', 120408),
(12040804, 'Phum 4', 120408),
(12040805, 'Phum 5', 120408),
(12040806, 'Phum 6', 120408),
(12040807, 'Phum 7', 120408),
(12040808, 'Phum 8', 120408),
(12040809, 'Phum 9', 120408),
(12040810, 'Phum 10', 120408),
(12040811, 'Phum 11', 120408),
(12040812, 'Phum 12', 120408),
(12040813, 'Phum 13', 120408),
(12040814, 'Phum 14', 120408),
(12040815, 'Phum 15', 120408),
(12040816, 'Phum 16', 120408),
(12040817, 'Phum 17', 120408),
(12040818, 'Phum 18', 120408),
(12040819, 'Phum 19', 120408),
(12040820, 'Phum 20', 120408),
(12040821, 'Phum 21', 120408),
(12040822, 'Phum 22', 120408),
(12040823, 'Phum 23', 120408),
(12040901, 'Phum 1', 120409),
(12040902, 'Phum 2', 120409),
(12040903, 'Phum 3', 120409),
(12040904, 'Phum 4', 120409),
(12040905, 'Phum 5', 120409),
(12040906, 'Phum 6', 120409),
(12040907, 'Phum 7', 120409),
(12040908, 'Phum 8', 120409),
(12040909, 'Phum 9', 120409),
(12040910, 'Phum 10', 120409),
(12040911, 'Phum 11', 120409),
(12040912, 'Phum 12', 120409),
(12040913, 'Phum 13', 120409),
(12040914, 'Phum 14', 120409),
(12040915, 'Phum 15', 120409),
(12040916, 'Phum 16', 120409),
(12041001, 'Phum 1', 120410),
(12041002, 'Phum 2', 120410),
(12041003, 'Phum 3', 120410),
(12041004, 'Phum 4', 120410),
(12041005, 'Phum 5', 120410),
(12041006, 'Phum 6', 120410),
(12041007, 'Phum 7', 120410),
(12041008, 'Phum 8', 120410),
(12041009, 'Phum 9', 120410),
(12041010, 'Phum 10', 120410),
(12041011, 'Phum 11', 120410),
(12041012, 'Phum 12', 120410),
(12041013, 'Phum 13', 120410),
(12041014, 'Phum 14', 120410),
(12041015, 'Phum 15', 120410),
(12041016, 'Phum 16', 120410),
(12041017, 'Phum 17', 120410),
(12050101, 'Thmei', 120501),
(12050102, 'Baku', 120501),
(12050103, 'Sambuor', 120501),
(12050104, 'Ta Lei', 120501),
(12050105, 'Mol', 120501),
(12050106, 'Khva', 120501),
(12050701, 'Trapeang Tea', 120507),
(12050702, 'Trapeang Kor', 120507),
(12050703, 'Pong Tuek', 120507),
(12050704, 'Voat Slaeng', 120507),
(12050705, 'Srae Nhoar', 120507),
(12050706, 'Khleah Sanday', 120507),
(12050707, 'Prey Kei Kha', 120507),
(12050708, 'Prey Kei Ka', 120507),
(12050709, 'Trang Daok', 120507),
(12050710, 'Trapeang Sala', 120507),
(12050801, 'Prey Veaeng Khang Lech', 120508),
(12050802, 'Prey Veaeng Khang Kaeut', 120508),
(12050803, 'Trapeang Chak', 120508),
(12050804, 'Trapeang Svay', 120508),
(12050805, 'Toap Baoh', 120508),
(12050806, 'Kamrieng', 120508),
(12050807, 'Roul Chruk', 120508),
(12050808, 'Serei Dei Doh', 120508),
(12050809, 'Tuol Sambour', 120508),
(12051001, 'Prey Thum', 120510),
(12051002, 'Prey Sa Khang Kaeut', 120510),
(12051003, 'Prakar', 120510),
(12051004, 'Prey Sa Khang Lech', 120510),
(12051005, 'Prey Tituy', 120510),
(12051006, 'Anlong Kong', 120510),
(12051007, 'Kouk Banteay', 120510),
(12051008, 'Thommeak Trai', 120510),
(12051009, 'Peam', 120510),
(12051010, 'Mphey Buon', 120510),
(12051011, 'Anlong Kong Thmei', 120510),
(12051012, 'Tuol Roka Koh', 120510),
(12051201, 'Krang Svay', 120512),
(12051202, 'Krang Pongro', 120512),
(12051203, 'Tuek Thla', 120512),
(12051204, 'Prey Sampoar', 120512),
(12051301, 'Prateah Lang', 120513),
(12051302, 'Phea', 120513),
(12051303, 'Angk', 120513),
(12051304, 'Tang Roneam', 120513),
(12051305, 'Kouk Khsach', 120513),
(12051306, 'Kouk Meas', 120513),
(12051401, 'Pou Rolum', 120514),
(12051402, 'Khvet', 120514),
(12051403, 'Krang Ta Phou', 120514),
(12051404, 'Kamraeng', 120514),
(12051405, 'Sambuor', 120514),
(12051406, 'Sak Sampov', 120514),
(12051407, 'Peaream', 120514),
(12051501, 'Cheung Aek', 120515),
(12051502, 'Roluos', 120515),
(12051503, 'Srok Chek', 120515),
(12051504, 'Preaek Pranak', 120515),
(12051505, 'Preaek Thloeng', 120515),
(12051506, 'Bourei Kameakkar', 120515),
(12051601, 'Kong Noy', 120516),
(12051602, 'Veal Thlan', 120516),
(12051603, 'Serei Sambatt', 120516),
(12051604, 'Trapeang Samret', 120516),
(12051701, 'Preaek Kampues', 120517),
(12051702, 'Preaek Roteang', 120517),
(12051703, 'Preaek Thloeng', 120517),
(12051704, 'Damnak Sangkae', 120517),
(12051705, 'Srei Snam', 120517),
(12051706, 'Krang Svay', 120517),
(12051801, 'Krapeu Troum', 120518),
(12051802, 'Preah Theat', 120518),
(12051803, 'Kandal', 120518),
(12051901, 'Anhchanh', 120519),
(12051902, 'Kouk Ovloek', 120519),
(12051903, 'Meun Tra', 120519),
(12051904, 'Spean Thma', 120519),
(12051905, 'Svay Mean Leak', 120519),
(12051906, 'Phum Ha', 120519),
(12051907, 'Doung', 120519),
(12051908, 'Preaek Chrey', 120519),
(12052001, 'Krang Krouch', 120520),
(12052002, 'Thmei', 120520),
(12052003, 'Thma', 120520),
(12052004, 'Kantuy Tuek', 120520),
(12052005, 'Sala', 120520),
(12052006, 'Krang', 120520),
(12060101, 'Ruessei', 120601),
(12060102, 'Thmei', 120601),
(12060103, 'Trea', 120601),
(12060104, 'Mean Chey', 120601),
(12060105, 'Phneat', 120601),
(12060106, 'Prek Toal', 120601),
(12060107, 'Damnak Thum', 120601),
(12060108, 'Russey Muoy', 120601),
(12060109, 'Trea Muoy', 120601),
(12060110, 'Trea Pir', 120601),
(12060111, 'Trea Bei', 120601),
(12060112, 'Trea Buon', 120601),
(12060113, 'Mean Chey Muoy', 120601),
(12060114, 'Damnak Thum Muoy', 120601),
(12060115, 'Damnak Thum Pir', 120601),
(12060116, 'Damnak Thum Bei', 120601),
(12060201, 'Chamraeun Phal', 120602),
(12060202, 'Sansam Kosal Muoy', 120602),
(12060203, 'Sansam Kosal Pir', 120602),
(12060204, 'Kbal Tumnob', 120602),
(12060205, 'Tnaot Chrum', 120602),
(12060206, 'Sansam Kosal 3', 120602),
(12060207, 'Sansam Kosal 4', 120602),
(12060208, 'Sansam Kosal 5', 120602),
(12060209, 'Chamroeunphal Muoy', 120602),
(12060210, 'Kbal Tumnub Muoy', 120602),
(12060211, 'Kbal Tumnub Pir', 120602),
(12060212, 'Tnaot Chrum Muoy', 120602),
(12060213, 'Tnaot Chrum Pir', 120602),
(12060214, 'Tnaot Chrum Bei', 120602),
(12060215, 'Tnaot Chrum Boun', 120602),
(12060601, 'Prek Ta Kong', 120606),
(12060602, 'Prek Ta Nu', 120606),
(12060603, 'Prek Ta Kong I', 120606),
(12060604, 'Prek Ta Kong II', 120606),
(12060605, 'Prek Ta Kong III', 120606),
(12060606, 'Preaek Ta Nu I', 120606),
(12060607, 'Preaek Ta Nu II', 120606),
(12060701, 'Tuol Roka', 120607),
(12060702, 'Preaek Ta Long', 120607),
(12060703, 'Tuol Roka Muoy', 120607),
(12060704, 'Tuol Roka Pir', 120607),
(12060705, 'Tuol Roka Bei', 120607),
(12060706, 'Preaek Ta Long Muoy', 120607),
(12060707, 'Preaek Ta Long II', 120607),
(12060708, 'Preaek Ta Long III', 120607),
(12070201, 'Phsar Toch', 120702),
(12070202, 'Toul sangke', 120702),
(12070203, 'Tuol Kok', 120702),
(12070301, 'La Kambaor', 120703),
(12070302, 'Lu', 120703),
(12070303, 'Svay Pak', 120703),
(12070401, 'Kraol Kou', 120704),
(12070402, 'Spean Khpos', 120704),
(12070403, 'Boeng Chhuk', 120704),
(12070601, 'Mittakpheap', 120706),
(12070602, 'Sameakki', 120706),
(12070603, 'Khleang Sang', 120706),
(12070604, 'Boeng Salang', 120706),
(12071101, 'Phum 1', 120711),
(12071102, 'Phum 2', 120711),
(12071103, 'Phum 3', 120711),
(12071104, 'Phum 4', 120711),
(12071201, 'Phum Ka', 120712),
(12071202, 'Phum Kha Muoy', 120712),
(12071203, 'Phum Kha Pir', 120712),
(12071204, 'Phum Kho', 120712),
(12080101, 'Chres', 120801),
(12080102, 'Poung Peay', 120801),
(12080103, 'Damnak', 120801),
(12080104, 'Bayab', 120801),
(12080105, 'Phnom Penh Thmei', 120801),
(12080106, 'Roung Chakr', 120801),
(12080107, 'Tumnob', 120801),
(12080108, 'Dei Thmei', 120801),
(12080109, 'Kouk Khleang', 120801),
(12080110, 'Trapeang Svay', 120801),
(12080201, 'Ou Baek Kam', 120802),
(12080202, 'Trapeang Chhuk', 120802),
(12080203, 'Slaeng Roleung', 120802),
(12080204, 'Phsar Tuek Thla', 120802),
(12080205, 'Se Pe Se', 120802),
(12080206, 'Bourei Muoy Roy Khnang', 120802),
(12080207, 'Chong Thnal Khang Kaeut', 120802),
(12080208, 'Chong Thnal Khang Lech', 120802),
(12080209, 'Tuek Thla', 120802),
(12080301, 'Anlong Kngan', 120803),
(12080302, 'Banla Set', 120803),
(12080303, 'Samraong', 120803),
(12080304, 'Anlong Kngan', 120803),
(12080305, 'Trapeang Reang', 120803),
(12080306, 'Saen Sokh Ti Muoy', 120803),
(12080307, 'Saen Sokh Ti Pir', 120803),
(12080308, 'Saen Sokh Ti Bei', 120803),
(12080309, 'Saen Sokh Ti Buon', 120803),
(12080310, 'Seaen Sokh Ti Pram', 120803),
(12080311, 'Saen Sokh Ti Prammuoy', 120803),
(12080312, 'Saen Sokh Ti Prampir', 120803),
(12080313, 'Trapeang Reang Thmei', 120803),
(12080701, 'Krang Angkrang', 120807),
(12080702, 'Trapeang Mean', 120807),
(12080703, 'Cheang Tong', 120807),
(12080704, 'Trapeang Cheung Srok', 120807),
(12080705, 'Prey Khla', 120807),
(12080706, 'Samraong Teav', 120807),
(12080707, 'Prey Mul', 120807),
(12080708, 'Vimean Trong', 120807),
(12090101, 'Aksar', 120901),
(12090102, 'Krang', 120901),
(12090103, 'Trapaang Andoung', 120901),
(12090104, 'Prey Doun Ok', 120901),
(12090105, 'Trapeang Tea', 120901),
(12090106, 'Trapeang Anhchanh', 120901),
(12090107, 'Chongruk', 120901),
(12090108, 'Veal', 120901),
(12090109, 'Khvae', 120901),
(12090110, 'Trapeang Krasang', 120901),
(12090111, 'Sameakki 1', 120901),
(12090112, 'Sameakki 2', 120901),
(12090113, 'Sameakki 3', 120901),
(12090301, 'Tuol Kei', 120903),
(12090302, 'Kab Phluk', 120903),
(12090303, 'Prey Rongieng', 120903),
(12090304, 'Tranh Tabanh', 120903),
(12090305, 'Phleung Chheh Roteh Lech', 120903),
(12090306, 'Phleung Chheh Roteh  Keut', 120903),
(12090307, 'Kouk Khsach', 120903),
(12090308, 'Prey Kei', 120903),
(12090401, 'Trapeang Pou', 120904),
(12090402, 'Damnak Trayueng', 120904),
(12090403, 'Kab Kong', 120904),
(12090404, 'Prey Kambot', 120904),
(12090405, 'Prey Spueu', 120904),
(12090406, 'Thma Koul', 120904),
(12090407, 'Prey Lngor', 120904),
(12090408, 'Kouk Chambak', 120904),
(12090409, 'Prey Pring Khang Tboung', 120904),
(12090410, 'Prey Pring Khang Cheung', 120904),
(12090411, 'Tuol Pongro', 120904),
(12090412, 'Chaom Chau', 120904),
(12090413, 'Thnal Bambaek', 120904),
(12090414, 'Prey Tea', 120904),
(12090415, 'Trapeang Rumchek', 120904),
(12090416, 'Krang Doun Tey', 120904),
(12090417, 'Srae Chumrov', 120904),
(12090418, 'Chrey Kaong', 120904),
(12090419, 'Prey Chi Sak', 120904),
(12090420, 'Chumpu Voan', 120904),
(12090421, 'Trapeang Thloeng', 120904),
(12090422, 'Lvea', 120904),
(12090423, 'Prey Sandaek', 120904),
(12090424, 'Angk', 120904),
(12090425, 'Ou Dem', 120904),
(12090426, 'Angk  Kaev', 120904),
(12090427, 'Prey Svay', 120904),
(12090501, 'Kbal Damrei', 120905),
(12090502, 'Prey Sala', 120905),
(12090503, 'Kakab', 120905),
(12090504, 'Trapeang Chrey', 120905),
(12090505, 'Chamkar Ovloek', 120905),
(12090506, 'Trapeang Lvea', 120905),
(12090507, 'Ta Nguon', 120905),
(12090508, 'Paprak Khang Tboung', 120905),
(12090509, 'Paprak Khang Cheung', 120905),
(12090601, 'Chamkar Sbaeng', 120906),
(12090602, 'Trapeang Thnong', 120906),
(12090603, 'Kouk Prich', 120906),
(12090604, 'Tekapanhao', 120906),
(12090605, 'Samraong', 120906),
(12090606, 'Chaeng Maeng', 120906),
(12090607, 'Chak Chruk', 120906),
(12090608, 'Ak Rumduol', 120906),
(12090609, 'Srae Reacheak', 120906),
(12090610, 'Andoung Ta An', 120906),
(12090611, 'Prey Popel', 120906),
(12090801, 'Tmat Pong', 120908),
(12090802, 'Prey Romeas Ti Pir', 120908),
(12090803, 'Prey Romeas Ti Muoy', 120908),
(12090804, 'Ta Chet', 120908),
(12090805, 'Boeng Thum Ti Muoy', 120908),
(12090806, 'Boeng Thum Ti Pir', 120908),
(12090807, 'Boeng Thum Ti Bei', 120908),
(12090808, 'Doun Kok', 120908),
(12090809, 'Khchau', 120908),
(12090810, 'Kngaok', 120908),
(12090811, 'Tuol Svay', 120908),
(12090812, 'Trapeang Krasang', 120908),
(12090813, 'Chambak Ponnoreay', 120908),
(12090814, 'Trapeang Trab', 120908),
(12090815, 'Anlong Svay', 120908),
(12090816, 'Prey Ta Kae', 120908),
(12090901, 'Phsar Kamboul', 120909),
(12090902, 'Ta Ke', 120909),
(12090903, 'Trapeang Tuol', 120909),
(12090904, 'Kamboul', 120909),
(12090905, 'Tuol Ta Lat', 120909),
(12090906, 'Ta Phem', 120909),
(12090907, 'Prey Kod', 120909),
(12090908, 'Ta Sek', 120909),
(12090909, 'Tuol Sama', 120909),
(12090910, 'Ta Nuon', 120909),
(12090911, 'Kab Ambel', 120909),
(12090912, 'Snuol Khpos', 120909),
(12090913, 'Ampil', 120909),
(12090914, 'Treb', 120909),
(12090915, 'Saloung', 120909),
(12090916, 'Chumteav Mau', 120909),
(12090917, 'Angk Boeng Chak', 120909),
(12090918, 'Lech Voat', 120909),
(12091002, 'Thma Da', 120910),
(12091003, 'Trapeang Kol', 120910),
(12091004, 'Snguon Pech', 120910),
(12091005, 'Kantaok Tboung', 120910),
(12091006, 'Kol', 120910),
(12091007, 'Angk Trakiet', 120910),
(12091008, 'Kantaok Cheung', 120910),
(12091009, 'Trapeang Chhuk', 120910),
(12091010, 'Srae Knong', 120910),
(12091012, 'Prey Boeng', 120910),
(12091013, 'Kamrieng', 120910),
(12091015, 'Dambouk Khpos', 120910),
(12091017, 'Tram Sloek', 120910),
(12091101, 'Prey Ta Pok', 120911),
(12091102, 'Trapeang Kak', 120911),
(12091103, 'Angk Slaeng', 120911),
(12091104, 'Doun Roatn', 120911),
(12091105, 'Trapeang Areaks', 120911),
(12091106, 'Trapeang Pou', 120911),
(12091107, 'Boeng Kreul', 120911),
(12091108, 'Chey Chumneah', 120911),
(12091109, 'Boeng Kambaor', 120911),
(12091110, 'Tbaeng Mean Chey', 120911),
(12091111, 'Trang Num', 120911),
(12091112, 'Pongro', 120911),
(12091113, 'Thma', 120911),
(12091114, 'Sameakki Prayutth', 120911),
(12091301, 'Sak Prayutth', 120913),
(12091302, 'Angkor Chey', 120913),
(12091303, 'Srae Ampil', 120913),
(12091304, 'Ta En', 120913),
(12091305, 'Kol Krasna', 120913),
(12091306, 'Prasat', 120913),
(12091307, 'Svay', 120913),
(12091308, 'Snaor Kaeut', 120913),
(12091309, 'Ta Pung', 120913),
(12091310, 'Phlang', 120913),
(12091311, 'Snaor Lech', 120913),
(12091312, 'Pongro', 120913),
(12091313, 'Prey Rueng', 120913),
(12091314, 'Rumduol Cheung', 120913),
(12091315, 'Rumduol Tboung', 120913),
(12091316, 'Tuol Lieb', 120913),
(12091317, 'Prey Kray', 120913),
(12091318, 'Prey Chhuk', 120913),
(12100101, 'Phum 1', 121001),
(12100102, 'Phum 2', 121001),
(12100103, 'Phum 3', 121001),
(12100104, 'Daeum Kor', 121001),
(12100105, 'Kien Khleang', 121001),
(12100201, 'Kien Khleang', 121002),
(12100202, 'Preaek Lieb', 121002),
(12100203, 'Bak Khaeng', 121002),
(12100204, 'Khtor', 121002),
(12100301, 'Preaek Ta Roatn', 121003),
(12100302, 'Preaek Ta Kong', 121003),
(12100303, 'Preaek Reang', 121003),
(12100304, 'Preaek Ta Sek', 121003),
(12100305, 'Daeum Kor', 121003),
(12100401, 'Chong Kaoh', 121004),
(12100402, 'Lvea', 121004),
(12100403, 'Kbal Kaoh', 121004),
(12100404, 'Kaoh Dach', 121004),
(12100405, 'Roneah', 121004),
(12100501, 'Bak Khaeng Leu', 121005),
(12100502, 'Kdei Chas', 121005),
(12100503, 'Chambak Meas', 121005),
(12110101, 'Duong', 121101),
(12110102, 'Pou Mongkol', 121101),
(12110103, 'Preaek Pnov', 121101),
(12110104, 'Phsar Lech', 121101),
(12110105, 'Kandal', 121101),
(12110201, 'Thum Tboung', 121102),
(12110202, 'Thum Cheung', 121102),
(12110203, 'Trapeang Snaor', 121102),
(12110204, 'Boeng', 121102),
(12110205, 'Trapeang Pring', 121102),
(12110206, 'Srae Doun Touch', 121102),
(12110207, 'Prey Pongro', 121102),
(12110208, 'Veaeng', 121102),
(12110301, 'Kruos', 121103),
(12110302, 'Samraong Cheung', 121103),
(12110303, 'Samraong Kandal', 121103),
(12110304, 'Samraong Tboung', 121103),
(12110401, 'Kab Srov Touch', 121104),
(12110402, 'Kab Srov Thum', 121104),
(12110403, 'Svay Chek', 121104),
(12110404, 'Baek Bak', 121104),
(12110405, 'Trapeang Veaeng', 121104),
(12110406, 'Trapeang Pou', 121104),
(12110407, 'Prey Thum', 121104),
(12110408, 'Putrea', 121104),
(12110409, 'Chres', 121104),
(12110410, 'Khmer Leu', 121104),
(12110411, 'Kouk Roka', 121104),
(12110412, 'Thlok', 121104),
(12110413, 'Chumrov', 121104),
(12110414, 'Andoung', 121104),
(12110415, 'Trapeang Sampoar', 121104),
(12110416, 'Angk Ta Kov', 121104),
(12110417, 'Phlu Phaem', 121104),
(12110418, 'Tuol Sampov', 121104),
(12110501, 'Buon Mukh', 121105),
(12110502, 'Trapeang  Ampil', 121105),
(12110503, 'Svay Otdam', 121105),
(12110504, 'Thnal Banteay', 121105),
(12110505, 'Trapeang Totueng', 121105),
(12110506, 'KanTrong', 121105),
(12110507, 'Trapeang Roneam', 121105),
(12110508, 'Daeum Chan', 121105),
(12110509, 'Boeng Pech', 121105),
(12110510, 'Osphea', 121105),
(12110511, 'Ta Kol', 121105),
(12110512, 'Prey Svay', 121105),
(12110513, 'Kaoh Rongieng', 121105),
(12110514, 'Tuol', 121105),
(12110515, 'Tnaot Khpos', 121105),
(12110516, 'Boeng Khnam', 121105),
(12110517, 'Chong Thnal', 121105),
(12110518, 'Kanlaeng Kol', 121105),
(12110519, 'Chambak Thum', 121105),
(12110520, 'Trapeang Thlan', 121105),
(12110521, 'Trapeang Skon', 121105),
(12110522, 'Prey Snuol', 121105),
(12110523, 'Ta Skor', 121105),
(12110524, 'Tuol Ponsang', 121105),
(12120101, 'Preaek', 121201),
(12120102, 'Daeum Meakkloea', 121201),
(12120103, 'Daeum Ampil', 121201),
(12120201, 'Deum Chan', 121202),
(12120202, 'Kandal', 121202),
(12120203, 'Deum Slaeng', 121202),
(12120204, 'Deum Chan I', 121202),
(12120205, 'Kandal I', 121202),
(12120206, 'Deum Slaeng I', 121202),
(12120301, 'Ta Ngov', 121203),
(12120302, 'Boeng Chhuk', 121203),
(12120303, 'Ruessei Sras', 121203),
(12120304, 'Kaoh Norea', 121203),
(12120305, 'Ta Ngov Kandal', 121203),
(12120306, 'Ta Ngov Kraom', 121203),
(12120401, 'Chrouy Basak', 121204),
(12120402, 'Preah Ponlea', 121204),
(12120403, 'Preaek Ta Pov', 121204),
(12120404, 'Ou Andoung', 121204),
(12120405, 'Chrouy Basak Muoy', 121204),
(12120406, 'Ou Andoung Muoy', 121204),
(12120501, 'Kdei Ta Koy', 121205),
(12120502, 'Veal Sbov', 121205),
(12120503, 'Svay Ta Ok', 121205),
(12120504, 'Preaek Cheang Prum', 121205),
(12120505, 'Svay Ta Ok 1', 121205),
(12120601, 'Kbal Chrouy', 121206),
(12120602, 'Ta Prum', 121206),
(12120603, 'Mitakpheap', 121206),
(12120604, 'Tuol Ta Chan', 121206),
(12120605, 'Chong Preaek', 121206),
(12120606, 'Roboah Angkanh', 121206),
(12120607, 'Mitakpheap 1', 121206),
(12120608, 'Chong Preaek 1', 121206),
(12120609, 'Roboah Angkanh 1', 121206),
(12120701, 'Chrouy Ampil', 121207),
(12120702, 'Yok Bat', 121207),
(12120703, 'Preaek Thum', 121207),
(12120704, 'Chrouy Ampil 1', 121207),
(12120705, 'Chrouy Ampil 2', 121207),
(12120706, 'Yok Bat 1', 121207),
(12120707, 'Preaek Thum 1', 121207),
(12120708, 'Preaek Thum 2', 121207),
(12120801, 'Champuh Kaek', 121208),
(12120802, 'Kaoh Krabei', 121208),
(12120803, 'Preaek Thmei', 121208),
(12120804, 'Champuh Kaek 1', 121208),
(12120805, 'Kaoh Krabei 1', 121208),
(12120806, 'Preaek Thmei 1', 121208);

